shift_id,employee_id,site_id,shift_date,clock_in_time,clock_out_time
S100048,E1002,ST-02,2026-06-08,07:00,15:15
S100191,E1005,ST-05,2026-06-08,08:00,16:15
S100355,E1009,ST-02,2026-06-08,08:00,20:15
S100449,E1011,ST-01,2026-06-08,09:30,19:30
S100574,E1014,ST-03,2026-06-08,06:00,17:30
S100607,E1015,ST-05,2026-06-08,08:15,18:30
S100741,E1018,ST-01,2026-06-08,06:00,15:15
S100781,E1019,ST-05,2026-06-08,06:30,15:30
S100826,E1020,ST-03,2026-06-08,08:15,17:30
S100868,E1021,ST-04,2026-06-08,06:00,18:15
S100903,E1022,ST-06,2026-06-08,07:30,17:00
S100948,E1023,ST-01,2026-06-08,06:30,15:45
S100993,E1024,ST-01,2026-06-08,06:30,15:30
S101088,E1026,ST-05,2026-06-08,09:00,21:45
S101125,E1027,ST-06,2026-06-08,08:00,17:15
S101177,E1028,ST-01,2026-06-08,07:30,17:15
S101219,E1029,ST-04,2026-06-08,07:00,15:30
S101321,E1031,ST-05,2026-06-08,08:00,18:15
S101367,E1032,ST-01,2026-06-08,06:15,15:00
S101572,E1037,ST-03,2026-06-08,19:30,08:00
S101740,E1041,ST-03,2026-06-08,06:00,15:45
S101824,E1043,ST-03,2026-06-08,08:00,17:15
S101874,E1044,ST-02,2026-06-08,18:30,06:30
S101917,E1045,ST-05,2026-06-08,08:30,18:30
S101972,E1046,ST-03,2026-06-08,09:30,18:45
S102017,E1047,ST-06,2026-06-08,06:00,15:30
S102059,E1048,ST-01,2026-06-08,07:00,17:15
S102107,E1049,ST-01,2026-06-08,08:00,17:45
S102154,E1050,ST-01,2026-06-08,08:00,20:45
S102190,E1051,ST-06,2026-06-08,08:00,17:45
S102242,E1052,ST-01,2026-06-08,09:30,18:00
S102501,E1058,ST-04,2026-06-08,07:00,15:45
S102549,E1059,ST-05,2026-06-08,08:15,17:45
S102600,E1060,ST-02,2026-06-08,09:15,18:45
S102744,E1063,ST-05,2026-06-08,07:00,15:15
S102792,E1064,ST-04,2026-06-08,08:00,16:00
S102915,E1067,ST-06,2026-06-08,07:00,17:00
S102963,E1068,ST-01,2026-06-08,08:00,18:00
S103010,E1069,ST-05,2026-06-08,07:30,19:00
S103049,E1070,ST-05,2026-06-08,20:00,06:45
S103087,E1071,ST-02,2026-06-08,08:15,19:15
S103136,E1072,ST-06,2026-06-08,06:00,15:30
S103222,E1074,ST-05,2026-06-08,08:15,16:30
S103274,E1075,ST-06,2026-06-08,08:00,17:00
S103325,E1076,ST-03,2026-06-08,06:30,15:15
S103417,E1078,ST-03,2026-06-08,18:15,06:45
S103453,E1079,ST-05,2026-06-08,08:00,17:30
S103546,E1081,ST-04,2026-06-08,18:30,05:45
S103695,E1085,ST-04,2026-06-08,06:00,14:45
S103748,E1086,ST-03,2026-06-08,19:00,06:15
S103837,E1088,ST-05,2026-06-08,06:00,14:15
S103941,E1090,ST-05,2026-06-08,08:15,17:30
S103945,E1091,ST-06,2026-06-08,09:15,19:15
S104004,E1092,ST-04,2026-06-08,08:00,18:30
S104091,E1094,ST-04,2026-06-08,20:00,07:00
S104184,E1096,ST-02,2026-06-08,07:00,15:15
S104237,E1097,ST-02,2026-06-08,08:30,17:45
S104241,E1098,ST-03,2026-06-08,06:00,15:00
S104302,E1099,ST-02,2026-06-08,19:30,07:15
S104350,E1100,ST-06,2026-06-08,09:30,18:30
S104404,E1101,ST-06,2026-06-08,07:15,18:00
S104437,E1102,ST-04,2026-06-08,09:15,17:15
S104572,E1105,ST-04,2026-06-08,08:00,17:00
S104626,E1106,ST-01,2026-06-08,07:00,11:00
S104664,E1107,ST-04,2026-06-08,07:15,17:15
S104713,E1108,ST-06,2026-06-08,06:00,13:45
S104809,E1110,ST-06,2026-06-08,08:15,16:30
S104849,E1111,ST-05,2026-06-08,09:00,18:00
S104985,E1114,ST-01,2026-06-08,08:15,18:30
S105030,E1115,ST-06,2026-06-08,06:00,14:30
S105119,E1117,ST-03,2026-06-08,06:30,17:15
S105161,E1118,ST-03,2026-06-08,08:15,18:00
S105202,E1119,ST-02,2026-06-08,07:30,16:45
S105313,E1121,ST-03,2026-06-08,18:00,06:30
S105355,E1122,ST-03,2026-06-08,08:00,17:15
S105414,E1123,ST-01,2026-06-08,07:00,17:15
S105464,E1124,ST-04,2026-06-08,06:15,14:45
S105510,E1125,ST-05,2026-06-08,08:30,18:45
S105561,E1126,ST-06,2026-06-08,08:30,19:15
S105665,E1129,ST-04,2026-06-08,06:30,16:45
S105760,E1131,ST-01,2026-06-08,08:15,19:00
S105850,E1133,ST-01,2026-06-08,06:00,15:00
S105897,E1134,ST-04,2026-06-08,08:00,16:30
S105942,E1135,ST-05,2026-06-08,06:00,15:15
S106086,E1138,ST-01,2026-06-08,20:00,07:45
S106128,E1139,ST-03,2026-06-08,18:30,06:00
S106285,E1143,ST-02,2026-06-08,08:00,17:15
S106327,E1144,ST-06,2026-06-08,09:30,17:30
S106592,E1151,ST-04,2026-06-08,09:30,18:15
S106644,E1152,ST-06,2026-06-08,06:00,18:00
S106685,E1153,ST-02,2026-06-08,08:30,17:15
S106736,E1154,ST-04,2026-06-08,09:00,18:00
S106784,E1155,ST-03,2026-06-08,08:30,20:45
S106874,E1157,ST-05,2026-06-08,06:00,18:30
S106959,E1159,ST-06,2026-06-08,20:00,08:45
S106999,E1160,ST-01,2026-06-08,07:30,16:45
S107040,E1161,ST-05,2026-06-08,08:00,20:00
S107043,E1161,ST-01,2026-06-08,08:00,12:00
S107083,E1162,ST-03,2026-06-08,07:15,17:15
S107129,E1163,ST-01,2026-06-08,09:30,18:15
S107231,E1165,ST-05,2026-06-08,07:00,17:00
S107281,E1166,ST-06,2026-06-08,06:00,16:00
S107327,E1167,ST-02,2026-06-08,08:00,20:15
S107365,E1168,ST-04,2026-06-08,08:15,18:15
S107460,E1170,ST-05,2026-06-08,06:15,16:00
S107503,E1171,ST-02,2026-06-08,08:30,18:15
S107598,E1173,ST-05,2026-06-08,07:15,16:45
S107696,E1175,ST-03,2026-06-08,06:30,18:00
S107737,E1176,ST-06,2026-06-08,18:00,05:45
S107821,E1178,ST-03,2026-06-08,08:00,17:45
S107873,E1179,ST-05,2026-06-08,07:00,19:30
S107911,E1180,ST-06,2026-06-08,07:15,16:00
S108031,E1183,ST-06,2026-06-08,20:00,06:15
S108074,E1184,ST-06,2026-06-08,18:15,06:00
S108122,E1185,ST-04,2026-06-08,09:00,18:15
S108202,E1187,ST-04,2026-06-08,06:15,15:30
S108254,E1188,ST-02,2026-06-08,06:00,19:00
S108294,E1189,ST-03,2026-06-08,07:15,16:15
S108344,E1190,ST-05,2026-06-08,08:00,19:30
S108384,E1191,ST-01,2026-06-08,08:00,17:00
S108473,E1193,ST-03,2026-06-08,06:15,15:15
S108476,E1194,ST-01,2026-06-08,07:00,15:45
S108620,E1197,ST-02,2026-06-08,08:00,17:30
S108671,E1198,ST-04,2026-06-08,09:00,18:15
S108729,E1199,ST-05,2026-06-08,09:00,16:30
S108781,E1200,ST-04,2026-06-08,09:00,18:15
S108906,E1203,ST-03,2026-06-08,06:15,14:45
S108951,E1204,ST-02,2026-06-08,06:30,15:45
S109001,E1205,ST-02,2026-06-08,09:00,18:00
S109053,E1206,ST-03,2026-06-08,07:00,15:45
S109100,E1207,ST-02,2026-06-08,06:00,15:15
S109142,E1208,ST-01,2026-06-08,06:00,16:15
S109242,E1210,ST-03,2026-06-08,09:00,18:30
S109318,E1212,ST-06,2026-06-08,19:00,06:45
S109359,E1213,ST-03,2026-06-08,06:00,15:15
S100001,E1001,ST-01,2026-06-09,08:00,17:30
S100151,E1004,ST-03,2026-06-09,20:30,08:00
S100192,E1005,ST-05,2026-06-09,09:00,17:45
S100245,E1006,ST-04,2026-06-09,07:15,
S100283,E1007,ST-06,2026-06-09,08:15,20:15
S100319,E1008,ST-03,2026-06-09,09:00,21:30
S100396,E1010,ST-01,2026-06-09,07:15,16:00
S100492,E1012,ST-04,2026-06-09,09:00,18:45
S100575,E1014,ST-03,2026-06-09,08:00,20:00
S100608,E1015,ST-05,2026-06-09,09:00,19:15
S100656,E1016,ST-04,2026-06-09,06:30,15:30
S100706,E1017,ST-05,2026-06-09,09:30,21:30
S100827,E1020,ST-03,2026-06-09,06:15,15:15
S100869,E1021,ST-04,2026-06-09,06:15,18:00
S100904,E1022,ST-06,2026-06-09,08:00,18:30
S101041,E1025,ST-02,2026-06-09,08:15,17:45
S101089,E1026,ST-05,2026-06-09,06:30,18:30
S101126,E1027,ST-06,2026-06-09,08:00,17:30
S101178,E1028,ST-01,2026-06-09,06:00,15:45
S101273,E1030,ST-03,2026-06-09,07:00,
S101322,E1031,ST-05,2026-06-09,08:15,17:45
S101368,E1032,ST-01,2026-06-09,09:00,17:45
S101421,E1033,ST-01,2026-06-09,08:00,16:45
S101468,E1034,ST-02,2026-06-09,06:00,15:00
S101512,E1035,ST-01,2026-06-09,08:00,19:15
S101515,E1036,ST-03,2026-06-09,09:30,20:45
S101573,E1037,ST-03,2026-06-09,20:15,07:15
S101632,E1039,ST-04,2026-06-09,06:30,15:45
S101691,E1040,ST-03,2026-06-09,09:00,18:00
S101918,E1045,ST-05,2026-06-09,08:15,16:30
S101973,E1046,ST-03,2026-06-09,08:00,16:30
S102155,E1050,ST-01,2026-06-09,06:30,17:45
S102191,E1051,ST-06,2026-06-09,08:30,17:15
S102321,E1054,ST-03,2026-06-09,08:00,17:00
S102366,E1055,ST-06,2026-06-09,18:00,06:45
S102405,E1056,ST-03,2026-06-09,08:30,18:15
S102457,E1057,ST-01,2026-06-09,07:00,18:00
S102550,E1059,ST-05,2026-06-09,09:00,18:15
S102648,E1061,ST-02,2026-06-09,06:00,10:00
S102700,E1062,ST-05,2026-06-09,08:00,17:30
S102745,E1063,ST-05,2026-06-09,06:00,16:30
S102834,E1065,ST-03,2026-06-09,19:30,
S102872,E1066,ST-05,2026-06-09,08:15,18:15
S103091,E1071,ST-04,2026-06-09,06:00,10:00
S103177,E1073,ST-01,2026-06-09,06:30,17:15
S103223,E1074,ST-05,2026-06-09,09:00,17:30
S103275,E1075,ST-06,2026-06-09,06:00,14:15
S103326,E1076,ST-03,2026-06-09,06:00,15:15
S103418,E1078,ST-03,2026-06-09,20:00,08:00
S103454,E1079,ST-05,2026-06-09,08:15,19:00
S103547,E1081,ST-04,2026-06-09,19:15,06:30
S103580,E1082,ST-04,2026-06-09,08:00,20:00
S103655,E1084,ST-03,2026-06-09,09:30,20:15
S103696,E1085,ST-04,2026-06-09,08:00,16:15
S103749,E1086,ST-03,2026-06-09,20:00,08:00
S103838,E1088,ST-05,2026-06-09,07:00,15:00
S103892,E1089,ST-02,2026-06-09,07:00,16:15
S104005,E1092,ST-04,2026-06-09,06:30,16:30
S104048,E1093,ST-02,2026-06-09,06:15,15:30
S104092,E1094,ST-04,2026-06-09,19:00,05:45
S104094,E1094,ST-03,2026-06-09,18:00,22:00
S104185,E1096,ST-02,2026-06-09,06:15,15:30
S104303,E1099,ST-02,2026-06-09,20:30,09:00
S104351,E1100,ST-06,2026-06-09,08:00,17:00
S104405,E1101,ST-06,2026-06-09,09:00,20:45
S104524,E1104,ST-02,2026-06-09,06:00,15:30
S104623,E1106,ST-03,2026-06-09,08:00,20:15
S104627,E1106,ST-01,2026-06-09,06:00,10:00
S104714,E1108,ST-06,2026-06-09,07:15,16:00
S104763,E1109,ST-05,2026-06-09,08:00,17:15
S104850,E1111,ST-05,2026-06-09,07:00,16:45
S105077,E1116,ST-02,2026-06-09,07:15,19:30
S105120,E1117,ST-03,2026-06-09,06:30,16:45
S105203,E1119,ST-02,2026-06-09,08:15,17:15
S105314,E1121,ST-03,2026-06-09,20:00,07:15
S105356,E1122,ST-03,2026-06-09,09:00,18:00
S105465,E1124,ST-04,2026-06-09,08:00,17:00
S105511,E1125,ST-05,2026-06-09,06:15,15:45
S105666,E1129,ST-04,2026-06-09,07:00,15:45
S105705,E1130,ST-02,2026-06-09,08:30,18:15
S105804,E1132,ST-02,2026-06-09,18:00,06:15
S105851,E1133,ST-01,2026-06-09,07:00,16:15
S105898,E1134,ST-04,2026-06-09,08:00,17:15
S105943,E1135,ST-05,2026-06-09,06:00,15:00
S105996,E1136,ST-03,2026-06-09,08:00,17:00
S106041,E1137,ST-05,2026-06-09,08:00,16:30
S106087,E1138,ST-01,2026-06-09,20:15,07:15
S106163,E1140,ST-04,2026-06-09,07:00,16:00
S106328,E1144,ST-06,2026-06-09,06:00,15:45
S106368,E1145,ST-03,2026-06-09,18:00,06:00
S106436,E1147,ST-01,2026-06-09,08:00,19:30
S106472,E1148,ST-01,2026-06-09,07:30,16:00
S106551,E1150,ST-06,2026-06-09,18:00,07:00
S106593,E1151,ST-04,2026-06-09,07:00,15:30
S106686,E1153,ST-02,2026-06-09,09:30,18:15
S106737,E1154,ST-04,2026-06-09,08:00,16:30
S106785,E1155,ST-03,2026-06-09,08:00,19:45
S106875,E1157,ST-05,2026-06-09,06:00,19:00
S106915,E1158,ST-04,2026-06-09,07:00,16:30
S106960,E1159,ST-06,2026-06-09,18:00,06:30
S107000,E1160,ST-01,2026-06-09,08:00,17:30
S107044,E1161,ST-01,2026-06-09,06:00,10:00
S107084,E1162,ST-03,2026-06-09,09:00,
S107232,E1165,ST-05,2026-06-09,06:00,15:15
S107282,E1166,ST-06,2026-06-09,08:15,17:45
S107328,E1167,ST-02,2026-06-09,09:00,20:15
S107366,E1168,ST-04,2026-06-09,06:00,16:15
S107410,E1169,ST-05,2026-06-09,06:00,15:00
S107553,E1172,ST-04,2026-06-09,08:15,17:00
S107599,E1173,ST-05,2026-06-09,08:00,17:00
S107646,E1174,ST-01,2026-06-09,07:00,14:45
S107697,E1175,ST-03,2026-06-09,06:00,17:15
S107822,E1178,ST-03,2026-06-09,06:30,16:30
S107874,E1179,ST-05,2026-06-09,06:00,17:45
S107912,E1180,ST-06,2026-06-09,09:00,17:15
S107993,E1182,ST-05,2026-06-09,18:00,
S108075,E1184,ST-06,2026-06-09,18:00,06:30
S108169,E1186,ST-05,2026-06-09,07:00,19:30
S108203,E1187,ST-04,2026-06-09,07:00,16:15
S108295,E1189,ST-03,2026-06-09,08:00,17:45
S108345,E1190,ST-05,2026-06-09,07:00,19:00
S108437,E1192,ST-05,2026-06-09,08:15,20:45
S108537,E1195,ST-04,2026-06-09,08:15,18:00
S108672,E1198,ST-04,2026-06-09,08:00,18:00
S108677,E1198,ST-05,2026-06-09,07:00,11:00
S108730,E1199,ST-05,2026-06-09,06:00,15:00
S108782,E1200,ST-04,2026-06-09,08:00,17:15
S108829,E1201,ST-06,2026-06-09,07:00,
S108867,E1202,ST-06,2026-06-09,18:00,05:45
S109002,E1205,ST-02,2026-06-09,07:00,16:45
S109054,E1206,ST-03,2026-06-09,08:00,16:00
S109143,E1208,ST-01,2026-06-09,07:30,17:30
S109195,E1209,ST-05,2026-06-09,08:00,16:30
S109360,E1213,ST-03,2026-06-09,06:00,14:30
S100103,E1003,ST-03,2026-06-10,08:30,17:00
S100152,E1004,ST-03,2026-06-10,18:15,06:30
S100193,E1005,ST-05,2026-06-10,07:00,15:45
S100246,E1006,ST-04,2026-06-10,06:30,19:30
S100284,E1007,ST-06,2026-06-10,09:30,21:45
S100356,E1009,ST-02,2026-06-10,06:00,17:15
S100397,E1010,ST-01,2026-06-10,08:00,17:00
S100450,E1011,ST-01,2026-06-10,08:00,17:30
S100493,E1012,ST-04,2026-06-10,06:00,17:15
S100535,E1013,ST-04,2026-06-10,08:00,
S100609,E1015,ST-05,2026-06-10,07:30,17:15
S100657,E1016,ST-04,2026-06-10,06:15,16:15
S100707,E1017,ST-05,2026-06-10,08:00,20:00
S100828,E1020,ST-03,2026-06-10,08:00,16:30
S100949,E1023,ST-01,2026-06-10,06:00,15:30
S101042,E1025,ST-02,2026-06-10,09:00,19:00
S101127,E1027,ST-06,2026-06-10,07:00,16:00
S101220,E1029,ST-04,2026-06-10,09:30,17:45
S101274,E1030,ST-03,2026-06-10,07:00,16:30
S101323,E1031,ST-05,2026-06-10,09:00,18:00
S101369,E1032,ST-01,2026-06-10,09:30,19:15
S101422,E1033,ST-01,2026-06-10,08:00,17:45
S101513,E1035,ST-01,2026-06-10,07:30,20:15
S101633,E1039,ST-04,2026-06-10,06:00,14:30
S101692,E1040,ST-03,2026-06-10,09:00,17:45
S101741,E1041,ST-03,2026-06-10,08:15,19:00
S101782,E1042,ST-03,2026-06-10,06:00,18:15
S101825,E1043,ST-03,2026-06-10,06:15,16:00
S101919,E1045,ST-05,2026-06-10,08:30,17:45
S102018,E1047,ST-06,2026-06-10,08:00,18:15
S102060,E1048,ST-01,2026-06-10,09:00,17:45
S102108,E1049,ST-01,2026-06-10,06:00,16:15
S102192,E1051,ST-06,2026-06-10,09:30,18:00
S102243,E1052,ST-01,2026-06-10,09:00,17:00
S102287,E1053,ST-01,2026-06-10,19:15,08:00
S102322,E1054,ST-03,2026-06-10,06:30,14:45
S102367,E1055,ST-06,2026-06-10,19:30,07:15
S102502,E1058,ST-04,2026-06-10,08:00,17:30
S102551,E1059,ST-05,2026-06-10,08:00,18:45
S102601,E1060,ST-02,2026-06-10,06:30,16:00
S102644,E1061,ST-01,2026-06-10,06:30,15:15
S102649,E1061,ST-02,2026-06-10,08:00,12:00
S102701,E1062,ST-05,2026-06-10,08:15,18:30
S102746,E1063,ST-05,2026-06-10,09:00,18:30
S102793,E1064,ST-04,2026-06-10,08:15,17:30
S103011,E1069,ST-05,2026-06-10,08:00,20:30
S103224,E1074,ST-05,2026-06-10,09:00,18:15
S103375,E1077,ST-04,2026-06-10,18:30,05:45
S103455,E1079,ST-05,2026-06-10,06:00,15:15
S103502,E1080,ST-04,2026-06-10,08:00,17:30
S103581,E1082,ST-04,2026-06-10,07:15,19:30
S103619,E1083,ST-05,2026-06-10,19:15,07:45
S103697,E1085,ST-04,2026-06-10,07:15,16:30
S103750,E1086,ST-03,2026-06-10,20:15,08:15
S103795,E1087,ST-02,2026-06-10,08:30,
S103839,E1088,ST-05,2026-06-10,09:15,19:15
S103942,E1090,ST-05,2026-06-10,08:30,18:45
S103946,E1091,ST-06,2026-06-10,06:00,13:45
S104006,E1092,ST-04,2026-06-10,08:00,18:00
S104095,E1094,ST-03,2026-06-10,18:00,22:00
S104134,E1095,ST-03,2026-06-10,06:00,14:45
S104238,E1097,ST-02,2026-06-10,07:00,16:15
S104242,E1098,ST-03,2026-06-10,09:15,18:45
S104304,E1099,ST-02,2026-06-10,18:00,05:30
S104352,E1100,ST-06,2026-06-10,06:15,15:15
S104480,E1103,ST-06,2026-06-10,09:15,18:30
S104525,E1104,ST-02,2026-06-10,08:15,17:45
S104665,E1107,ST-04,2026-06-10,08:00,17:15
S104764,E1109,ST-05,2026-06-10,07:00,15:15
S104810,E1110,ST-06,2026-06-10,08:00,16:30
S104934,E1113,ST-02,2026-06-10,06:00,15:00
S104986,E1114,ST-01,2026-06-10,07:00,15:45
S105078,E1116,ST-02,2026-06-10,07:00,18:00
S105121,E1117,ST-03,2026-06-10,07:00,16:45
S105204,E1119,ST-02,2026-06-10,06:00,16:30
S105259,E1120,ST-01,2026-06-10,07:00,17:00
S105415,E1123,ST-01,2026-06-10,07:00,16:15
S105512,E1125,ST-05,2026-06-10,06:00,15:00
S105564,E1127,ST-04,2026-06-10,07:15,16:15
S105624,E1128,ST-04,2026-06-10,06:00,19:00
S105667,E1129,ST-04,2026-06-10,08:00,17:45
S105710,E1130,ST-03,2026-06-10,07:00,11:00
S105761,E1131,ST-01,2026-06-10,06:30,17:30
S105852,E1133,ST-01,2026-06-10,07:00,16:30
S105899,E1134,ST-04,2026-06-10,07:15,15:30
S105944,E1135,ST-05,2026-06-10,06:30,15:45
S105997,E1136,ST-03,2026-06-10,06:30,16:15
S106042,E1137,ST-05,2026-06-10,07:30,15:45
S106211,E1141,ST-01,2026-06-10,07:15,19:00
S106245,E1142,ST-03,2026-06-10,07:30,20:00
S106329,E1144,ST-06,2026-06-10,08:00,17:30
S106402,E1146,ST-04,2026-06-10,18:15,07:15
S106473,E1148,ST-01,2026-06-10,08:00,18:00
S106514,E1149,ST-05,2026-06-10,08:00,19:15
S106594,E1151,ST-04,2026-06-10,07:15,16:15
S106645,E1152,ST-06,2026-06-10,07:30,19:30
S106687,E1153,ST-02,2026-06-10,06:00,14:45
S106786,E1155,ST-03,2026-06-10,08:00,20:15
S106823,E1156,ST-04,2026-06-10,07:00,16:45
S106916,E1158,ST-04,2026-06-10,08:15,17:30
S107085,E1162,ST-03,2026-06-10,06:00,15:15
S107130,E1163,ST-01,2026-06-10,06:30,15:15
S107283,E1166,ST-06,2026-06-10,06:00,16:00
S107411,E1169,ST-05,2026-06-10,06:30,15:00
S107461,E1170,ST-05,2026-06-10,07:00,18:00
S107554,E1172,ST-04,2026-06-10,08:00,17:45
S107600,E1173,ST-05,2026-06-10,08:00,17:00
S107647,E1174,ST-01,2026-06-10,07:00,16:45
S107738,E1176,ST-06,2026-06-10,19:00,06:45
S107778,E1177,ST-02,2026-06-10,08:00,17:00
S107823,E1178,ST-03,2026-06-10,08:00,17:30
S107875,E1179,ST-05,2026-06-10,07:30,19:30
S107913,E1180,ST-06,2026-06-10,08:00,16:00
S107960,E1181,ST-04,2026-06-10,20:15,07:15
S107994,E1182,ST-05,2026-06-10,20:30,07:30
S108032,E1183,ST-06,2026-06-10,18:00,06:15
S108123,E1185,ST-04,2026-06-10,08:15,17:45
S108170,E1186,ST-05,2026-06-10,06:00,17:45
S108296,E1189,ST-03,2026-06-10,06:15,16:00
S108346,E1190,ST-05,2026-06-10,07:15,19:15
S108385,E1191,ST-01,2026-06-10,07:00,15:45
S108438,E1192,ST-05,2026-06-10,09:00,21:30
S108474,E1193,ST-03,2026-06-10,08:30,17:30
S108585,E1196,ST-04,2026-06-10,18:00,
S108621,E1197,ST-02,2026-06-10,08:00,16:15
S108673,E1198,ST-04,2026-06-10,09:00,18:30
S108678,E1198,ST-05,2026-06-10,08:30,12:30
S108731,E1199,ST-05,2026-06-10,08:30,17:45
S108783,E1200,ST-04,2026-06-10,08:00,17:00
S108830,E1201,ST-06,2026-06-10,08:00,20:15
S108868,E1202,ST-06,2026-06-10,19:30,08:00
S108907,E1203,ST-03,2026-06-10,08:30,17:30
S108952,E1204,ST-02,2026-06-10,09:30,18:00
S109003,E1205,ST-02,2026-06-10,06:00,15:15
S109101,E1207,ST-02,2026-06-10,09:30,19:30
S109144,E1208,ST-01,2026-06-10,09:00,18:15
S100002,E1001,ST-01,2026-06-11,09:00,17:30
S100049,E1002,ST-02,2026-06-11,08:15,17:15
S100104,E1003,ST-03,2026-06-11,08:00,16:00
S100320,E1008,ST-03,2026-06-11,07:00,19:15
S100357,E1009,ST-02,2026-06-11,08:00,19:30
S100398,E1010,ST-01,2026-06-11,09:30,17:45
S100494,E1012,ST-04,2026-06-11,08:15,17:00
S100610,E1015,ST-05,2026-06-11,06:00,16:30
S100658,E1016,ST-04,2026-06-11,08:30,17:00
S100708,E1017,ST-05,2026-06-11,09:30,23:00
S100742,E1018,ST-01,2026-06-11,09:15,18:30
S100782,E1019,ST-05,2026-06-11,08:30,17:30
S100905,E1022,ST-06,2026-06-11,09:00,19:00
S100950,E1023,ST-01,2026-06-11,08:30,17:00
S100994,E1024,ST-01,2026-06-11,08:30,19:00
S101043,E1025,ST-02,2026-06-11,06:15,16:30
S101090,E1026,ST-05,2026-06-11,09:00,20:15
S101128,E1027,ST-06,2026-06-11,08:00,15:45
S101179,E1028,ST-01,2026-06-11,06:30,15:30
S101275,E1030,ST-03,2026-06-11,09:00,18:30
S101370,E1032,ST-01,2026-06-11,06:00,14:15
S101516,E1036,ST-03,2026-06-11,07:15,18:15
S101574,E1037,ST-03,2026-06-11,18:30,08:00
S101602,E1038,ST-06,2026-06-11,09:00,21:45
S101634,E1039,ST-04,2026-06-11,06:00,15:30
S101693,E1040,ST-03,2026-06-11,06:00,14:45
S101783,E1042,ST-03,2026-06-11,07:00,18:45
S101875,E1044,ST-02,2026-06-11,19:00,06:45
S101920,E1045,ST-05,2026-06-11,09:30,18:00
S101974,E1046,ST-03,2026-06-11,09:15,18:45
S102156,E1050,ST-01,2026-06-11,06:15,18:00
S102193,E1051,ST-06,2026-06-11,06:30,15:15
S102244,E1052,ST-01,2026-06-11,07:00,17:30
S102288,E1053,ST-01,2026-06-11,19:00,06:30
S102323,E1054,ST-03,2026-06-11,09:30,17:45
S102406,E1056,ST-03,2026-06-11,07:00,15:45
S102552,E1059,ST-05,2026-06-11,06:30,16:00
S102602,E1060,ST-02,2026-06-11,08:00,17:15
S102645,E1061,ST-01,2026-06-11,08:00,17:30
S102747,E1063,ST-05,2026-06-11,06:00,15:45
S102835,E1065,ST-03,2026-06-11,20:15,07:45
S102873,E1066,ST-05,2026-06-11,08:15,17:15
S102964,E1068,ST-01,2026-06-11,06:00,15:15
S103012,E1069,ST-05,2026-06-11,07:00,20:00
S103092,E1071,ST-04,2026-06-11,06:00,10:00
S103137,E1072,ST-06,2026-06-11,08:00,17:30
S103178,E1073,ST-01,2026-06-11,07:00,18:00
S103225,E1074,ST-05,2026-06-11,06:30,15:15
S103276,E1075,ST-06,2026-06-11,08:00,17:15
S103327,E1076,ST-03,2026-06-11,08:15,17:45
S103376,E1077,ST-04,2026-06-11,18:15,06:00
S103456,E1079,ST-05,2026-06-11,08:15,19:00
S103656,E1084,ST-03,2026-06-11,08:30,20:15
S103698,E1085,ST-04,2026-06-11,06:00,14:15
S103751,E1086,ST-03,2026-06-11,20:30,07:30
S103796,E1087,ST-02,2026-06-11,06:00,18:30
S103893,E1089,ST-02,2026-06-11,08:15,16:15
S103943,E1090,ST-05,2026-06-11,07:00,15:15
S103947,E1091,ST-06,2026-06-11,08:00,17:15
S104049,E1093,ST-02,2026-06-11,09:15,18:00
S104135,E1095,ST-03,2026-06-11,08:00,17:45
S104186,E1096,ST-02,2026-06-11,06:00,14:45
S104239,E1097,ST-02,2026-06-11,06:00,15:30
S104243,E1098,ST-03,2026-06-11,08:30,18:30
S104353,E1100,ST-06,2026-06-11,07:15,17:00
S104438,E1102,ST-04,2026-06-11,08:00,16:00
S104526,E1104,ST-02,2026-06-11,08:00,18:45
S104573,E1105,ST-04,2026-06-11,08:30,18:00
S104851,E1111,ST-05,2026-06-11,09:30,18:00
S104900,E1112,ST-05,2026-06-11,06:00,17:45
S104935,E1113,ST-02,2026-06-11,06:30,16:00
S104987,E1114,ST-01,2026-06-11,06:15,14:45
S105031,E1115,ST-06,2026-06-11,09:00,17:30
S105122,E1117,ST-03,2026-06-11,06:30,16:00
S105260,E1120,ST-01,2026-06-11,06:30,15:30
S105315,E1121,ST-03,2026-06-11,18:00,06:15
S105357,E1122,ST-03,2026-06-11,08:15,17:30
S105565,E1127,ST-04,2026-06-11,09:00,
S105625,E1128,ST-04,2026-06-11,08:00,20:15
S105706,E1130,ST-02,2026-06-11,06:00,15:45
S105762,E1131,ST-01,2026-06-11,07:00,17:00
S105805,E1132,ST-02,2026-06-11,19:00,08:00
S105853,E1133,ST-01,2026-06-11,09:15,17:45
S105945,E1135,ST-05,2026-06-11,07:15,16:30
S106043,E1137,ST-05,2026-06-11,06:30,15:30
S106088,E1138,ST-01,2026-06-11,18:00,06:00
S106129,E1139,ST-03,2026-06-11,18:15,07:00
S106164,E1140,ST-04,2026-06-11,07:00,16:30
S106246,E1142,ST-03,2026-06-11,06:00,17:15
S106286,E1143,ST-02,2026-06-11,07:00,16:15
S106330,E1144,ST-06,2026-06-11,07:00,12:45
S106369,E1145,ST-03,2026-06-11,19:00,07:00
S106437,E1147,ST-01,2026-06-11,06:15,17:00
S106474,E1148,ST-01,2026-06-11,08:00,17:30
S106646,E1152,ST-06,2026-06-11,06:15,19:45
S106688,E1153,ST-02,2026-06-11,08:15,16:15
S106824,E1156,ST-04,2026-06-11,08:00,17:15
S106917,E1158,ST-04,2026-06-11,06:30,16:30
S107131,E1163,ST-01,2026-06-11,07:00,16:15
S107182,E1164,ST-04,2026-06-11,08:00,17:00
S107504,E1171,ST-02,2026-06-11,06:15,16:15
S107648,E1174,ST-01,2026-06-11,06:00,14:30
S107739,E1176,ST-06,2026-06-11,20:30,09:00
S107779,E1177,ST-02,2026-06-11,08:15,17:00
S107876,E1179,ST-05,2026-06-11,08:00,21:30
S107914,E1180,ST-06,2026-06-11,09:00,18:45
S107961,E1181,ST-04,2026-06-11,18:00,06:15
S107995,E1182,ST-05,2026-06-11,20:00,09:30
S108076,E1184,ST-06,2026-06-11,18:00,06:15
S108124,E1185,ST-04,2026-06-11,06:00,14:45
S108255,E1188,ST-02,2026-06-11,06:00,18:45
S108386,E1191,ST-01,2026-06-11,07:00,15:45
S108475,E1193,ST-03,2026-06-11,07:00,11:15
S108477,E1194,ST-01,2026-06-11,07:30,16:30
S108538,E1195,ST-04,2026-06-11,06:00,15:45
S108674,E1198,ST-04,2026-06-11,06:00,14:45
S108732,E1199,ST-05,2026-06-11,08:00,16:45
S108784,E1200,ST-04,2026-06-11,08:15,17:00
S108908,E1203,ST-03,2026-06-11,08:15,17:15
S109196,E1209,ST-05,2026-06-11,06:00,16:00
S109319,E1212,ST-06,2026-06-11,18:00,06:45
S100050,E1002,ST-02,2026-06-12,06:15,15:00
S100194,E1005,ST-05,2026-06-12,08:00,16:45
S100285,E1007,ST-06,2026-06-12,08:30,20:00
S100399,E1010,ST-01,2026-06-12,09:30,18:45
S100451,E1011,ST-01,2026-06-12,08:15,18:00
S100659,E1016,ST-04,2026-06-12,06:15,15:45
S100743,E1018,ST-01,2026-06-12,07:30,
S100783,E1019,ST-05,2026-06-12,09:30,18:00
S100906,E1022,ST-06,2026-06-12,07:15,16:15
S101044,E1025,ST-02,2026-06-12,08:00,19:00
S101129,E1027,ST-06,2026-06-12,06:30,15:15
S101180,E1028,ST-01,2026-06-12,06:00,12:30
S101221,E1029,ST-04,2026-06-12,09:30,18:15
S101371,E1032,ST-01,2026-06-12,08:00,13:15
S101423,E1033,ST-01,2026-06-12,08:00,17:15
S101469,E1034,ST-02,2026-06-12,06:15,15:45
S101514,E1035,ST-01,2026-06-12,08:15,19:30
S101517,E1036,ST-03,2026-06-12,06:00,11:15
S101603,E1038,ST-06,2026-06-12,09:30,22:15
S101635,E1039,ST-04,2026-06-12,06:15,15:15
S101694,E1040,ST-03,2026-06-12,09:30,19:30
S101742,E1041,ST-03,2026-06-12,06:00,16:45
S101826,E1043,ST-03,2026-06-12,07:15,16:15
S101876,E1044,ST-02,2026-06-12,20:00,09:00
S102019,E1047,ST-06,2026-06-12,07:15,16:30
S102061,E1048,ST-01,2026-06-12,06:15,
S102245,E1052,ST-01,2026-06-12,06:00,15:00
S102324,E1054,ST-03,2026-06-12,07:00,20:15
S102407,E1056,ST-03,2026-06-12,06:30,16:15
S102458,E1057,ST-01,2026-06-12,08:30,17:45
S102503,E1058,ST-04,2026-06-12,08:15,18:00
S102646,E1061,ST-01,2026-06-12,08:00,16:15
S102650,E1061,ST-02,2026-06-12,08:15,11:45
S102702,E1062,ST-05,2026-06-12,06:00,16:15
S102748,E1063,ST-05,2026-06-12,08:00,15:00
S102836,E1065,ST-03,2026-06-12,20:15,09:45
S102874,E1066,ST-05,2026-06-12,06:00,15:15
S102916,E1067,ST-06,2026-06-12,06:00,15:00
S102965,E1068,ST-01,2026-06-12,06:00,14:45
S103050,E1070,ST-05,2026-06-12,20:15,08:30
S103088,E1071,ST-02,2026-06-12,08:15,17:00
S103138,E1072,ST-06,2026-06-12,06:00,16:45
S103179,E1073,ST-01,2026-06-12,08:30,18:45
S103226,E1074,ST-05,2026-06-12,08:00,18:00
S103377,E1077,ST-04,2026-06-12,18:00,05:00
S103419,E1078,ST-03,2026-06-12,18:30,08:00
S103457,E1079,ST-05,2026-06-12,06:15,13:45
S103503,E1080,ST-04,2026-06-12,08:00,16:30
S103548,E1081,ST-04,2026-06-12,20:00,07:45
S103657,E1084,ST-03,2026-06-12,09:15,21:00
S103894,E1089,ST-02,2026-06-12,06:00,14:45
S104050,E1093,ST-02,2026-06-12,08:00,17:30
S104136,E1095,ST-03,2026-06-12,08:30,18:15
S104187,E1096,ST-02,2026-06-12,06:30,16:00
S104240,E1097,ST-02,2026-06-12,06:00,15:00
S104305,E1099,ST-02,2026-06-12,19:30,08:30
S104481,E1103,ST-06,2026-06-12,07:00,17:15
S104527,E1104,ST-02,2026-06-12,09:30,21:15
S104574,E1105,ST-04,2026-06-12,09:15,18:00
S104624,E1106,ST-03,2026-06-12,08:00,19:30
S104715,E1108,ST-06,2026-06-12,07:30,15:45
S104765,E1109,ST-05,2026-06-12,08:00,17:30
S104811,E1110,ST-06,2026-06-12,07:30,15:15
S104936,E1113,ST-02,2026-06-12,06:15,14:30
S104988,E1114,ST-01,2026-06-12,07:00,15:45
S105032,E1115,ST-06,2026-06-12,09:00,17:30
S105079,E1116,ST-02,2026-06-12,08:30,21:15
S105162,E1118,ST-03,2026-06-12,08:30,18:45
S105261,E1120,ST-01,2026-06-12,06:30,16:00
S105416,E1123,ST-01,2026-06-12,09:00,17:45
S105466,E1124,ST-04,2026-06-12,08:15,18:30
S105513,E1125,ST-05,2026-06-12,06:00,14:00
S105562,E1126,ST-06,2026-06-12,07:00,16:00
S105566,E1127,ST-04,2026-06-12,07:00,18:15
S105626,E1128,ST-04,2026-06-12,08:00,20:00
S105668,E1129,ST-04,2026-06-12,08:15,15:15
S105707,E1130,ST-02,2026-06-12,09:00,18:00
S105711,E1130,ST-03,2026-06-12,09:00,13:00
S105763,E1131,ST-01,2026-06-12,08:00,17:00
S105806,E1132,ST-02,2026-06-12,20:00,08:45
S105854,E1133,ST-01,2026-06-12,09:00,13:45
S105900,E1134,ST-04,2026-06-12,09:00,20:15
S105946,E1135,ST-05,2026-06-12,08:00,16:45
S105998,E1136,ST-03,2026-06-12,08:15,18:00
S106089,E1138,ST-01,2026-06-12,20:15,08:30
S106130,E1139,ST-03,2026-06-12,20:00,08:00
S106165,E1140,ST-04,2026-06-12,08:00,15:45
S106370,E1145,ST-03,2026-06-12,18:15,07:15
S106403,E1146,ST-04,2026-06-12,19:00,07:30
S106475,E1148,ST-01,2026-06-12,08:30,18:30
S106515,E1149,ST-05,2026-06-12,06:00,17:45
S106552,E1150,ST-06,2026-06-12,18:15,05:15
S106595,E1151,ST-04,2026-06-12,06:15,14:15
S106689,E1153,ST-02,2026-06-12,07:00,14:15
S106738,E1154,ST-04,2026-06-12,08:30,17:00
S106787,E1155,ST-03,2026-06-12,08:00,21:30
S106825,E1156,ST-04,2026-06-12,09:00,18:15
S107041,E1161,ST-05,2026-06-12,08:00,20:15
S107132,E1163,ST-01,2026-06-12,08:00,17:45
S107183,E1164,ST-04,2026-06-12,09:15,19:00
S107233,E1165,ST-05,2026-06-12,06:00,15:45
S107284,E1166,ST-06,2026-06-12,06:00,19:30
S107367,E1168,ST-04,2026-06-12,07:00,17:00
S107412,E1169,ST-05,2026-06-12,06:00,14:15
S107462,E1170,ST-05,2026-06-12,07:15,17:15
S107505,E1171,ST-02,2026-06-12,08:15,19:15
S107555,E1172,ST-04,2026-06-12,08:00,17:15
S107601,E1173,ST-05,2026-06-12,08:00,17:00
S107698,E1175,ST-03,2026-06-12,08:15,19:15
S107824,E1178,ST-03,2026-06-12,08:00,17:30
S107962,E1181,ST-04,2026-06-12,19:00,08:30
S108125,E1185,ST-04,2026-06-12,08:00,18:30
S108204,E1187,ST-04,2026-06-12,06:30,16:30
S108347,E1190,ST-05,2026-06-12,06:00,17:30
S108387,E1191,ST-01,2026-06-12,06:00,14:30
S108478,E1194,ST-01,2026-06-12,07:00,20:00
S108539,E1195,ST-04,2026-06-12,06:15,15:15
S108586,E1196,ST-04,2026-06-12,19:00,07:30
S108624,E1197,ST-05,2026-06-12,08:00,12:00
S108675,E1198,ST-04,2026-06-12,09:30,19:00
S108733,E1199,ST-05,2026-06-12,06:00,15:30
S108831,E1201,ST-06,2026-06-12,06:15,17:45
S108869,E1202,ST-06,2026-06-12,19:00,07:00
S108953,E1204,ST-02,2026-06-12,08:00,17:15
S109004,E1205,ST-02,2026-06-12,06:00,15:00
S109055,E1206,ST-03,2026-06-12,07:00,17:00
S109145,E1208,ST-01,2026-06-12,06:30,15:45
S109197,E1209,ST-05,2026-06-12,06:00,16:30
S109243,E1210,ST-03,2026-06-12,06:00,16:00
S109285,E1211,ST-01,2026-06-12,07:30,19:45
S109320,E1212,ST-06,2026-06-12,18:00,06:30
S109361,E1213,ST-03,2026-06-12,07:30,17:00
S100003,E1001,ST-01,2026-06-13,07:15,16:15
S100051,E1002,ST-02,2026-06-13,08:00,16:00
S100105,E1003,ST-03,2026-06-13,07:30,16:00
S100153,E1004,ST-03,2026-06-13,18:30,08:00
S100195,E1005,ST-05,2026-06-13,08:15,21:30
S100247,E1006,ST-04,2026-06-13,06:15,19:45
S100321,E1008,ST-03,2026-06-13,09:00,21:15
S100358,E1009,ST-02,2026-06-13,09:00,19:00
S100400,E1010,ST-01,2026-06-13,07:30,16:30
S100452,E1011,ST-01,2026-06-13,08:15,17:45
S100495,E1012,ST-04,2026-06-13,07:30,21:00
S100536,E1013,ST-04,2026-06-13,06:15,18:45
S100576,E1014,ST-03,2026-06-13,08:00,19:30
S100611,E1015,ST-05,2026-06-13,06:15,14:45
S100660,E1016,ST-04,2026-06-13,06:30,14:45
S100784,E1019,ST-05,2026-06-13,08:30,22:00
S100907,E1022,ST-06,2026-06-13,06:15,10:15
S100951,E1023,ST-01,2026-06-13,06:30,15:30
S100995,E1024,ST-01,2026-06-13,08:00,16:45
S101222,E1029,ST-04,2026-06-13,06:00,15:30
S101424,E1033,ST-01,2026-06-13,08:15,18:15
S101470,E1034,ST-02,2026-06-13,09:00,18:30
S101636,E1039,ST-04,2026-06-13,06:00,15:15
S101695,E1040,ST-03,2026-06-13,09:00,22:30
S101743,E1041,ST-03,2026-06-13,08:00,16:00
S101784,E1042,ST-03,2026-06-13,07:30,19:15
S101827,E1043,ST-03,2026-06-13,06:00,14:30
S101975,E1046,ST-03,2026-06-13,08:00,17:00
S102062,E1048,ST-01,2026-06-13,06:00,19:00
S102109,E1049,ST-01,2026-06-13,09:15,19:15
S102194,E1051,ST-06,2026-06-13,08:00,17:00
S102246,E1052,ST-01,2026-06-13,06:15,17:30
S102289,E1053,ST-01,2026-06-13,19:30,09:00
S102408,E1056,ST-03,2026-06-13,08:00,18:00
S102459,E1057,ST-01,2026-06-13,08:00,17:45
S102504,E1058,ST-04,2026-06-13,08:00,16:30
S102553,E1059,ST-05,2026-06-13,06:00,11:45
S102603,E1060,ST-02,2026-06-13,06:00,15:45
S102794,E1064,ST-04,2026-06-13,06:00,14:45
S102917,E1067,ST-06,2026-06-13,09:15,19:15
S102966,E1068,ST-01,2026-06-13,07:30,17:00
S103013,E1069,ST-05,2026-06-13,07:00,18:45
S103089,E1071,ST-02,2026-06-13,06:15,16:00
S103227,E1074,ST-05,2026-06-13,08:00,13:15
S103277,E1075,ST-06,2026-06-13,06:00,14:45
S103328,E1076,ST-03,2026-06-13,08:15,17:30
S103504,E1080,ST-04,2026-06-13,08:00,17:45
S103582,E1082,ST-04,2026-06-13,06:00,19:30
S103620,E1083,ST-05,2026-06-13,19:00,07:00
S103752,E1086,ST-03,2026-06-13,18:00,06:45
S103797,E1087,ST-02,2026-06-13,08:00,20:15
S103840,E1088,ST-05,2026-06-13,08:15,18:30
S103948,E1091,ST-06,2026-06-13,06:15,14:15
S104007,E1092,ST-04,2026-06-13,07:00,18:00
S104051,E1093,ST-02,2026-06-13,08:00,17:15
S104093,E1094,ST-04,2026-06-13,18:00,07:30
S104137,E1095,ST-03,2026-06-13,06:00,15:15
S104306,E1099,ST-02,2026-06-13,19:00,00:45
S104406,E1101,ST-06,2026-06-13,09:00,22:30
S104439,E1102,ST-04,2026-06-13,08:30,18:00
S104482,E1103,ST-06,2026-06-13,07:00,17:15
S104575,E1105,ST-04,2026-06-13,08:00,17:15
S104666,E1107,ST-04,2026-06-13,09:15,18:30
S104716,E1108,ST-06,2026-06-13,08:00,21:30
S104766,E1109,ST-05,2026-06-13,06:15,18:30
S104852,E1111,ST-05,2026-06-13,08:00,17:00
S104901,E1112,ST-05,2026-06-13,08:00,20:45
S104937,E1113,ST-02,2026-06-13,07:00,15:45
S105033,E1115,ST-06,2026-06-13,06:00,14:45
S105163,E1118,ST-03,2026-06-13,07:00,16:30
S105205,E1119,ST-02,2026-06-13,09:00,17:30
S105262,E1120,ST-01,2026-06-13,09:00,18:15
S105358,E1122,ST-03,2026-06-13,06:30,15:45
S105417,E1123,ST-01,2026-06-13,06:30,17:30
S105467,E1124,ST-04,2026-06-13,06:00,16:15
S105563,E1126,ST-06,2026-06-13,08:15,19:45
S105708,E1130,ST-02,2026-06-13,07:30,16:30
S105764,E1131,ST-01,2026-06-13,08:30,19:00
S105807,E1132,ST-02,2026-06-13,19:00,08:00
S105947,E1135,ST-05,2026-06-13,07:00,16:15
S105999,E1136,ST-03,2026-06-13,07:30,18:15
S106044,E1137,ST-05,2026-06-13,06:00,12:45
S106166,E1140,ST-04,2026-06-13,07:00,20:00
S106212,E1141,ST-01,2026-06-13,06:00,18:30
S106247,E1142,ST-03,2026-06-13,08:15,
S106287,E1143,ST-02,2026-06-13,07:00,14:45
S106404,E1146,ST-04,2026-06-13,18:00,06:00
S106553,E1150,ST-06,2026-06-13,18:00,05:15
S106596,E1151,ST-04,2026-06-13,07:00,15:15
S106739,E1154,ST-04,2026-06-13,07:00,20:30
S106826,E1156,ST-04,2026-06-13,06:00,15:15
S106876,E1157,ST-05,2026-06-13,07:00,19:15
S106918,E1158,ST-04,2026-06-13,06:15,15:45
S106961,E1159,ST-06,2026-06-13,18:00,06:30
S107001,E1160,ST-01,2026-06-13,08:00,17:45
S107042,E1161,ST-05,2026-06-13,09:00,22:30
S107133,E1163,ST-01,2026-06-13,08:00,20:30
S107184,E1164,ST-04,2026-06-13,08:30,16:30
S107234,E1165,ST-05,2026-06-13,07:00,15:30
S107329,E1167,ST-02,2026-06-13,06:00,18:30
S107368,E1168,ST-04,2026-06-13,06:00,19:30
S107413,E1169,ST-05,2026-06-13,06:00,14:45
S107506,E1171,ST-02,2026-06-13,06:00,16:00
S107602,E1173,ST-05,2026-06-13,06:15,13:00
S107649,E1174,ST-01,2026-06-13,08:00,16:45
S107699,E1175,ST-03,2026-06-13,07:00,20:30
S107740,E1176,ST-06,2026-06-13,20:15,04:45
S107780,E1177,ST-02,2026-06-13,08:00,17:15
S107915,E1180,ST-06,2026-06-13,06:00,15:00
S108033,E1183,ST-06,2026-06-13,19:15,08:00
S108171,E1186,ST-05,2026-06-13,07:15,20:45
S108205,E1187,ST-04,2026-06-13,08:15,17:00
S108256,E1188,ST-02,2026-06-13,08:00,20:00
S108297,E1189,ST-03,2026-06-13,07:00,16:30
S108388,E1191,ST-01,2026-06-13,09:00,15:00
S108439,E1192,ST-05,2026-06-13,08:00,21:30
S108540,E1195,ST-04,2026-06-13,06:15,19:15
S108587,E1196,ST-04,2026-06-13,18:30,07:00
S108622,E1197,ST-02,2026-06-13,06:00,16:30
S108625,E1197,ST-05,2026-06-13,08:15,12:15
S108676,E1198,ST-04,2026-06-13,07:00,15:15
S108734,E1199,ST-05,2026-06-13,09:00,20:15
S108785,E1200,ST-04,2026-06-13,06:00,11:15
S108870,E1202,ST-06,2026-06-13,20:00,03:45
S108954,E1204,ST-02,2026-06-13,07:00,16:30
S109005,E1205,ST-02,2026-06-13,08:00,14:00
S109056,E1206,ST-03,2026-06-13,06:00,14:15
S109102,E1207,ST-02,2026-06-13,07:00,16:45
S109198,E1209,ST-05,2026-06-13,08:00,16:15
S109244,E1210,ST-03,2026-06-13,06:00,15:30
S109286,E1211,ST-01,2026-06-13,08:30,20:15
S109321,E1212,ST-06,2026-06-13,19:15,08:45
S109362,E1213,ST-03,2026-06-13,08:15,17:30
S100004,E1001,ST-01,2026-06-14,08:15,20:45
S100052,E1002,ST-02,2026-06-14,07:15,20:00
S100106,E1003,ST-03,2026-06-14,08:00,21:30
S100286,E1007,ST-06,2026-06-14,07:00,15:45
S100322,E1008,ST-03,2026-06-14,06:00,12:30
S100401,E1010,ST-01,2026-06-14,06:30,14:00
S100453,E1011,ST-01,2026-06-14,06:00,16:00
S100537,E1013,ST-04,2026-06-14,08:00,21:30
S100577,E1014,ST-03,2026-06-14,07:00,19:15
S100744,E1018,ST-01,2026-06-14,07:00,20:30
S100829,E1020,ST-03,2026-06-14,07:15,14:45
S100870,E1021,ST-04,2026-06-14,07:00,17:45
S100952,E1023,ST-01,2026-06-14,08:15,12:45
S100996,E1024,ST-01,2026-06-14,09:00,19:45
S101045,E1025,ST-02,2026-06-14,09:15,16:45
S101223,E1029,ST-04,2026-06-14,09:15,22:45
S101276,E1030,ST-03,2026-06-14,08:00,19:30
S101324,E1031,ST-05,2026-06-14,09:15,22:45
S101425,E1033,ST-01,2026-06-14,08:00,14:45
S101471,E1034,ST-02,2026-06-14,07:15,19:15
S101604,E1038,ST-06,2026-06-14,06:00,19:30
S101637,E1039,ST-04,2026-06-14,06:15,10:15
S101744,E1041,ST-03,2026-06-14,06:00,13:15
S101785,E1042,ST-03,2026-06-14,06:15,19:45
S101828,E1043,ST-03,2026-06-14,06:00,10:00
S101877,E1044,ST-02,2026-06-14,18:00,00:00
S101921,E1045,ST-05,2026-06-14,08:30,16:30
S101976,E1046,ST-03,2026-06-14,08:30,15:30
S102020,E1047,ST-06,2026-06-14,08:15,21:45
S102110,E1049,ST-01,2026-06-14,09:00,21:00
S102157,E1050,ST-01,2026-06-14,06:00,15:00
S102368,E1055,ST-06,2026-06-14,18:00,
S102409,E1056,ST-03,2026-06-14,08:00,15:30
S102460,E1057,ST-01,2026-06-14,08:00,19:15
S102505,E1058,ST-04,2026-06-14,08:30,16:45
S102604,E1060,ST-02,2026-06-14,06:30,13:30
S102647,E1061,ST-01,2026-06-14,07:15,20:15
S102703,E1062,ST-05,2026-06-14,07:30,17:30
S102795,E1064,ST-04,2026-06-14,09:00,19:15
S102875,E1066,ST-05,2026-06-14,06:00,18:30
S102918,E1067,ST-06,2026-06-14,09:00,21:45
S102967,E1068,ST-01,2026-06-14,08:00,17:15
S103051,E1070,ST-05,2026-06-14,18:00,07:30
S103090,E1071,ST-02,2026-06-14,06:00,10:30
S103139,E1072,ST-06,2026-06-14,06:15,14:30
S103180,E1073,ST-01,2026-06-14,06:00,16:15
S103278,E1075,ST-06,2026-06-14,07:30,15:45
S103329,E1076,ST-03,2026-06-14,09:00,13:00
S103378,E1077,ST-04,2026-06-14,20:00,05:45
S103505,E1080,ST-04,2026-06-14,06:00,18:30
S103549,E1081,ST-04,2026-06-14,18:00,07:00
S103621,E1083,ST-05,2026-06-14,18:00,07:30
S103658,E1084,ST-03,2026-06-14,07:00,17:30
S103699,E1085,ST-04,2026-06-14,09:15,17:45
S103798,E1087,ST-02,2026-06-14,06:00,16:45
S103841,E1088,ST-05,2026-06-14,09:00,21:15
S103895,E1089,ST-02,2026-06-14,08:30,22:00
S103944,E1090,ST-05,2026-06-14,06:30,10:30
S104052,E1093,ST-02,2026-06-14,07:00,15:00
S104138,E1095,ST-03,2026-06-14,06:30,12:00
S104188,E1096,ST-02,2026-06-14,09:30,17:45
S104354,E1100,ST-06,2026-06-14,09:00,15:45
S104440,E1102,ST-04,2026-06-14,06:00,19:30
S104483,E1103,ST-06,2026-06-14,08:00,17:15
S104576,E1105,ST-04,2026-06-14,06:00,11:30
S104625,E1106,ST-03,2026-06-14,08:00,18:00
S104667,E1107,ST-04,2026-06-14,06:30,16:00
S104812,E1110,ST-06,2026-06-14,06:30,20:00
S104853,E1111,ST-05,2026-06-14,06:15,15:30
S104902,E1112,ST-05,2026-06-14,08:15,21:30
S104938,E1113,ST-02,2026-06-14,08:00,15:45
S105034,E1115,ST-06,2026-06-14,06:15,17:00
S105080,E1116,ST-02,2026-06-14,08:00,20:30
S105123,E1117,ST-03,2026-06-14,06:00,13:00
S105164,E1118,ST-03,2026-06-14,08:15,21:45
S105206,E1119,ST-02,2026-06-14,08:00,12:00
S105263,E1120,ST-01,2026-06-14,06:15,10:15
S105316,E1121,ST-03,2026-06-14,18:00,01:15
S105359,E1122,ST-03,2026-06-14,06:30,16:00
S105418,E1123,ST-01,2026-06-14,07:00,15:30
S105468,E1124,ST-04,2026-06-14,07:00,12:00
S105514,E1125,ST-05,2026-06-14,06:00,10:00
S105627,E1128,ST-04,2026-06-14,06:15,18:45
S105709,E1130,ST-02,2026-06-14,08:00,16:15
S105765,E1131,ST-01,2026-06-14,06:15,11:30
S105808,E1132,ST-02,2026-06-14,18:15,22:15
S105948,E1135,ST-05,2026-06-14,07:30,12:00
S106090,E1138,ST-01,2026-06-14,18:00,05:00
S106213,E1141,ST-01,2026-06-14,08:00,21:30
S106248,E1142,ST-03,2026-06-14,09:15,19:00
S106288,E1143,ST-02,2026-06-14,08:00,16:45
S106405,E1146,ST-04,2026-06-14,18:00,22:30
S106438,E1147,ST-01,2026-06-14,06:00,19:30
S106516,E1149,ST-05,2026-06-14,08:30,22:00
S106554,E1150,ST-06,2026-06-14,18:00,04:15
S106597,E1151,ST-04,2026-06-14,08:00,20:00
S106827,E1156,ST-04,2026-06-14,06:00,14:00
S106877,E1157,ST-05,2026-06-14,09:15,13:30
S106919,E1158,ST-04,2026-06-14,06:30,13:30
S106962,E1159,ST-06,2026-06-14,18:00,23:15
S107002,E1160,ST-01,2026-06-14,08:15,18:45
S107086,E1162,ST-03,2026-06-14,09:30,22:30
S107185,E1164,ST-04,2026-06-14,08:00,21:00
S107235,E1165,ST-05,2026-06-14,08:00,15:00
S107330,E1167,ST-02,2026-06-14,08:00,16:45
S107414,E1169,ST-05,2026-06-14,07:15,16:45
S107463,E1170,ST-05,2026-06-14,08:30,19:30
S107507,E1171,ST-02,2026-06-14,07:00,16:45
S107556,E1172,ST-04,2026-06-14,07:15,15:45
S107650,E1174,ST-01,2026-06-14,07:00,17:00
S107781,E1177,ST-02,2026-06-14,06:15,16:15
S107825,E1178,ST-03,2026-06-14,06:00,13:45
S108034,E1183,ST-06,2026-06-14,18:00,04:15
S108077,E1184,ST-06,2026-06-14,18:00,03:45
S108126,E1185,ST-04,2026-06-14,09:00,17:15
S108206,E1187,ST-04,2026-06-14,07:00,18:30
S108257,E1188,ST-02,2026-06-14,08:00,15:45
S108298,E1189,ST-03,2026-06-14,08:00,17:00
S108348,E1190,ST-05,2026-06-14,08:00,16:15
S108623,E1197,ST-02,2026-06-14,06:00,17:45
S108832,E1201,ST-06,2026-06-14,08:00,16:30
S108909,E1203,ST-03,2026-06-14,07:00,16:15
S108955,E1204,ST-02,2026-06-14,07:00,
S109057,E1206,ST-03,2026-06-14,06:15,13:00
S109103,E1207,ST-02,2026-06-14,08:00,19:15
S109146,E1208,ST-01,2026-06-14,07:00,14:15
S109199,E1209,ST-05,2026-06-14,06:00,11:45
S109245,E1210,ST-03,2026-06-14,06:15,16:30
S109287,E1211,ST-01,2026-06-14,06:30,20:00
S109363,E1213,ST-03,2026-06-14,07:15,17:15
S100005,E1001,ST-01,2026-06-15,08:30,17:15
S100053,E1002,ST-02,2026-06-15,06:00,15:45
S100196,E1005,ST-05,2026-06-15,07:00,15:45
S100251,E1006,ST-02,2026-06-15,08:00,12:00
S100287,E1007,ST-06,2026-06-15,08:30,20:45
S100323,E1008,ST-03,2026-06-15,06:30,18:45
S100359,E1009,ST-02,2026-06-15,07:00,
S100402,E1010,ST-01,2026-06-15,07:00,15:00
S100496,E1012,ST-04,2026-06-15,09:00,19:30
S100538,E1013,ST-04,2026-06-15,06:00,18:00
S100578,E1014,ST-03,2026-06-15,08:00,20:00
S100871,E1021,ST-04,2026-06-15,08:30,20:30
S100997,E1024,ST-01,2026-06-15,06:00,14:30
S101091,E1026,ST-05,2026-06-15,06:00,17:15
S101181,E1028,ST-01,2026-06-15,06:00,15:30
S101224,E1029,ST-04,2026-06-15,06:00,14:45
S101277,E1030,ST-03,2026-06-15,09:00,17:15
S101325,E1031,ST-05,2026-06-15,09:00,18:30
S101372,E1032,ST-01,2026-06-15,06:00,14:15
S101472,E1034,ST-02,2026-06-15,06:30,15:45
S101518,E1035,ST-01,2026-06-15,09:15,20:45
S101605,E1038,ST-06,2026-06-15,09:00,21:15
S101638,E1039,ST-04,2026-06-15,06:00,14:00
S101696,E1040,ST-03,2026-06-15,08:30,17:15
S101745,E1041,ST-03,2026-06-15,06:00,16:00
S101786,E1042,ST-03,2026-06-15,08:00,20:45
S101829,E1043,ST-03,2026-06-15,06:30,15:30
S101878,E1044,ST-02,2026-06-15,19:15,08:00
S101922,E1045,ST-05,2026-06-15,08:30,17:30
S102063,E1048,ST-01,2026-06-15,06:00,15:00
S102158,E1050,ST-01,2026-06-15,07:00,19:45
S102325,E1054,ST-03,2026-06-15,06:00,14:30
S102410,E1056,ST-03,2026-06-15,06:00,14:45
S102461,E1057,ST-01,2026-06-15,06:00,14:45
S102605,E1060,ST-02,2026-06-15,06:00,16:00
S102651,E1061,ST-01,2026-06-15,09:00,17:45
S102749,E1063,ST-05,2026-06-15,06:30,16:45
S102796,E1064,ST-04,2026-06-15,09:00,17:00
S102837,E1065,ST-03,2026-06-15,18:00,06:00
S102840,E1065,ST-01,2026-06-15,20:00,00:00
S102876,E1066,ST-05,2026-06-15,07:00,16:30
S102919,E1067,ST-06,2026-06-15,06:00,14:30
S102968,E1068,ST-01,2026-06-15,08:15,17:00
S103014,E1069,ST-05,2026-06-15,06:00,17:30
S103052,E1070,ST-05,2026-06-15,18:00,07:00
S103140,E1072,ST-06,2026-06-15,06:00,16:30
S103181,E1073,ST-01,2026-06-15,07:00,16:15
S103279,E1075,ST-06,2026-06-15,07:30,17:15
S103379,E1077,ST-04,2026-06-15,18:00,05:45
S103420,E1078,ST-03,2026-06-15,18:00,06:15
S103622,E1083,ST-05,2026-06-15,18:00,04:30
S103659,E1084,ST-03,2026-06-15,08:30,20:45
S103700,E1085,ST-04,2026-06-15,08:00,17:00
S103704,E1085,ST-05,2026-06-15,07:00,11:00
S103842,E1088,ST-05,2026-06-15,09:00,18:45
S103896,E1089,ST-02,2026-06-15,08:00,17:30
S103949,E1090,ST-05,2026-06-15,08:00,17:00
S103952,E1091,ST-06,2026-06-15,08:00,18:30
S104011,E1092,ST-03,2026-06-15,06:00,10:00
S104053,E1093,ST-02,2026-06-15,06:30,15:45
S104139,E1095,ST-03,2026-06-15,08:30,17:45
S104189,E1096,ST-02,2026-06-15,08:30,17:45
S104355,E1100,ST-06,2026-06-15,06:00,15:30
S104528,E1104,ST-02,2026-06-15,09:30,19:15
S104577,E1105,ST-04,2026-06-15,06:30,15:45
S104668,E1107,ST-04,2026-06-15,07:15,15:30
S104717,E1108,ST-06,2026-06-15,06:30,15:00
S104854,E1111,ST-05,2026-06-15,06:30,16:30
S104903,E1112,ST-05,2026-06-15,07:00,18:45
S104939,E1113,ST-02,2026-06-15,08:00,16:45
S104989,E1114,ST-01,2026-06-15,06:15,15:30
S105035,E1115,ST-06,2026-06-15,08:15,17:15
S105038,E1115,ST-05,2026-06-15,08:00,12:00
S105081,E1116,ST-02,2026-06-15,06:00,17:45
S105165,E1118,ST-03,2026-06-15,06:30,17:45
S105207,E1119,ST-02,2026-06-15,06:30,16:00
S105264,E1120,ST-01,2026-06-15,06:00,14:45
S105317,E1121,ST-03,2026-06-15,20:00,08:30
S105419,E1123,ST-01,2026-06-15,09:30,20:00
S105423,E1123,ST-03,2026-06-15,07:15,11:15
S105628,E1128,ST-04,2026-06-15,08:15,20:00
S105766,E1131,ST-01,2026-06-15,08:00,18:30
S105901,E1134,ST-04,2026-06-15,06:00,15:00
S106000,E1136,ST-03,2026-06-15,09:00,17:15
S106167,E1140,ST-04,2026-06-15,09:00,18:00
S106214,E1141,ST-01,2026-06-15,08:00,21:00
S106289,E1143,ST-02,2026-06-15,08:30,17:45
S106371,E1145,ST-03,2026-06-15,18:00,06:30
S106406,E1146,ST-04,2026-06-15,18:00,06:00
S106439,E1147,ST-01,2026-06-15,09:15,21:15
S106476,E1148,ST-01,2026-06-15,08:30,18:15
S106517,E1149,ST-05,2026-06-15,08:15,20:30
S106603,E1151,ST-03,2026-06-15,08:00,12:00
S106690,E1153,ST-02,2026-06-15,09:00,18:30
S106740,E1154,ST-04,2026-06-15,07:00,16:15
S106788,E1155,ST-03,2026-06-15,06:00,18:45
S106828,E1156,ST-04,2026-06-15,06:15,15:15
S106878,E1157,ST-05,2026-06-15,07:00,19:15
S106920,E1158,ST-04,2026-06-15,09:00,18:15
S106963,E1159,ST-06,2026-06-15,18:15,07:15
S107045,E1161,ST-05,2026-06-15,08:00,20:15
S107087,E1162,ST-03,2026-06-15,08:00,18:15
S107134,E1163,ST-01,2026-06-15,06:30,16:00
S107186,E1164,ST-04,2026-06-15,08:00,17:45
S107236,E1165,ST-05,2026-06-15,09:00,17:45
S107285,E1166,ST-06,2026-06-15,08:00,17:30
S107331,E1167,ST-02,2026-06-15,06:00,
S107369,E1168,ST-04,2026-06-15,06:00,16:45
S107415,E1169,ST-05,2026-06-15,08:00,18:00
S107464,E1170,ST-05,2026-06-15,06:00,16:00
S107468,E1170,ST-02,2026-06-15,08:15,12:15
S107508,E1171,ST-02,2026-06-15,08:00,18:00
S107603,E1173,ST-05,2026-06-15,07:00,16:00
S107651,E1174,ST-01,2026-06-15,09:15,18:15
S107741,E1176,ST-06,2026-06-15,18:00,06:30
S107782,E1177,ST-02,2026-06-15,08:15,18:30
S107831,E1178,ST-01,2026-06-15,08:30,12:30
S107877,E1179,ST-05,2026-06-15,06:00,18:30
S107916,E1180,ST-06,2026-06-15,07:00,15:45
S108078,E1184,ST-06,2026-06-15,19:15,07:45
S108127,E1185,ST-04,2026-06-15,08:15,18:00
S108172,E1186,ST-05,2026-06-15,08:00,19:45
S108207,E1187,ST-04,2026-06-15,06:00,13:45
S108258,E1188,ST-02,2026-06-15,06:00,18:15
S108299,E1189,ST-03,2026-06-15,06:30,17:00
S108349,E1190,ST-05,2026-06-15,08:15,19:45
S108440,E1192,ST-05,2026-06-15,08:00,20:00
S108626,E1197,ST-02,2026-06-15,08:30,17:00
S108679,E1198,ST-04,2026-06-15,07:30,16:15
S108735,E1199,ST-05,2026-06-15,08:15,17:30
S108786,E1200,ST-04,2026-06-15,06:00,14:45
S108833,E1201,ST-06,2026-06-15,06:00,18:30
S108910,E1203,ST-03,2026-06-15,06:30,15:00
S108956,E1204,ST-02,2026-06-15,08:15,17:15
S109058,E1206,ST-03,2026-06-15,06:30,15:00
S109104,E1207,ST-02,2026-06-15,08:30,18:00
S109147,E1208,ST-01,2026-06-15,06:00,15:30
S109200,E1209,ST-05,2026-06-15,09:00,19:45
S109246,E1210,ST-03,2026-06-15,08:00,16:30
S109288,E1211,ST-01,2026-06-15,07:15,19:30
S109322,E1212,ST-06,2026-06-15,19:00,06:30
S109325,E1212,ST-04,2026-06-15,18:00,22:00
S100054,E1002,ST-02,2026-06-16,08:00,16:45
S100107,E1003,ST-03,2026-06-16,06:00,13:45
S100197,E1005,ST-05,2026-06-16,06:30,15:45
S100248,E1006,ST-04,2026-06-16,06:00,18:00
S100252,E1006,ST-02,2026-06-16,06:00,10:00
S100324,E1008,ST-03,2026-06-16,09:00,20:45
S100360,E1009,ST-02,2026-06-16,06:15,18:30
S100454,E1011,ST-01,2026-06-16,06:00,14:30
S100497,E1012,ST-04,2026-06-16,06:30,16:45
S100539,E1013,ST-04,2026-06-16,08:00,19:45
S100661,E1016,ST-04,2026-06-16,08:00,17:00
S100745,E1018,ST-01,2026-06-16,06:15,15:45
S100830,E1020,ST-03,2026-06-16,06:15,15:00
S100874,E1021,ST-01,2026-06-16,06:00,
S100908,E1022,ST-06,2026-06-16,08:00,17:15
S100953,E1023,ST-01,2026-06-16,07:00,16:00
S100998,E1024,ST-01,2026-06-16,08:15,17:15
S101046,E1025,ST-02,2026-06-16,08:00,18:00
S101130,E1027,ST-06,2026-06-16,08:00,16:45
S101185,E1028,ST-05,2026-06-16,09:15,13:15
S101225,E1029,ST-04,2026-06-16,08:00,17:30
S101278,E1030,ST-03,2026-06-16,06:00,16:00
S101326,E1031,ST-05,2026-06-16,07:00,16:45
S101373,E1032,ST-01,2026-06-16,06:30,15:00
S101473,E1034,ST-02,2026-06-16,08:00,19:15
S101521,E1036,ST-03,2026-06-16,08:00,20:15
S101639,E1039,ST-04,2026-06-16,08:15,16:30
S101697,E1040,ST-03,2026-06-16,06:15,16:15
S101746,E1041,ST-03,2026-06-16,07:00,17:30
S101787,E1042,ST-03,2026-06-16,08:00,20:45
S101879,E1044,ST-02,2026-06-16,18:00,05:30
S101923,E1045,ST-05,2026-06-16,09:00,17:30
S102064,E1048,ST-01,2026-06-16,07:30,17:00
S102115,E1049,ST-05,2026-06-16,06:00,10:00
S102195,E1051,ST-06,2026-06-16,07:00,15:45
S102247,E1052,ST-01,2026-06-16,06:30,15:15
S102326,E1054,ST-03,2026-06-16,08:30,17:45
S102411,E1056,ST-03,2026-06-16,07:00,16:15
S102554,E1059,ST-05,2026-06-16,06:00,14:15
S102606,E1060,ST-02,2026-06-16,08:30,17:45
S102652,E1061,ST-01,2026-06-16,06:00,15:15
S102704,E1062,ST-05,2026-06-16,06:15,17:00
S102750,E1063,ST-05,2026-06-16,07:30,17:30
S102920,E1067,ST-06,2026-06-16,07:00,17:00
S103093,E1071,ST-02,2026-06-16,08:00,17:15
S103182,E1073,ST-01,2026-06-16,09:00,18:15
S103228,E1074,ST-05,2026-06-16,07:00,15:30
S103280,E1075,ST-06,2026-06-16,07:00,16:30
S103330,E1076,ST-03,2026-06-16,06:00,14:45
S103458,E1079,ST-05,2026-06-16,08:15,19:30
S103583,E1082,ST-04,2026-06-16,06:00,17:15
S103623,E1083,ST-05,2026-06-16,19:15,07:00
S103701,E1085,ST-04,2026-06-16,08:00,17:15
S103753,E1086,ST-03,2026-06-16,20:00,07:15
S103843,E1088,ST-05,2026-06-16,09:00,17:45
S103897,E1089,ST-02,2026-06-16,07:00,16:30
S104008,E1092,ST-04,2026-06-16,06:00,16:30
S104096,E1094,ST-04,2026-06-16,20:00,08:30
S104190,E1096,ST-02,2026-06-16,08:00,17:00
S104244,E1097,ST-02,2026-06-16,06:00,14:15
S104247,E1098,ST-03,2026-06-16,06:30,15:45
S104307,E1099,ST-02,2026-06-16,18:00,06:45
S104356,E1100,ST-06,2026-06-16,08:00,15:45
S104407,E1101,ST-06,2026-06-16,06:30,19:15
S104441,E1102,ST-04,2026-06-16,07:00,15:15
S104484,E1103,ST-06,2026-06-16,08:00,19:00
S104529,E1104,ST-02,2026-06-16,08:00,17:45
S104578,E1105,ST-04,2026-06-16,06:00,14:45
S104628,E1106,ST-03,2026-06-16,09:00,20:15
S104669,E1107,ST-04,2026-06-16,07:00,17:00
S104718,E1108,ST-06,2026-06-16,06:30,15:45
S104767,E1109,ST-05,2026-06-16,07:00,15:45
S104813,E1110,ST-06,2026-06-16,08:00,17:15
S105082,E1116,ST-02,2026-06-16,07:00,19:30
S105124,E1117,ST-03,2026-06-16,06:00,17:30
S105166,E1118,ST-03,2026-06-16,06:00,15:15
S105208,E1119,ST-02,2026-06-16,08:15,17:00
S105265,E1120,ST-01,2026-06-16,06:00,15:30
S105360,E1122,ST-03,2026-06-16,06:30,16:00
S105420,E1123,ST-01,2026-06-16,07:00,17:30
S105424,E1123,ST-03,2026-06-16,09:30,13:30
S105469,E1124,ST-04,2026-06-16,08:00,17:00
S105515,E1125,ST-05,2026-06-16,08:30,17:45
S105669,E1129,ST-04,2026-06-16,09:00,18:45
S105712,E1130,ST-02,2026-06-16,06:30,15:45
S105809,E1132,ST-02,2026-06-16,18:00,05:30
S105855,E1133,ST-01,2026-06-16,08:00,17:30
S105902,E1134,ST-04,2026-06-16,08:30,17:30
S105949,E1135,ST-05,2026-06-16,06:30,15:00
S106001,E1136,ST-03,2026-06-16,06:30,15:00
S106091,E1138,ST-01,2026-06-16,20:15,07:45
S106168,E1140,ST-04,2026-06-16,09:00,17:15
S106440,E1147,ST-01,2026-06-16,08:00,21:00
S106477,E1148,ST-01,2026-06-16,09:00,18:15
S106555,E1150,ST-06,2026-06-16,18:30,06:45
S106598,E1151,ST-04,2026-06-16,07:00,17:15
S106647,E1152,ST-06,2026-06-16,06:00,19:00
S106741,E1154,ST-04,2026-06-16,06:00,14:15
S106789,E1155,ST-03,2026-06-16,09:00,
S106829,E1156,ST-04,2026-06-16,07:15,16:30
S106879,E1157,ST-05,2026-06-16,07:00,19:15
S107003,E1160,ST-01,2026-06-16,06:15,16:30
S107088,E1162,ST-03,2026-06-16,07:30,16:30
S107135,E1163,ST-01,2026-06-16,07:15,17:45
S107187,E1164,ST-04,2026-06-16,09:00,17:30
S107416,E1169,ST-05,2026-06-16,08:30,17:00
S107469,E1170,ST-02,2026-06-16,09:00,13:00
S107509,E1171,ST-02,2026-06-16,08:00,16:45
S107604,E1173,ST-05,2026-06-16,08:00,16:45
S107652,E1174,ST-01,2026-06-16,08:00,16:00
S107700,E1175,ST-03,2026-06-16,07:30,20:30
S107826,E1178,ST-03,2026-06-16,09:00,17:45
S107832,E1178,ST-01,2026-06-16,07:00,11:00
S107917,E1180,ST-06,2026-06-16,06:15,14:15
S107963,E1181,ST-04,2026-06-16,18:00,05:30
S107996,E1182,ST-05,2026-06-16,18:00,06:30
S108035,E1183,ST-06,2026-06-16,18:00,06:15
S108208,E1187,ST-04,2026-06-16,09:30,18:00
S108261,E1188,ST-05,2026-06-16,09:00,13:00
S108300,E1189,ST-03,2026-06-16,08:00,16:30
S108350,E1190,ST-05,2026-06-16,09:30,20:30
S108389,E1191,ST-01,2026-06-16,09:00,18:45
S108441,E1192,ST-05,2026-06-16,07:00,18:00
S108479,E1193,ST-03,2026-06-16,06:30,16:15
S108541,E1195,ST-04,2026-06-16,06:00,15:15
S108588,E1196,ST-04,2026-06-16,18:00,06:45
S108627,E1197,ST-02,2026-06-16,06:00,14:15
S108680,E1198,ST-04,2026-06-16,09:00,19:15
S108736,E1199,ST-05,2026-06-16,06:30,15:15
S108787,E1200,ST-04,2026-06-16,08:00,17:15
S108834,E1201,ST-06,2026-06-16,06:00,16:45
S108871,E1202,ST-06,2026-06-16,18:30,06:30
S108957,E1204,ST-02,2026-06-16,08:30,17:00
S109006,E1205,ST-02,2026-06-16,08:30,17:15
S109059,E1206,ST-03,2026-06-16,09:30,17:45
S109148,E1208,ST-01,2026-06-16,08:00,18:00
S109201,E1209,ST-05,2026-06-16,06:00,14:30
S109289,E1211,ST-01,2026-06-16,08:15,19:30
S109364,E1213,ST-03,2026-06-16,06:00,14:00
S100006,E1001,ST-01,2026-06-17,08:00,17:15
S100055,E1002,ST-02,2026-06-17,06:15,14:30
S100108,E1003,ST-03,2026-06-17,08:00,18:00
S100154,E1004,ST-03,2026-06-17,18:00,05:15
S100198,E1005,ST-05,2026-06-17,08:00,17:00
S100325,E1008,ST-03,2026-06-17,06:00,
S100361,E1009,ST-02,2026-06-17,08:00,19:00
S100403,E1010,ST-01,2026-06-17,06:30,15:30
S100455,E1011,ST-01,2026-06-17,09:15,19:45
S100612,E1015,ST-05,2026-06-17,08:00,17:30
S100662,E1016,ST-04,2026-06-17,08:30,18:00
S100746,E1018,ST-01,2026-06-17,08:15,17:45
S100785,E1019,ST-05,2026-06-17,08:15,17:15
S100831,E1020,ST-03,2026-06-17,06:00,15:45
S100875,E1021,ST-01,2026-06-17,06:00,10:00
S100909,E1022,ST-06,2026-06-17,09:00,17:45
S100954,E1023,ST-01,2026-06-17,08:30,18:00
S101047,E1025,ST-02,2026-06-17,06:00,16:00
S101092,E1026,ST-05,2026-06-17,07:00,20:00
S101131,E1027,ST-06,2026-06-17,06:00,15:00
S101226,E1029,ST-04,2026-06-17,09:00,18:00
S101374,E1032,ST-01,2026-06-17,06:15,16:00
S101426,E1033,ST-01,2026-06-17,06:15,16:15
S101575,E1037,ST-03,2026-06-17,19:00,07:00
S101606,E1038,ST-06,2026-06-17,07:00,19:00
S101788,E1042,ST-03,2026-06-17,06:00,18:45
S101830,E1043,ST-03,2026-06-17,06:30,14:15
S101880,E1044,ST-02,2026-06-17,18:00,06:45
S101977,E1046,ST-03,2026-06-17,08:15,17:45
S102021,E1047,ST-06,2026-06-17,06:00,16:15
S102065,E1048,ST-01,2026-06-17,08:00,17:45
S102111,E1049,ST-01,2026-06-17,08:00,17:00
S102116,E1049,ST-05,2026-06-17,08:00,12:00
S102159,E1050,ST-01,2026-06-17,08:30,20:45
S102196,E1051,ST-06,2026-06-17,08:00,16:30
S102290,E1053,ST-01,2026-06-17,20:30,09:00
S102369,E1055,ST-06,2026-06-17,18:15,05:30
S102462,E1057,ST-01,2026-06-17,08:30,18:30
S102506,E1058,ST-04,2026-06-17,09:00,18:45
S102555,E1059,ST-05,2026-06-17,06:00,16:00
S102558,E1059,ST-02,2026-06-17,07:00,11:00
S102705,E1062,ST-05,2026-06-17,08:30,18:45
S102797,E1064,ST-04,2026-06-17,08:00,17:00
S102921,E1067,ST-06,2026-06-17,08:00,18:00
S102969,E1068,ST-01,2026-06-17,07:00,16:30
S103053,E1070,ST-05,2026-06-17,18:00,06:15
S103141,E1072,ST-06,2026-06-17,08:00,17:30
S103183,E1073,ST-01,2026-06-17,08:00,18:00
S103229,E1074,ST-05,2026-06-17,06:15,15:45
S103331,E1076,ST-03,2026-06-17,06:00,16:00
S103421,E1078,ST-03,2026-06-17,18:15,07:00
S103459,E1079,ST-05,2026-06-17,06:15,16:15
S103506,E1080,ST-04,2026-06-17,08:15,16:15
S103550,E1081,ST-04,2026-06-17,18:30,05:15
S103584,E1082,ST-04,2026-06-17,06:00,17:30
S103624,E1083,ST-05,2026-06-17,20:00,08:15
S103702,E1085,ST-04,2026-06-17,09:00,18:30
S103754,E1086,ST-03,2026-06-17,18:15,06:30
S103799,E1087,ST-02,2026-06-17,08:15,19:30
S103844,E1088,ST-05,2026-06-17,08:30,16:00
S103898,E1089,ST-02,2026-06-17,09:00,17:30
S103950,E1090,ST-05,2026-06-17,06:30,15:30
S104054,E1093,ST-02,2026-06-17,06:00,15:30
S104057,E1093,ST-06,2026-06-17,08:00,12:00
S104097,E1094,ST-04,2026-06-17,19:30,07:30
S104140,E1095,ST-03,2026-06-17,06:00,15:15
S104191,E1096,ST-02,2026-06-17,08:00,17:15
S104357,E1100,ST-06,2026-06-17,07:00,16:00
S104408,E1101,ST-06,2026-06-17,08:00,20:00
S104442,E1102,ST-04,2026-06-17,08:00,16:30
S104530,E1104,ST-02,2026-06-17,08:00,18:45
S104579,E1105,ST-04,2026-06-17,08:00,17:45
S104629,E1106,ST-03,2026-06-17,07:00,18:15
S104670,E1107,ST-04,2026-06-17,09:30,19:00
S104719,E1108,ST-06,2026-06-17,09:00,19:30
S104855,E1111,ST-05,2026-06-17,09:30,18:45
S104904,E1112,ST-05,2026-06-17,08:00,19:45
S104940,E1113,ST-02,2026-06-17,06:00,14:30
S104990,E1114,ST-01,2026-06-17,08:00,17:15
S105036,E1115,ST-06,2026-06-17,06:00,15:15
S105039,E1115,ST-05,2026-06-17,06:00,10:00
S105167,E1118,ST-03,2026-06-17,08:30,19:00
S105209,E1119,ST-02,2026-06-17,06:15,16:00
S105266,E1120,ST-01,2026-06-17,08:30,17:15
S105318,E1121,ST-03,2026-06-17,18:00,05:45
S105470,E1124,ST-04,2026-06-17,06:00,15:00
S105516,E1125,ST-05,2026-06-17,08:00,16:45
S105629,E1128,ST-04,2026-06-17,08:00,19:45
S105670,E1129,ST-04,2026-06-17,08:15,17:15
S105713,E1130,ST-02,2026-06-17,06:30,15:15
S105767,E1131,ST-01,2026-06-17,06:00,16:45
S105903,E1134,ST-04,2026-06-17,07:00,16:00
S105950,E1135,ST-05,2026-06-17,06:00,15:15
S106002,E1136,ST-03,2026-06-17,08:00,16:15
S106092,E1138,ST-01,2026-06-17,19:15,07:30
S106131,E1139,ST-03,2026-06-17,18:00,07:00
S106249,E1142,ST-03,2026-06-17,07:00,19:15
S106290,E1143,ST-02,2026-06-17,08:15,16:45
S106407,E1146,ST-04,2026-06-17,19:30,07:00
S106441,E1147,ST-01,2026-06-17,08:00,20:45
S106518,E1149,ST-05,2026-06-17,06:00,18:00
S106556,E1150,ST-06,2026-06-17,18:00,05:00
S106599,E1151,ST-04,2026-06-17,08:00,16:30
S106604,E1151,ST-03,2026-06-17,08:00,12:00
S106648,E1152,ST-06,2026-06-17,08:00,20:00
S106742,E1154,ST-04,2026-06-17,09:00,18:45
S106830,E1156,ST-04,2026-06-17,07:00,15:00
S106921,E1158,ST-04,2026-06-17,08:00,17:45
S107089,E1162,ST-03,2026-06-17,09:00,19:30
S107237,E1165,ST-05,2026-06-17,09:00,19:00
S107286,E1166,ST-06,2026-06-17,07:15,16:30
S107332,E1167,ST-02,2026-06-17,08:00,19:30
S107370,E1168,ST-04,2026-06-17,07:00,16:30
S107465,E1170,ST-05,2026-06-17,06:15,15:45
S107470,E1170,ST-02,2026-06-17,08:30,12:00
S107557,E1172,ST-04,2026-06-17,06:00,16:00
S107605,E1173,ST-05,2026-06-17,06:00,16:15
S107653,E1174,ST-01,2026-06-17,06:30,14:15
S107701,E1175,ST-03,2026-06-17,06:30,19:30
S107827,E1178,ST-03,2026-06-17,08:30,18:00
S107878,E1179,ST-05,2026-06-17,08:00,20:45
S108079,E1184,ST-06,2026-06-17,18:15,06:30
S108173,E1186,ST-05,2026-06-17,08:00,20:00
S108209,E1187,ST-04,2026-06-17,08:30,17:30
S108259,E1188,ST-02,2026-06-17,09:00,22:00
S108301,E1189,ST-03,2026-06-17,06:00,14:30
S108390,E1191,ST-01,2026-06-17,09:00,18:00
S108442,E1192,ST-05,2026-06-17,08:15,20:00
S108480,E1193,ST-03,2026-06-17,06:00,
S108482,E1194,ST-01,2026-06-17,08:30,17:00
S108542,E1195,ST-04,2026-06-17,08:00,17:00
S108589,E1196,ST-04,2026-06-17,20:00,08:45
S108628,E1197,ST-02,2026-06-17,08:00,16:45
S108872,E1202,ST-06,2026-06-17,20:00,08:15
S109007,E1205,ST-02,2026-06-17,06:00,16:15
S109060,E1206,ST-03,2026-06-17,08:00,15:45
S109105,E1207,ST-02,2026-06-17,06:30,15:45
S109202,E1209,ST-05,2026-06-17,08:30,16:30
S109247,E1210,ST-03,2026-06-17,09:00,18:45
S109326,E1212,ST-04,2026-06-17,18:00,22:00
S109365,E1213,ST-03,2026-06-17,06:15,15:45
S100007,E1001,ST-01,2026-06-18,08:30,18:15
S100056,E1002,ST-02,2026-06-18,07:30,16:45
S100155,E1004,ST-03,2026-06-18,18:15,05:30
S100249,E1006,ST-04,2026-06-18,06:15,16:45
S100288,E1007,ST-06,2026-06-18,08:00,19:15
S100326,E1008,ST-03,2026-06-18,07:00,13:45
S100404,E1010,ST-01,2026-06-18,09:15,17:45
S100498,E1012,ST-04,2026-06-18,08:00,17:15
S100613,E1015,ST-05,2026-06-18,07:00,17:00
S100786,E1019,ST-05,2026-06-18,09:15,19:00
S100872,E1021,ST-04,2026-06-18,06:00,18:00
S100910,E1022,ST-06,2026-06-18,06:30,16:00
S100955,E1023,ST-01,2026-06-18,07:00,16:15
S100999,E1024,ST-01,2026-06-18,06:30,15:45
S101048,E1025,ST-02,2026-06-18,06:15,16:30
S101132,E1027,ST-06,2026-06-18,06:00,15:00
S101182,E1028,ST-01,2026-06-18,09:00,18:45
S101227,E1029,ST-04,2026-06-18,08:00,15:45
S101279,E1030,ST-03,2026-06-18,09:15,17:45
S101327,E1031,ST-05,2026-06-18,08:00,18:15
S101375,E1032,ST-01,2026-06-18,06:00,15:00
S101427,E1033,ST-01,2026-06-18,06:00,14:45
S101474,E1034,ST-02,2026-06-18,09:00,18:45
S101522,E1036,ST-03,2026-06-18,08:00,16:30
S101607,E1038,ST-06,2026-06-18,09:30,22:15
S101640,E1039,ST-04,2026-06-18,06:00,15:30
S101698,E1040,ST-03,2026-06-18,07:00,16:15
S101789,E1042,ST-03,2026-06-18,09:00,20:45
S101924,E1045,ST-05,2026-06-18,06:15,14:15
S101978,E1046,ST-03,2026-06-18,06:30,15:45
S102022,E1047,ST-06,2026-06-18,09:00,17:45
S102066,E1048,ST-01,2026-06-18,08:00,17:30
S102112,E1049,ST-01,2026-06-18,07:15,15:45
S102160,E1050,ST-01,2026-06-18,07:00,19:00
S102197,E1051,ST-06,2026-06-18,09:30,18:15
S102248,E1052,ST-01,2026-06-18,07:00,17:00
S102412,E1056,ST-03,2026-06-18,06:00,15:45
S102463,E1057,ST-01,2026-06-18,06:00,16:30
S102507,E1058,ST-04,2026-06-18,08:30,17:15
S102559,E1059,ST-02,2026-06-18,07:00,11:00
S102607,E1060,ST-02,2026-06-18,06:00,15:30
S102653,E1061,ST-01,2026-06-18,06:30,16:00
S102706,E1062,ST-05,2026-06-18,07:00,
S102798,E1064,ST-04,2026-06-18,06:00,14:15
S102877,E1066,ST-05,2026-06-18,07:00,15:45
S103054,E1070,ST-05,2026-06-18,18:30,05:30
S103094,E1071,ST-02,2026-06-18,07:15,16:45
S103142,E1072,ST-06,2026-06-18,07:00,16:30
S103230,E1074,ST-05,2026-06-18,06:00,14:45
S103332,E1076,ST-03,2026-06-18,08:30,18:15
S103380,E1077,ST-04,2026-06-18,20:00,07:45
S103460,E1079,ST-05,2026-06-18,06:00,15:15
S103507,E1080,ST-04,2026-06-18,06:15,15:15
S103551,E1081,ST-04,2026-06-18,19:15,07:45
S103660,E1084,ST-03,2026-06-18,09:00,21:15
S103705,E1085,ST-05,2026-06-18,08:30,12:30
S103755,E1086,ST-03,2026-06-18,18:00,06:15
S103800,E1087,ST-02,2026-06-18,06:00,17:45
S103845,E1088,ST-05,2026-06-18,06:15,15:30
S103899,E1089,ST-02,2026-06-18,08:00,17:15
S104009,E1092,ST-04,2026-06-18,06:15,16:00
S104012,E1092,ST-03,2026-06-18,06:00,10:00
S104055,E1093,ST-02,2026-06-18,08:30,18:45
S104058,E1093,ST-06,2026-06-18,08:00,12:00
S104141,E1095,ST-03,2026-06-18,07:00,15:15
S104192,E1096,ST-02,2026-06-18,06:00,16:15
S104308,E1099,ST-02,2026-06-18,18:30,05:45
S104443,E1102,ST-04,2026-06-18,06:30,15:45
S104531,E1104,ST-02,2026-06-18,07:15,16:30
S104630,E1106,ST-03,2026-06-18,08:00,20:30
S104768,E1109,ST-05,2026-06-18,09:00,18:00
S104856,E1111,ST-05,2026-06-18,08:15,17:30
S104941,E1113,ST-02,2026-06-18,07:00,16:15
S105083,E1116,ST-02,2026-06-18,06:00,17:15
S105267,E1120,ST-01,2026-06-18,06:00,14:45
S105361,E1122,ST-03,2026-06-18,06:30,15:30
S105471,E1124,ST-04,2026-06-18,07:00,17:00
S105517,E1125,ST-05,2026-06-18,06:00,15:15
S105567,E1126,ST-06,2026-06-18,07:00,16:30
S105570,E1127,ST-04,2026-06-18,09:30,19:30
S105714,E1130,ST-02,2026-06-18,06:15,15:15
S105768,E1131,ST-01,2026-06-18,08:15,18:00
S105810,E1132,ST-02,2026-06-18,18:15,06:00
S105856,E1133,ST-01,2026-06-18,09:15,17:45
S105951,E1135,ST-05,2026-06-18,09:00,18:00
S106045,E1137,ST-05,2026-06-18,08:00,17:15
S106093,E1138,ST-01,2026-06-18,19:00,06:45
S106132,E1139,ST-03,2026-06-18,18:00,06:15
S106215,E1141,ST-01,2026-06-18,09:00,20:45
S106250,E1142,ST-03,2026-06-18,08:00,20:45
S106331,E1144,ST-06,2026-06-18,09:00,16:30
S106408,E1146,ST-04,2026-06-18,20:30,08:30
S106557,E1150,ST-06,2026-06-18,20:00,07:15
S106600,E1151,ST-04,2026-06-18,07:30,15:45
S106649,E1152,ST-06,2026-06-18,07:00,18:15
S106691,E1153,ST-02,2026-06-18,09:30,19:00
S106743,E1154,ST-04,2026-06-18,06:00,15:00
S106790,E1155,ST-03,2026-06-18,09:00,20:45
S106831,E1156,ST-04,2026-06-18,06:00,14:15
S106922,E1158,ST-04,2026-06-18,06:00,15:30
S107046,E1161,ST-05,2026-06-18,06:30,17:30
S107136,E1163,ST-01,2026-06-18,08:15,18:00
S107238,E1165,ST-05,2026-06-18,06:30,16:15
S107287,E1166,ST-06,2026-06-18,08:15,18:15
S107333,E1167,ST-02,2026-06-18,09:30,21:15
S107466,E1170,ST-05,2026-06-18,09:15,19:30
S107510,E1171,ST-02,2026-06-18,08:00,17:30
S107558,E1172,ST-04,2026-06-18,06:00,16:00
S107654,E1174,ST-01,2026-06-18,09:00,17:30
S107742,E1176,ST-06,2026-06-18,18:30,07:15
S107783,E1177,ST-02,2026-06-18,06:15,16:15
S107828,E1178,ST-03,2026-06-18,07:30,16:15
S107918,E1180,ST-06,2026-06-18,06:00,14:45
S107964,E1181,ST-04,2026-06-18,18:00,06:00
S108036,E1183,ST-06,2026-06-18,18:30,06:15
S108128,E1185,ST-04,2026-06-18,06:00,15:00
S108210,E1187,ST-04,2026-06-18,08:15,16:45
S108391,E1191,ST-01,2026-06-18,07:15,16:45
S108483,E1194,ST-01,2026-06-18,09:00,19:00
S108629,E1197,ST-02,2026-06-18,09:00,17:15
S108681,E1198,ST-04,2026-06-18,09:30,18:00
S108737,E1199,ST-05,2026-06-18,06:30,15:45
S108788,E1200,ST-04,2026-06-18,06:00,15:15
S108835,E1201,ST-06,2026-06-18,06:15,18:00
S108911,E1203,ST-03,2026-06-18,08:30,17:30
S108958,E1204,ST-02,2026-06-18,07:30,16:30
S109008,E1205,ST-02,2026-06-18,06:00,14:45
S109061,E1206,ST-03,2026-06-18,07:15,20:45
S109106,E1207,ST-02,2026-06-18,07:00,16:45
S109149,E1208,ST-01,2026-06-18,09:15,18:30
S109290,E1211,ST-01,2026-06-18,08:00,20:45
S109323,E1212,ST-06,2026-06-18,18:00,06:15
S109366,E1213,ST-03,2026-06-18,06:00,15:45
S100008,E1001,ST-01,2026-06-19,06:15,15:15
S100057,E1002,ST-02,2026-06-19,06:15,16:00
S100109,E1003,ST-03,2026-06-19,08:30,15:45
S100156,E1004,ST-03,2026-06-19,20:30,09:00
S100199,E1005,ST-05,2026-06-19,08:00,17:00
S100250,E1006,ST-04,2026-06-19,09:00,22:30
S100289,E1007,ST-06,2026-06-19,06:00,18:30
S100456,E1011,ST-01,2026-06-19,08:00,18:00
S100499,E1012,ST-04,2026-06-19,06:00,15:45
S100540,E1013,ST-04,2026-06-19,06:00,17:30
S100614,E1015,ST-05,2026-06-19,08:00,17:15
S100663,E1016,ST-04,2026-06-19,06:00,15:30
S100709,E1017,ST-05,2026-06-19,07:00,19:15
S100747,E1018,ST-01,2026-06-19,08:30,18:30
S100787,E1019,ST-05,2026-06-19,08:00,17:15
S100832,E1020,ST-03,2026-06-19,06:30,15:15
S100911,E1022,ST-06,2026-06-19,09:00,18:45
S100956,E1023,ST-01,2026-06-19,06:15,15:15
S101000,E1024,ST-01,2026-06-19,06:15,15:30
S101049,E1025,ST-02,2026-06-19,06:15,15:30
S101133,E1027,ST-06,2026-06-19,07:00,15:45
S101183,E1028,ST-01,2026-06-19,06:15,15:15
S101186,E1028,ST-05,2026-06-19,08:15,12:15
S101228,E1029,ST-04,2026-06-19,08:00,16:45
S101280,E1030,ST-03,2026-06-19,08:15,15:45
S101328,E1031,ST-05,2026-06-19,08:15,18:15
S101376,E1032,ST-01,2026-06-19,08:30,17:15
S101428,E1033,ST-01,2026-06-19,06:30,16:15
S101523,E1036,ST-03,2026-06-19,06:30,10:30
S101576,E1037,ST-03,2026-06-19,18:00,06:30
S101641,E1039,ST-04,2026-06-19,06:00,15:15
S101699,E1040,ST-03,2026-06-19,07:00,15:00
S101747,E1041,ST-03,2026-06-19,08:00,18:30
S101790,E1042,ST-03,2026-06-19,06:15,15:45
S101831,E1043,ST-03,2026-06-19,06:30,16:30
S101881,E1044,ST-02,2026-06-19,20:30,08:15
S101925,E1045,ST-05,2026-06-19,06:30,15:15
S101979,E1046,ST-03,2026-06-19,06:00,14:30
S102023,E1047,ST-06,2026-06-19,08:00,17:30
S102067,E1048,ST-01,2026-06-19,09:00,15:30
S102113,E1049,ST-01,2026-06-19,09:00,18:00
S102198,E1051,ST-06,2026-06-19,06:30,16:00
S102249,E1052,ST-01,2026-06-19,08:00,18:00
S102291,E1053,ST-01,2026-06-19,18:00,05:45
S102327,E1054,ST-03,2026-06-19,08:15,17:30
S102370,E1055,ST-06,2026-06-19,20:00,08:00
S102413,E1056,ST-03,2026-06-19,06:00,15:30
S102508,E1058,ST-04,2026-06-19,09:00,18:15
S102556,E1059,ST-05,2026-06-19,06:15,15:30
S102654,E1061,ST-01,2026-06-19,08:00,17:15
S102751,E1063,ST-05,2026-06-19,08:30,18:00
S102799,E1064,ST-04,2026-06-19,06:00,19:30
S102841,E1065,ST-01,2026-06-19,18:00,22:00
S102878,E1066,ST-05,2026-06-19,07:00,16:15
S102922,E1067,ST-06,2026-06-19,08:30,18:15
S102970,E1068,ST-01,2026-06-19,07:00,16:30
S103015,E1069,ST-05,2026-06-19,07:00,20:00
S103055,E1070,ST-05,2026-06-19,18:30,04:30
S103143,E1072,ST-06,2026-06-19,06:30,20:00
S103231,E1074,ST-05,2026-06-19,06:00,14:00
S103281,E1075,ST-06,2026-06-19,06:30,15:15
S103461,E1079,ST-05,2026-06-19,08:15,18:15
S103508,E1080,ST-04,2026-06-19,08:15,18:45
S103552,E1081,ST-04,2026-06-19,18:30,08:00
S103585,E1082,ST-04,2026-06-19,09:15,21:15
S103846,E1088,ST-05,2026-06-19,06:30,16:00
S103900,E1089,ST-02,2026-06-19,06:00,13:15
S103953,E1091,ST-06,2026-06-19,08:00,17:00
S104098,E1094,ST-04,2026-06-19,20:00,07:15
S104142,E1095,ST-03,2026-06-19,07:00,17:30
S104193,E1096,ST-02,2026-06-19,09:15,17:15
S104245,E1097,ST-02,2026-06-19,09:30,19:00
S104248,E1098,ST-03,2026-06-19,08:15,18:00
S104358,E1100,ST-06,2026-06-19,08:00,17:45
S104409,E1101,ST-06,2026-06-19,06:00,17:45
S104444,E1102,ST-04,2026-06-19,07:00,19:00
S104485,E1103,ST-06,2026-06-19,08:30,19:15
S104580,E1105,ST-04,2026-06-19,07:00,15:30
S104720,E1108,ST-06,2026-06-19,07:00,16:15
S104769,E1109,ST-05,2026-06-19,06:15,14:45
S104814,E1110,ST-06,2026-06-19,08:00,16:15
S104857,E1111,ST-05,2026-06-19,09:15,18:45
S104905,E1112,ST-05,2026-06-19,07:00,18:30
S104942,E1113,ST-02,2026-06-19,09:15,17:45
S104991,E1114,ST-01,2026-06-19,06:00,15:30
S105037,E1115,ST-06,2026-06-19,08:15,21:15
S105084,E1116,ST-02,2026-06-19,08:15,19:00
S105125,E1117,ST-03,2026-06-19,09:15,20:15
S105210,E1119,ST-02,2026-06-19,08:30,18:15
S105268,E1120,ST-01,2026-06-19,06:00,15:00
S105319,E1121,ST-03,2026-06-19,18:00,06:00
S105362,E1122,ST-03,2026-06-19,08:00,18:30
S105421,E1123,ST-01,2026-06-19,08:00,18:45
S105472,E1124,ST-04,2026-06-19,07:00,17:15
S105518,E1125,ST-05,2026-06-19,08:00,17:00
S105630,E1128,ST-04,2026-06-19,06:00,17:15
S105671,E1129,ST-04,2026-06-19,07:00,15:45
S105715,E1130,ST-02,2026-06-19,09:00,18:15
S105769,E1131,ST-01,2026-06-19,06:00,16:30
S105811,E1132,ST-02,2026-06-19,20:00,08:15
S105857,E1133,ST-01,2026-06-19,08:15,16:45
S105904,E1134,ST-04,2026-06-19,07:00,15:45
S105952,E1135,ST-05,2026-06-19,07:15,16:30
S106046,E1137,ST-05,2026-06-19,08:00,18:15
S106133,E1139,ST-03,2026-06-19,18:00,05:00
S106169,E1140,ST-04,2026-06-19,08:00,16:45
S106251,E1142,ST-03,2026-06-19,08:00,20:30
S106291,E1143,ST-02,2026-06-19,06:00,15:15
S106332,E1144,ST-06,2026-06-19,08:30,17:30
S106372,E1145,ST-03,2026-06-19,18:00,06:45
S106442,E1147,ST-01,2026-06-19,06:30,20:00
S106650,E1152,ST-06,2026-06-19,07:00,18:45
S106692,E1153,ST-02,2026-06-19,08:00,17:00
S106744,E1154,ST-04,2026-06-19,06:00,11:15
S106880,E1157,ST-05,2026-06-19,08:15,20:30
S106923,E1158,ST-04,2026-06-19,08:00,17:00
S106964,E1159,ST-06,2026-06-19,18:00,05:00
S107004,E1160,ST-01,2026-06-19,07:00,16:00
S107047,E1161,ST-05,2026-06-19,08:00,20:00
S107137,E1163,ST-01,2026-06-19,07:15,15:30
S107188,E1164,ST-04,2026-06-19,08:15,17:15
S107239,E1165,ST-05,2026-06-19,08:30,17:45
S107288,E1166,ST-06,2026-06-19,09:00,18:45
S107334,E1167,ST-02,2026-06-19,06:00,17:45
S107417,E1169,ST-05,2026-06-19,08:00,15:45
S107467,E1170,ST-05,2026-06-19,08:30,14:45
S107511,E1171,ST-02,2026-06-19,06:15,15:15
S107559,E1172,ST-04,2026-06-19,09:00,18:15
S107606,E1173,ST-05,2026-06-19,08:15,21:45
S107655,E1174,ST-01,2026-06-19,08:30,22:00
S107743,E1176,ST-06,2026-06-19,18:00,06:30
S107784,E1177,ST-02,2026-06-19,08:00,17:45
S107829,E1178,ST-03,2026-06-19,06:00,15:30
S107879,E1179,ST-05,2026-06-19,07:30,20:30
S107965,E1181,ST-04,2026-06-19,18:00,04:45
S107997,E1182,ST-05,2026-06-19,18:00,05:15
S108037,E1183,ST-06,2026-06-19,19:30,08:00
S108080,E1184,ST-06,2026-06-19,18:30,06:30
S108174,E1186,ST-05,2026-06-19,08:00,21:30
S108351,E1190,ST-05,2026-06-19,09:00,20:45
S108392,E1191,ST-01,2026-06-19,07:00,15:30
S108484,E1194,ST-01,2026-06-19,06:30,15:00
S108590,E1196,ST-04,2026-06-19,20:30,08:45
S108682,E1198,ST-04,2026-06-19,06:00,15:15
S108738,E1199,ST-05,2026-06-19,06:00,14:00
S108912,E1203,ST-03,2026-06-19,08:00,17:15
S108959,E1204,ST-02,2026-06-19,09:30,18:15
S109009,E1205,ST-02,2026-06-19,06:00,14:15
S109107,E1207,ST-02,2026-06-19,06:15,17:45
S109248,E1210,ST-03,2026-06-19,06:00,15:15
S109367,E1213,ST-03,2026-06-19,08:15,21:00
S100009,E1001,ST-01,2026-06-20,08:00,12:00
S100110,E1003,ST-03,2026-06-20,06:30,16:00
S100157,E1004,ST-03,2026-06-20,18:30,02:45
S100290,E1007,ST-06,2026-06-20,06:00,13:45
S100405,E1010,ST-01,2026-06-20,06:15,15:00
S100579,E1014,ST-03,2026-06-20,07:00,20:00
S100615,E1015,ST-05,2026-06-20,09:00,22:30
S100664,E1016,ST-04,2026-06-20,06:00,15:30
S100710,E1017,ST-05,2026-06-20,07:00,19:15
S100788,E1019,ST-05,2026-06-20,07:00,16:30
S100957,E1023,ST-01,2026-06-20,06:00,11:45
S101093,E1026,ST-05,2026-06-20,08:30,21:00
S101134,E1027,ST-06,2026-06-20,06:30,15:30
S101229,E1029,ST-04,2026-06-20,06:15,12:45
S101281,E1030,ST-03,2026-06-20,08:00,16:30
S101329,E1031,ST-05,2026-06-20,07:00,15:15
S101429,E1033,ST-01,2026-06-20,07:15,16:45
S101475,E1034,ST-02,2026-06-20,06:00,14:30
S101519,E1035,ST-01,2026-06-20,06:00,18:00
S101577,E1037,ST-03,2026-06-20,18:00,07:30
S101748,E1041,ST-03,2026-06-20,08:00,21:30
S101832,E1043,ST-03,2026-06-20,06:30,15:15
S101882,E1044,ST-02,2026-06-20,19:00,01:15
S101926,E1045,ST-05,2026-06-20,06:15,14:45
S101980,E1046,ST-03,2026-06-20,06:00,14:30
S102024,E1047,ST-06,2026-06-20,08:00,21:30
S102114,E1049,ST-01,2026-06-20,09:30,23:00
S102199,E1051,ST-06,2026-06-20,07:00,16:15
S102250,E1052,ST-01,2026-06-20,08:15,19:00
S102292,E1053,ST-01,2026-06-20,18:30,08:00
S102414,E1056,ST-03,2026-06-20,08:30,17:00
S102464,E1057,ST-01,2026-06-20,09:30,23:00
S102509,E1058,ST-04,2026-06-20,07:00,16:30
S102557,E1059,ST-05,2026-06-20,09:00,17:15
S102608,E1060,ST-02,2026-06-20,06:00,14:45
S102655,E1061,ST-01,2026-06-20,06:15,19:45
S102707,E1062,ST-05,2026-06-20,09:30,19:30
S102752,E1063,ST-05,2026-06-20,06:00,19:30
S102838,E1065,ST-03,2026-06-20,18:00,06:45
S102923,E1067,ST-06,2026-06-20,07:00,17:00
S102971,E1068,ST-01,2026-06-20,06:30,16:15
S103016,E1069,ST-05,2026-06-20,09:30,22:30
S103095,E1071,ST-02,2026-06-20,09:00,19:15
S103184,E1073,ST-01,2026-06-20,08:00,18:00
S103232,E1074,ST-05,2026-06-20,08:00,17:00
S103282,E1075,ST-06,2026-06-20,06:15,16:00
S103333,E1076,ST-03,2026-06-20,08:00,17:00
S103381,E1077,ST-04,2026-06-20,20:00,08:00
S103422,E1078,ST-03,2026-06-20,18:00,05:30
S103462,E1079,ST-05,2026-06-20,06:00,15:15
S103661,E1084,ST-03,2026-06-20,06:00,17:00
S103801,E1087,ST-02,2026-06-20,08:00,19:00
S103951,E1090,ST-05,2026-06-20,06:00,13:45
S103954,E1091,ST-06,2026-06-20,09:00,20:15
S104010,E1092,ST-04,2026-06-20,06:00,
S104246,E1097,ST-02,2026-06-20,08:30,21:00
S104249,E1098,ST-03,2026-06-20,06:15,10:30
S104309,E1099,ST-02,2026-06-20,20:00,08:15
S104359,E1100,ST-06,2026-06-20,07:00,15:00
S104410,E1101,ST-06,2026-06-20,06:00,13:00
S104486,E1103,ST-06,2026-06-20,06:00,16:00
S104532,E1104,ST-02,2026-06-20,08:00,17:15
S104581,E1105,ST-04,2026-06-20,09:15,19:45
S104631,E1106,ST-03,2026-06-20,06:30,18:15
S104671,E1107,ST-04,2026-06-20,08:00,17:15
S104721,E1108,ST-06,2026-06-20,08:00,16:45
S104770,E1109,ST-05,2026-06-20,08:30,22:00
S104815,E1110,ST-06,2026-06-20,07:00,16:45
S104906,E1112,ST-05,2026-06-20,08:00,21:30
S104943,E1113,ST-02,2026-06-20,08:00,17:30
S104992,E1114,ST-01,2026-06-20,06:00,15:30
S105126,E1117,ST-03,2026-06-20,08:00,17:45
S105211,E1119,ST-02,2026-06-20,09:00,18:00
S105269,E1120,ST-01,2026-06-20,06:00,13:30
S105363,E1122,ST-03,2026-06-20,08:00,16:15
S105422,E1123,ST-01,2026-06-20,07:30,14:45
S105519,E1125,ST-05,2026-06-20,08:15,16:45
S105568,E1126,ST-06,2026-06-20,06:00,15:45
S105571,E1127,ST-04,2026-06-20,07:30,17:15
S105812,E1132,ST-02,2026-06-20,18:00,04:00
S105858,E1133,ST-01,2026-06-20,06:30,20:00
S106003,E1136,ST-03,2026-06-20,07:00,20:30
S106047,E1137,ST-05,2026-06-20,08:30,16:15
S106134,E1139,ST-03,2026-06-20,19:00,08:30
S106170,E1140,ST-04,2026-06-20,08:00,16:45
S106216,E1141,ST-01,2026-06-20,06:15,16:30
S106252,E1142,ST-03,2026-06-20,06:00,17:00
S106333,E1144,ST-06,2026-06-20,09:15,18:45
S106373,E1145,ST-03,2026-06-20,19:15,08:45
S106478,E1148,ST-01,2026-06-20,09:30,18:30
S106519,E1149,ST-05,2026-06-20,09:00,21:30
S106558,E1150,ST-06,2026-06-20,19:15,06:30
S106601,E1151,ST-04,2026-06-20,06:30,15:30
S106693,E1153,ST-02,2026-06-20,09:00,18:15
S106832,E1156,ST-04,2026-06-20,08:15,18:30
S106965,E1159,ST-06,2026-06-20,19:00,07:45
S107005,E1160,ST-01,2026-06-20,07:00,16:30
S107048,E1161,ST-05,2026-06-20,06:15,16:15
S107090,E1162,ST-03,2026-06-20,08:00,17:15
S107138,E1163,ST-01,2026-06-20,08:15,16:45
S107189,E1164,ST-04,2026-06-20,08:00,18:15
S107240,E1165,ST-05,2026-06-20,07:00,14:30
S107371,E1168,ST-04,2026-06-20,06:00,16:00
S107418,E1169,ST-05,2026-06-20,06:30,14:45
S107560,E1172,ST-04,2026-06-20,09:00,18:15
S107702,E1175,ST-03,2026-06-20,09:00,20:30
S107785,E1177,ST-02,2026-06-20,07:00,17:30
S107919,E1180,ST-06,2026-06-20,06:00,15:00
S107998,E1182,ST-05,2026-06-20,18:00,05:45
S108081,E1184,ST-06,2026-06-20,20:00,09:30
S108129,E1185,ST-04,2026-06-20,06:15,16:00
S108211,E1187,ST-04,2026-06-20,07:00,15:45
S108262,E1188,ST-05,2026-06-20,08:15,12:15
S108302,E1189,ST-03,2026-06-20,09:00,19:00
S108393,E1191,ST-01,2026-06-20,07:00,13:15
S108543,E1195,ST-04,2026-06-20,07:00,16:00
S108591,E1196,ST-04,2026-06-20,18:15,05:45
S108630,E1197,ST-02,2026-06-20,09:00,22:30
S108789,E1200,ST-04,2026-06-20,06:30,18:30
S108836,E1201,ST-06,2026-06-20,06:00,17:45
S108873,E1202,ST-06,2026-06-20,19:00,07:15
S108913,E1203,ST-03,2026-06-20,07:00,19:00
S108960,E1204,ST-02,2026-06-20,08:00,17:00
S109010,E1205,ST-02,2026-06-20,06:15,14:00
S109150,E1208,ST-01,2026-06-20,09:00,18:15
S109291,E1211,ST-01,2026-06-20,06:00,17:15
S109324,E1212,ST-06,2026-06-20,18:15,07:45
S100058,E1002,ST-02,2026-06-21,07:00,11:15
S100111,E1003,ST-03,2026-06-21,08:00,18:00
S100200,E1005,ST-05,2026-06-21,06:00,18:00
S100362,E1009,ST-02,2026-06-21,06:00,
S100406,E1010,ST-01,2026-06-21,07:00,17:30
S100457,E1011,ST-01,2026-06-21,09:30,18:30
S100500,E1012,ST-04,2026-06-21,07:00,13:30
S100541,E1013,ST-04,2026-06-21,09:00,20:15
S100580,E1014,ST-03,2026-06-21,06:15,19:45
S100665,E1016,ST-04,2026-06-21,09:30,19:45
S100711,E1017,ST-05,2026-06-21,09:30,23:00
S100748,E1018,ST-01,2026-06-21,08:15,18:15
S100789,E1019,ST-05,2026-06-21,07:00,11:15
S100833,E1020,ST-03,2026-06-21,06:15,14:15
S100873,E1021,ST-04,2026-06-21,08:00,17:30
S100912,E1022,ST-06,2026-06-21,06:00,12:45
S101001,E1024,ST-01,2026-06-21,06:00,13:30
S101050,E1025,ST-02,2026-06-21,06:30,14:15
S101094,E1026,ST-05,2026-06-21,09:15,15:00
S101135,E1027,ST-06,2026-06-21,06:00,13:15
S101184,E1028,ST-01,2026-06-21,07:00,14:15
S101377,E1032,ST-01,2026-06-21,08:00,15:15
S101430,E1033,ST-01,2026-06-21,09:30,19:00
S101476,E1034,ST-02,2026-06-21,07:30,14:15
S101520,E1035,ST-01,2026-06-21,06:00,12:15
S101642,E1039,ST-04,2026-06-21,07:00,20:30
S101700,E1040,ST-03,2026-06-21,08:00,20:45
S101833,E1043,ST-03,2026-06-21,06:00,17:15
S101927,E1045,ST-05,2026-06-21,06:30,
S101981,E1046,ST-03,2026-06-21,08:00,15:00
S102161,E1050,ST-01,2026-06-21,06:00,19:30
S102200,E1051,ST-06,2026-06-21,06:30,13:45
S102328,E1054,ST-03,2026-06-21,08:00,20:30
S102371,E1055,ST-06,2026-06-21,19:00,08:30
S102510,E1058,ST-04,2026-06-21,08:15,16:15
S102708,E1062,ST-05,2026-06-21,06:00,10:45
S102839,E1065,ST-03,2026-06-21,19:00,08:15
S102879,E1066,ST-05,2026-06-21,07:15,20:15
S102924,E1067,ST-06,2026-06-21,08:00,16:45
S102972,E1068,ST-01,2026-06-21,07:00,18:15
S103017,E1069,ST-05,2026-06-21,07:00,15:15
S103096,E1071,ST-02,2026-06-21,06:00,19:30
S103185,E1073,ST-01,2026-06-21,09:00,18:45
S103233,E1074,ST-05,2026-06-21,09:30,15:30
S103283,E1075,ST-06,2026-06-21,07:15,15:00
S103334,E1076,ST-03,2026-06-21,08:00,14:15
S103382,E1077,ST-04,2026-06-21,19:30,09:00
S103423,E1078,ST-03,2026-06-21,18:15,02:15
S103509,E1080,ST-04,2026-06-21,08:00,20:30
S103586,E1082,ST-04,2026-06-21,06:00,17:45
S103625,E1083,ST-05,2026-06-21,19:00,05:15
S103662,E1084,ST-03,2026-06-21,08:00,21:30
S103703,E1085,ST-04,2026-06-21,08:00,20:30
S103756,E1086,ST-03,2026-06-21,20:15,09:45
S103802,E1087,ST-02,2026-06-21,09:00,19:45
S103847,E1088,ST-05,2026-06-21,08:00,19:30
S104056,E1093,ST-02,2026-06-21,09:00,19:00
S104099,E1094,ST-04,2026-06-21,18:30,08:00
S104143,E1095,ST-03,2026-06-21,06:15,14:15
S104194,E1096,ST-02,2026-06-21,08:00,16:00
S104310,E1099,ST-02,2026-06-21,18:30,08:00
S104360,E1100,ST-06,2026-06-21,06:00,12:15
S104487,E1103,ST-06,2026-06-21,09:30,19:45
S104533,E1104,ST-02,2026-06-21,06:15,14:30
S104672,E1107,ST-04,2026-06-21,07:00,13:30
S104722,E1108,ST-06,2026-06-21,09:00,13:00
S104816,E1110,ST-06,2026-06-21,06:30,16:30
S104858,E1111,ST-05,2026-06-21,06:00,17:30
S104993,E1114,ST-01,2026-06-21,06:15,15:00
S105127,E1117,ST-03,2026-06-21,09:00,19:00
S105168,E1118,ST-03,2026-06-21,08:00,21:30
S105212,E1119,ST-02,2026-06-21,07:00,14:30
S105320,E1121,ST-03,2026-06-21,18:00,03:15
S105364,E1122,ST-03,2026-06-21,08:00,17:30
S105473,E1124,ST-04,2026-06-21,06:00,12:15
S105520,E1125,ST-05,2026-06-21,07:30,12:45
S105569,E1126,ST-06,2026-06-21,09:00,22:00
S105572,E1127,ST-04,2026-06-21,06:30,10:30
S105631,E1128,ST-04,2026-06-21,09:15,22:45
S105672,E1129,ST-04,2026-06-21,08:00,18:30
S105716,E1130,ST-02,2026-06-21,08:15,20:45
S105905,E1134,ST-04,2026-06-21,07:15,16:15
S105953,E1135,ST-05,2026-06-21,06:15,15:30
S106048,E1137,ST-05,2026-06-21,09:00,
S106094,E1138,ST-01,2026-06-21,18:00,04:15
S106171,E1140,ST-04,2026-06-21,06:15,13:15
S106217,E1141,ST-01,2026-06-21,06:15,14:45
S106292,E1143,ST-02,2026-06-21,06:15,15:45
S106334,E1144,ST-06,2026-06-21,08:30,22:00
S106409,E1146,ST-04,2026-06-21,18:00,07:30
S106479,E1148,ST-01,2026-06-21,08:00,19:15
S106520,E1149,ST-05,2026-06-21,06:00,13:30
S106602,E1151,ST-04,2026-06-21,06:00,14:15
S106694,E1153,ST-02,2026-06-21,06:00,12:00
S106791,E1155,ST-03,2026-06-21,07:00,16:45
S106833,E1156,ST-04,2026-06-21,06:30,13:30
S106881,E1157,ST-05,2026-06-21,09:00,18:00
S106924,E1158,ST-04,2026-06-21,06:00,12:45
S106966,E1159,ST-06,2026-06-21,20:00,09:15
S107006,E1160,ST-01,2026-06-21,06:00,19:30
S107091,E1162,ST-03,2026-06-21,08:00,20:00
S107190,E1164,ST-04,2026-06-21,06:15,14:00
S107289,E1166,ST-06,2026-06-21,08:00,14:30
S107372,E1168,ST-04,2026-06-21,09:30,22:15
S107419,E1169,ST-05,2026-06-21,06:00,15:30
S107512,E1171,ST-02,2026-06-21,06:15,19:00
S107561,E1172,ST-04,2026-06-21,06:00,19:00
S107703,E1175,ST-03,2026-06-21,08:30,16:30
S107744,E1176,ST-06,2026-06-21,19:00,05:30
S107786,E1177,ST-02,2026-06-21,08:00,13:00
S107830,E1178,ST-03,2026-06-21,06:15,14:00
S107880,E1179,ST-05,2026-06-21,06:15,11:45
S107920,E1180,ST-06,2026-06-21,08:00,17:45
S107966,E1181,ST-04,2026-06-21,18:30,08:00
S107999,E1182,ST-05,2026-06-21,20:00,03:15
S108038,E1183,ST-06,2026-06-21,18:00,03:15
S108130,E1185,ST-04,2026-06-21,09:15,22:15
S108212,E1187,ST-04,2026-06-21,07:00,18:15
S108260,E1188,ST-02,2026-06-21,06:30,20:00
S108303,E1189,ST-03,2026-06-21,06:30,16:15
S108352,E1190,ST-05,2026-06-21,06:15,16:15
S108443,E1192,ST-05,2026-06-21,06:15,14:15
S108481,E1193,ST-03,2026-06-21,06:15,16:15
S108544,E1195,ST-04,2026-06-21,08:00,21:30
S108683,E1198,ST-04,2026-06-21,08:15,20:00
S108739,E1199,ST-05,2026-06-21,06:00,15:15
S108874,E1202,ST-06,2026-06-21,18:30,
S109151,E1208,ST-01,2026-06-21,09:00,19:15
S109203,E1209,ST-05,2026-06-21,08:30,
S109249,E1210,ST-03,2026-06-21,06:30,20:00
S100010,E1001,ST-01,2026-06-22,06:00,15:45
S100059,E1002,ST-02,2026-06-22,07:15,16:00
S100112,E1003,ST-03,2026-06-22,06:15,15:15
S100158,E1004,ST-03,2026-06-22,20:00,08:30
S100201,E1005,ST-05,2026-06-22,07:00,15:30
S100253,E1006,ST-04,2026-06-22,06:00,17:15
S100256,E1006,ST-01,2026-06-22,08:30,12:30
S100327,E1008,ST-03,2026-06-22,06:00,
S100363,E1009,ST-02,2026-06-22,06:00,18:00
S100407,E1010,ST-01,2026-06-22,06:00,14:15
S100542,E1013,ST-04,2026-06-22,08:00,20:15
S100581,E1014,ST-03,2026-06-22,07:15,20:15
S100616,E1015,ST-05,2026-06-22,07:15,15:30
S100670,E1016,ST-05,2026-06-22,08:00,12:00
S100712,E1017,ST-05,2026-06-22,06:00,18:00
S100749,E1018,ST-01,2026-06-22,08:15,18:30
S100834,E1020,ST-03,2026-06-22,09:00,18:30
S100876,E1021,ST-04,2026-06-22,06:00,17:45
S100913,E1022,ST-06,2026-06-22,08:15,18:00
S100917,E1022,ST-03,2026-06-22,06:15,10:15
S100958,E1023,ST-01,2026-06-22,08:30,17:30
S101002,E1024,ST-01,2026-06-22,08:00,16:45
S101051,E1025,ST-02,2026-06-22,09:00,19:45
S101095,E1026,ST-05,2026-06-22,08:30,21:15
S101136,E1027,ST-06,2026-06-22,08:15,18:00
S101187,E1028,ST-01,2026-06-22,08:00,17:30
S101230,E1029,ST-04,2026-06-22,09:00,18:00
S101282,E1030,ST-03,2026-06-22,06:15,16:00
S101378,E1032,ST-01,2026-06-22,08:15,18:15
S101431,E1033,ST-01,2026-06-22,09:30,18:45
S101477,E1034,ST-02,2026-06-22,06:00,14:30
S101524,E1035,ST-01,2026-06-22,06:00,19:00
S101527,E1036,ST-03,2026-06-22,07:00,19:00
S101608,E1038,ST-06,2026-06-22,06:00,18:30
S101643,E1039,ST-04,2026-06-22,07:15,16:45
S101701,E1040,ST-03,2026-06-22,08:00,17:15
S101791,E1042,ST-03,2026-06-22,09:00,20:45
S101834,E1043,ST-03,2026-06-22,07:30,16:45
S101883,E1044,ST-02,2026-06-22,20:00,07:30
S101928,E1045,ST-05,2026-06-22,07:00,15:15
S102068,E1048,ST-01,2026-06-22,06:30,14:45
S102117,E1049,ST-01,2026-06-22,06:30,15:45
S102162,E1050,ST-01,2026-06-22,08:15,19:45
S102201,E1051,ST-06,2026-06-22,09:00,20:00
S102251,E1052,ST-01,2026-06-22,07:00,17:30
S102329,E1054,ST-03,2026-06-22,09:00,18:15
S102560,E1059,ST-05,2026-06-22,08:00,16:45
S102609,E1060,ST-02,2026-06-22,08:00,16:30
S102800,E1064,ST-04,2026-06-22,06:00,14:45
S102842,E1065,ST-03,2026-06-22,18:30,05:30
S102880,E1066,ST-05,2026-06-22,06:00,16:00
S102973,E1068,ST-01,2026-06-22,08:00,17:30
S103056,E1070,ST-05,2026-06-22,18:00,06:30
S103097,E1071,ST-02,2026-06-22,06:15,16:00
S103144,E1072,ST-06,2026-06-22,06:30,18:00
S103186,E1073,ST-01,2026-06-22,08:00,18:30
S103234,E1074,ST-05,2026-06-22,06:30,14:30
S103284,E1075,ST-06,2026-06-22,08:30,17:45
S103335,E1076,ST-03,2026-06-22,08:00,16:45
S103463,E1079,ST-05,2026-06-22,06:15,15:15
S103510,E1080,ST-04,2026-06-22,07:15,17:00
S103626,E1083,ST-05,2026-06-22,18:00,
S103706,E1085,ST-04,2026-06-22,06:00,14:15
S103803,E1087,ST-02,2026-06-22,08:15,20:45
S103901,E1089,ST-02,2026-06-22,07:15,16:30
S103955,E1090,ST-05,2026-06-22,06:00,15:15
S103958,E1091,ST-06,2026-06-22,06:00,15:45
S104013,E1092,ST-04,2026-06-22,09:00,19:00
S104059,E1093,ST-02,2026-06-22,08:00,18:30
S104100,E1094,ST-04,2026-06-22,18:15,06:00
S104195,E1096,ST-02,2026-06-22,08:00,16:30
S104253,E1098,ST-03,2026-06-22,09:15,18:15
S104361,E1100,ST-06,2026-06-22,07:00,15:45
S104411,E1101,ST-06,2026-06-22,08:15,20:15
S104445,E1102,ST-04,2026-06-22,06:00,14:15
S104488,E1103,ST-06,2026-06-22,08:00,16:45
S104534,E1104,ST-02,2026-06-22,06:00,16:00
S104582,E1105,ST-04,2026-06-22,08:00,17:15
S104723,E1108,ST-06,2026-06-22,07:00,16:30
S104771,E1109,ST-05,2026-06-22,08:00,16:30
S104859,E1111,ST-05,2026-06-22,08:30,17:15
S104907,E1112,ST-05,2026-06-22,07:00,19:30
S104944,E1113,ST-02,2026-06-22,07:15,16:00
S104994,E1114,ST-01,2026-06-22,07:00,16:45
S105128,E1117,ST-03,2026-06-22,06:30,16:45
S105213,E1119,ST-02,2026-06-22,06:15,15:30
S105270,E1120,ST-01,2026-06-22,08:00,18:15
S105321,E1121,ST-03,2026-06-22,18:00,05:30
S105365,E1122,ST-03,2026-06-22,06:30,15:15
S105474,E1124,ST-04,2026-06-22,08:00,18:15
S105521,E1125,ST-05,2026-06-22,08:00,16:30
S105573,E1126,ST-06,2026-06-22,08:00,16:30
S105673,E1129,ST-04,2026-06-22,06:00,15:00
S105717,E1130,ST-02,2026-06-22,06:15,15:45
S105813,E1132,ST-02,2026-06-22,18:15,05:15
S105859,E1133,ST-01,2026-06-22,08:15,18:00
S105954,E1135,ST-05,2026-06-22,08:15,16:30
S106004,E1136,ST-03,2026-06-22,06:00,15:00
S106135,E1139,ST-03,2026-06-22,18:00,06:00
S106172,E1140,ST-04,2026-06-22,08:00,17:30
S106293,E1143,ST-02,2026-06-22,06:00,
S106335,E1144,ST-06,2026-06-22,09:30,17:45
S106374,E1145,ST-03,2026-06-22,19:15,08:15
S106443,E1147,ST-01,2026-06-22,06:15,18:45
S106480,E1148,ST-01,2026-06-22,06:00,14:15
S106521,E1149,ST-05,2026-06-22,08:00,20:00
S106605,E1151,ST-04,2026-06-22,08:30,17:15
S106695,E1153,ST-02,2026-06-22,06:00,14:30
S106745,E1154,ST-04,2026-06-22,06:15,14:45
S106834,E1156,ST-04,2026-06-22,08:00,16:15
S106882,E1157,ST-05,2026-06-22,06:00,18:45
S107049,E1161,ST-05,2026-06-22,07:15,20:00
S107092,E1162,ST-03,2026-06-22,06:00,17:15
S107139,E1163,ST-01,2026-06-22,07:00,16:15
S107191,E1164,ST-04,2026-06-22,08:00,17:15
S107290,E1166,ST-06,2026-06-22,08:00,17:30
S107513,E1171,ST-02,2026-06-22,08:00,18:15
S107656,E1174,ST-01,2026-06-22,07:15,16:15
S107704,E1175,ST-03,2026-06-22,06:15,19:15
S107787,E1177,ST-02,2026-06-22,06:30,15:30
S107833,E1178,ST-03,2026-06-22,07:00,17:00
S107881,E1179,ST-05,2026-06-22,08:00,21:00
S107921,E1180,ST-06,2026-06-22,08:00,17:30
S107967,E1181,ST-04,2026-06-22,19:00,07:15
S108000,E1182,ST-05,2026-06-22,18:15,06:15
S108039,E1183,ST-06,2026-06-22,19:30,06:30
S108086,E1184,ST-01,2026-06-22,19:30,23:30
S108213,E1187,ST-04,2026-06-22,09:00,18:15
S108263,E1188,ST-02,2026-06-22,09:00,21:00
S108353,E1190,ST-05,2026-06-22,06:15,18:00
S108394,E1191,ST-01,2026-06-22,06:00,15:45
S108545,E1195,ST-04,2026-06-22,08:00,16:30
S108592,E1196,ST-04,2026-06-22,18:00,07:00
S108631,E1197,ST-02,2026-06-22,08:00,16:30
S108684,E1198,ST-04,2026-06-22,08:15,18:00
S108740,E1199,ST-05,2026-06-22,08:30,17:30
S108790,E1200,ST-04,2026-06-22,06:30,15:15
S108914,E1203,ST-03,2026-06-22,09:15,18:30
S108961,E1204,ST-02,2026-06-22,06:00,15:30
S109062,E1206,ST-03,2026-06-22,09:00,18:15
S109152,E1208,ST-01,2026-06-22,08:00,17:15
S109204,E1209,ST-05,2026-06-22,08:15,17:30
S109368,E1213,ST-03,2026-06-22,06:30,15:30
S109371,E1213,ST-04,2026-06-22,07:00,11:00
S100011,E1001,ST-01,2026-06-23,08:15,18:00
S100202,E1005,ST-05,2026-06-23,06:00,14:30
S100291,E1007,ST-06,2026-06-23,09:15,20:00
S100328,E1008,ST-03,2026-06-23,06:00,17:00
S100408,E1010,ST-01,2026-06-23,08:15,
S100458,E1011,ST-01,2026-06-23,07:00,16:30
S100617,E1015,ST-05,2026-06-23,08:00,17:30
S100666,E1016,ST-04,2026-06-23,09:30,19:45
S100713,E1017,ST-05,2026-06-23,09:00,21:00
S100750,E1018,ST-01,2026-06-23,08:30,18:15
S100790,E1019,ST-05,2026-06-23,09:00,17:45
S100877,E1021,ST-04,2026-06-23,06:00,18:45
S101003,E1024,ST-01,2026-06-23,09:15,18:30
S101137,E1027,ST-06,2026-06-23,09:15,19:30
S101188,E1028,ST-01,2026-06-23,08:30,17:45
S101231,E1029,ST-04,2026-06-23,08:00,17:45
S101283,E1030,ST-03,2026-06-23,07:15,16:45
S101379,E1032,ST-01,2026-06-23,08:00,16:30
S101609,E1038,ST-06,2026-06-23,09:00,20:45
S101644,E1039,ST-04,2026-06-23,07:00,16:15
S101792,E1042,ST-03,2026-06-23,07:15,18:45
S101835,E1043,ST-03,2026-06-23,07:00,16:15
S101884,E1044,ST-02,2026-06-23,18:00,06:15
S101929,E1045,ST-05,2026-06-23,07:15,15:45
S101982,E1046,ST-03,2026-06-23,09:00,18:30
S102069,E1048,ST-01,2026-06-23,06:30,15:45
S102118,E1049,ST-01,2026-06-23,06:00,16:30
S102202,E1051,ST-06,2026-06-23,06:30,14:45
S102415,E1056,ST-03,2026-06-23,07:00,16:15
S102465,E1057,ST-01,2026-06-23,06:30,17:00
S102511,E1058,ST-04,2026-06-23,06:15,16:15
S102564,E1059,ST-06,2026-06-23,08:30,12:30
S102753,E1063,ST-05,2026-06-23,08:00,16:45
S102843,E1065,ST-03,2026-06-23,19:00,06:45
S102925,E1067,ST-06,2026-06-23,08:30,18:00
S102974,E1068,ST-01,2026-06-23,06:00,14:30
S103235,E1074,ST-05,2026-06-23,08:15,17:15
S103464,E1079,ST-05,2026-06-23,08:00,19:00
S103511,E1080,ST-04,2026-06-23,08:15,18:15
S103553,E1081,ST-04,2026-06-23,20:30,09:15
S103587,E1082,ST-04,2026-06-23,06:00,17:45
S103707,E1085,ST-04,2026-06-23,09:30,18:00
S103757,E1086,ST-03,2026-06-23,20:15,08:00
S103804,E1087,ST-02,2026-06-23,06:30,17:00
S103848,E1088,ST-05,2026-06-23,08:00,16:30
S104014,E1092,ST-04,2026-06-23,08:00,19:00
S104060,E1093,ST-02,2026-06-23,06:00,16:00
S104144,E1095,ST-03,2026-06-23,08:15,17:00
S104196,E1096,ST-02,2026-06-23,06:30,16:00
S104250,E1097,ST-02,2026-06-23,08:00,17:30
S104254,E1098,ST-03,2026-06-23,08:30,17:15
S104311,E1099,ST-02,2026-06-23,20:15,07:15
S104412,E1101,ST-06,2026-06-23,08:00,20:15
S104489,E1103,ST-06,2026-06-23,07:30,17:45
S104535,E1104,ST-02,2026-06-23,07:00,17:30
S104632,E1106,ST-03,2026-06-23,08:00,20:15
S104635,E1106,ST-02,2026-06-23,07:00,11:00
S104673,E1107,ST-04,2026-06-23,09:00,17:15
S104772,E1109,ST-05,2026-06-23,06:00,14:30
S104817,E1110,ST-06,2026-06-23,07:00,16:15
S104860,E1111,ST-05,2026-06-23,06:15,15:15
S104945,E1113,ST-02,2026-06-23,09:00,17:00
S104995,E1114,ST-01,2026-06-23,09:15,18:00
S105040,E1115,ST-06,2026-06-23,09:00,17:15
S105169,E1118,ST-03,2026-06-23,08:00,17:45
S105214,E1119,ST-02,2026-06-23,09:00,18:00
S105271,E1120,ST-01,2026-06-23,09:00,18:45
S105322,E1121,ST-03,2026-06-23,18:00,06:30
S105425,E1123,ST-01,2026-06-23,06:00,15:30
S105522,E1125,ST-05,2026-06-23,06:00,14:30
S105574,E1126,ST-06,2026-06-23,06:00,14:45
S105577,E1127,ST-04,2026-06-23,08:15,17:30
S105674,E1129,ST-04,2026-06-23,08:00,16:45
S105718,E1130,ST-02,2026-06-23,06:15,15:30
S105770,E1131,ST-01,2026-06-23,06:15,16:30
S105814,E1132,ST-02,2026-06-23,19:15,06:45
S105860,E1133,ST-01,2026-06-23,06:00,14:30
S105906,E1134,ST-04,2026-06-23,09:15,19:00
S106049,E1137,ST-05,2026-06-23,06:30,15:45
S106095,E1138,ST-01,2026-06-23,19:00,06:45
S106136,E1139,ST-03,2026-06-23,19:00,07:15
S106173,E1140,ST-04,2026-06-23,08:00,17:00
S106218,E1141,ST-01,2026-06-23,06:00,
S106253,E1142,ST-03,2026-06-23,07:00,19:00
S106294,E1143,ST-02,2026-06-23,06:00,15:45
S106410,E1146,ST-04,2026-06-23,20:00,08:15
S106444,E1147,ST-01,2026-06-23,06:15,18:00
S106481,E1148,ST-01,2026-06-23,07:30,16:00
S106606,E1151,ST-04,2026-06-23,08:15,16:45
S106651,E1152,ST-06,2026-06-23,08:00,19:45
S106696,E1153,ST-02,2026-06-23,06:00,15:15
S106746,E1154,ST-04,2026-06-23,09:00,18:00
S106792,E1155,ST-03,2026-06-23,08:30,20:00
S106835,E1156,ST-04,2026-06-23,06:00,15:15
S106967,E1159,ST-06,2026-06-23,20:00,07:45
S106971,E1159,ST-01,2026-06-23,18:00,22:00
S107050,E1161,ST-05,2026-06-23,06:15,19:15
S107093,E1162,ST-03,2026-06-23,07:00,17:00
S107140,E1163,ST-01,2026-06-23,06:30,16:00
S107192,E1164,ST-04,2026-06-23,09:30,18:00
S107291,E1166,ST-06,2026-06-23,08:00,18:15
S107373,E1168,ST-04,2026-06-23,07:30,16:45
S107471,E1170,ST-05,2026-06-23,08:00,17:30
S107607,E1173,ST-05,2026-06-23,06:00,15:00
S107705,E1175,ST-03,2026-06-23,08:00,20:00
S107882,E1179,ST-05,2026-06-23,06:30,19:15
S107968,E1181,ST-04,2026-06-23,18:00,05:45
S108082,E1184,ST-06,2026-06-23,20:30,08:45
S108175,E1186,ST-05,2026-06-23,08:00,20:30
S108214,E1187,ST-04,2026-06-23,06:00,15:30
S108304,E1189,ST-03,2026-06-23,06:00,15:15
S108395,E1191,ST-01,2026-06-23,07:00,15:15
S108400,E1191,ST-06,2026-06-23,06:00,10:00
S108444,E1192,ST-05,2026-06-23,06:15,17:00
S108546,E1195,ST-04,2026-06-23,07:15,16:00
S108593,E1196,ST-04,2026-06-23,18:00,05:45
S108632,E1197,ST-02,2026-06-23,08:00,16:45
S108685,E1198,ST-04,2026-06-23,06:15,
S108791,E1200,ST-04,2026-06-23,08:00,16:45
S108875,E1202,ST-06,2026-06-23,18:00,06:15
S108915,E1203,ST-03,2026-06-23,08:00,16:30
S108962,E1204,ST-02,2026-06-23,08:30,17:30
S109011,E1205,ST-02,2026-06-23,08:00,17:00
S109063,E1206,ST-03,2026-06-23,09:00,18:30
S109108,E1207,ST-02,2026-06-23,08:15,18:45
S109205,E1209,ST-05,2026-06-23,07:30,15:45
S109250,E1210,ST-03,2026-06-23,06:00,15:30
S109327,E1212,ST-06,2026-06-23,20:00,06:45
S109369,E1213,ST-03,2026-06-23,06:00,14:45
S109372,E1213,ST-04,2026-06-23,09:00,13:00
S100060,E1002,ST-02,2026-06-24,09:00,17:45
S100159,E1004,ST-03,2026-06-24,19:30,07:30
S100254,E1006,ST-04,2026-06-24,08:00,19:30
S100459,E1011,ST-01,2026-06-24,08:00,17:30
S100501,E1012,ST-04,2026-06-24,07:00,17:45
S100543,E1013,ST-04,2026-06-24,08:00,19:15
S100618,E1015,ST-05,2026-06-24,07:00,17:30
S100751,E1018,ST-01,2026-06-24,08:00,18:30
S100835,E1020,ST-03,2026-06-24,06:00,15:00
S100959,E1023,ST-01,2026-06-24,07:30,16:30
S101004,E1024,ST-01,2026-06-24,07:15,16:45
S101052,E1025,ST-02,2026-06-24,09:15,19:15
S101138,E1027,ST-06,2026-06-24,08:00,18:15
S101189,E1028,ST-01,2026-06-24,08:00,18:00
S101284,E1030,ST-03,2026-06-24,09:00,18:15
S101330,E1031,ST-05,2026-06-24,09:00,19:00
S101380,E1032,ST-01,2026-06-24,07:15,18:15
S101432,E1033,ST-01,2026-06-24,06:00,15:00
S101478,E1034,ST-02,2026-06-24,06:00,15:30
S101528,E1036,ST-03,2026-06-24,08:00,19:45
S101578,E1037,ST-03,2026-06-24,18:00,06:30
S101702,E1040,ST-03,2026-06-24,09:00,18:30
S101749,E1041,ST-03,2026-06-24,08:00,18:15
S101836,E1043,ST-03,2026-06-24,09:00,18:30
S101930,E1045,ST-05,2026-06-24,08:00,17:30
S102025,E1047,ST-06,2026-06-24,08:00,18:30
S102070,E1048,ST-01,2026-06-24,09:00,17:00
S102072,E1048,ST-03,2026-06-24,09:00,13:00
S102119,E1049,ST-01,2026-06-24,09:00,18:45
S102252,E1052,ST-01,2026-06-24,08:00,17:00
S102293,E1053,ST-01,2026-06-24,18:00,06:45
S102330,E1054,ST-03,2026-06-24,07:00,15:45
S102372,E1055,ST-06,2026-06-24,20:00,08:30
S102416,E1056,ST-03,2026-06-24,07:00,17:45
S102512,E1058,ST-04,2026-06-24,07:00,16:15
S102565,E1059,ST-06,2026-06-24,06:00,10:00
S102610,E1060,ST-02,2026-06-24,08:00,17:15
S102656,E1061,ST-01,2026-06-24,08:00,17:15
S102754,E1063,ST-05,2026-06-24,09:00,19:30
S102844,E1065,ST-03,2026-06-24,18:30,05:45
S102881,E1066,ST-05,2026-06-24,09:00,17:30
S102926,E1067,ST-06,2026-06-24,06:15,15:00
S103098,E1071,ST-02,2026-06-24,06:30,15:45
S103145,E1072,ST-06,2026-06-24,08:15,18:00
S103285,E1075,ST-06,2026-06-24,08:30,17:15
S103336,E1076,ST-03,2026-06-24,08:00,17:00
S103383,E1077,ST-04,2026-06-24,19:00,07:15
S103424,E1078,ST-03,2026-06-24,18:30,07:15
S103588,E1082,ST-04,2026-06-24,06:00,17:45
S103627,E1083,ST-05,2026-06-24,19:00,06:30
S103663,E1084,ST-03,2026-06-24,07:00,18:45
S103708,E1085,ST-04,2026-06-24,08:15,18:00
S103805,E1087,ST-02,2026-06-24,08:00,
S103902,E1089,ST-02,2026-06-24,07:00,15:30
S103956,E1090,ST-05,2026-06-24,08:00,15:45
S104061,E1093,ST-02,2026-06-24,06:30,16:00
S104101,E1094,ST-04,2026-06-24,18:00,06:15
S104145,E1095,ST-03,2026-06-24,06:00,14:45
S104197,E1096,ST-02,2026-06-24,07:15,15:45
S104362,E1100,ST-06,2026-06-24,06:00,14:45
S104446,E1102,ST-04,2026-06-24,06:30,15:30
S104583,E1105,ST-04,2026-06-24,08:30,17:45
S104633,E1106,ST-03,2026-06-24,08:15,19:45
S104674,E1107,ST-04,2026-06-24,07:00,16:45
S104724,E1108,ST-06,2026-06-24,08:00,16:30
S104818,E1110,ST-06,2026-06-24,07:00,16:00
S104908,E1112,ST-05,2026-06-24,06:00,17:45
S104946,E1113,ST-02,2026-06-24,06:00,15:30
S104996,E1114,ST-01,2026-06-24,09:00,17:30
S105041,E1115,ST-06,2026-06-24,09:00,18:15
S105085,E1116,ST-02,2026-06-24,06:30,19:00
S105272,E1120,ST-01,2026-06-24,06:15,14:15
S105366,E1122,ST-03,2026-06-24,06:00,15:00
S105426,E1123,ST-01,2026-06-24,08:30,18:00
S105478,E1124,ST-01,2026-06-24,07:00,11:00
S105632,E1128,ST-04,2026-06-24,08:30,20:15
S105719,E1130,ST-02,2026-06-24,08:15,18:45
S105861,E1133,ST-01,2026-06-24,07:00,14:45
S105907,E1134,ST-04,2026-06-24,09:00,17:45
S105955,E1135,ST-05,2026-06-24,08:00,18:00
S106005,E1136,ST-03,2026-06-24,09:30,20:00
S106096,E1138,ST-01,2026-06-24,19:15,06:45
S106174,E1140,ST-04,2026-06-24,07:00,16:00
S106254,E1142,ST-03,2026-06-24,06:00,18:00
S106336,E1144,ST-06,2026-06-24,06:15,15:45
S106375,E1145,ST-03,2026-06-24,18:15,06:15
S106445,E1147,ST-01,2026-06-24,09:15,21:00
S106559,E1150,ST-06,2026-06-24,20:00,09:00
S106607,E1151,ST-04,2026-06-24,08:00,18:00
S106652,E1152,ST-06,2026-06-24,06:00,17:30
S106697,E1153,ST-02,2026-06-24,08:30,17:00
S106747,E1154,ST-04,2026-06-24,06:00,14:30
S106793,E1155,ST-03,2026-06-24,06:30,18:00
S106883,E1157,ST-05,2026-06-24,09:30,21:00
S107007,E1160,ST-01,2026-06-24,06:00,16:15
S107051,E1161,ST-05,2026-06-24,09:15,21:45
S107094,E1162,ST-03,2026-06-24,06:00,16:00
S107141,E1163,ST-01,2026-06-24,06:15,15:00
S107193,E1164,ST-04,2026-06-24,07:00,16:15
S107241,E1165,ST-05,2026-06-24,06:15,15:15
S107292,E1166,ST-06,2026-06-24,08:00,18:00
S107374,E1168,ST-04,2026-06-24,06:15,15:45
S107420,E1169,ST-05,2026-06-24,09:30,18:00
S107472,E1170,ST-05,2026-06-24,08:00,17:45
S107562,E1172,ST-04,2026-06-24,09:00,18:30
S107608,E1173,ST-05,2026-06-24,08:15,18:30
S107657,E1174,ST-01,2026-06-24,08:30,17:30
S107745,E1176,ST-06,2026-06-24,20:15,07:45
S107788,E1177,ST-02,2026-06-24,06:00,14:00
S107834,E1178,ST-03,2026-06-24,07:30,17:15
S107922,E1180,ST-06,2026-06-24,08:00,18:00
S108040,E1183,ST-06,2026-06-24,18:30,06:30
S108131,E1185,ST-04,2026-06-24,06:00,16:15
S108176,E1186,ST-05,2026-06-24,07:00,19:15
S108305,E1189,ST-03,2026-06-24,08:00,17:15
S108396,E1191,ST-01,2026-06-24,06:00,16:00
S108445,E1192,ST-05,2026-06-24,06:30,18:15
S108485,E1193,ST-03,2026-06-24,06:15,14:00
S108547,E1195,ST-04,2026-06-24,09:00,19:15
S108633,E1197,ST-02,2026-06-24,08:00,17:00
S108741,E1199,ST-05,2026-06-24,09:00,18:45
S108792,E1200,ST-04,2026-06-24,09:00,17:45
S108837,E1201,ST-06,2026-06-24,06:00,17:45
S108916,E1203,ST-03,2026-06-24,09:30,17:45
S109012,E1205,ST-02,2026-06-24,09:00,17:45
S109109,E1207,ST-02,2026-06-24,06:15,15:00
S109153,E1208,ST-01,2026-06-24,06:00,14:00
S109251,E1210,ST-03,2026-06-24,09:00,18:15
S109328,E1212,ST-06,2026-06-24,18:00,06:45
S100061,E1002,ST-02,2026-06-25,07:00,16:30
S100113,E1003,ST-03,2026-06-25,08:00,17:00
S100160,E1004,ST-03,2026-06-25,18:00,05:15
S100203,E1005,ST-05,2026-06-25,06:00,15:30
S100257,E1006,ST-01,2026-06-25,09:00,13:00
S100364,E1009,ST-02,2026-06-25,06:00,18:00
S100409,E1010,ST-01,2026-06-25,09:30,18:45
S100502,E1012,ST-04,2026-06-25,06:15,
S100582,E1014,ST-03,2026-06-25,08:30,
S100667,E1016,ST-04,2026-06-25,08:30,17:30
S100714,E1017,ST-05,2026-06-25,09:00,
S100836,E1020,ST-03,2026-06-25,07:00,15:30
S100914,E1022,ST-06,2026-06-25,07:15,17:30
S101005,E1024,ST-01,2026-06-25,06:15,15:15
S101139,E1027,ST-06,2026-06-25,08:30,17:00
S101232,E1029,ST-04,2026-06-25,06:00,15:15
S101285,E1030,ST-03,2026-06-25,06:00,14:45
S101381,E1032,ST-01,2026-06-25,09:00,18:15
S101525,E1035,ST-01,2026-06-25,08:15,20:45
S101579,E1037,ST-03,2026-06-25,18:30,06:00
S101610,E1038,ST-06,2026-06-25,08:00,12:15
S101645,E1039,ST-04,2026-06-25,09:30,18:30
S101750,E1041,ST-03,2026-06-25,06:00,16:15
S101793,E1042,ST-03,2026-06-25,06:00,19:00
S101885,E1044,ST-02,2026-06-25,19:00,08:00
S101983,E1046,ST-03,2026-06-25,08:30,18:15
S102026,E1047,ST-06,2026-06-25,09:15,18:30
S102073,E1048,ST-03,2026-06-25,08:15,12:15
S102163,E1050,ST-01,2026-06-25,06:30,18:00
S102203,E1051,ST-06,2026-06-25,08:00,17:15
S102373,E1055,ST-06,2026-06-25,18:15,05:15
S102417,E1056,ST-03,2026-06-25,07:30,16:00
S102466,E1057,ST-01,2026-06-25,06:00,16:15
S102513,E1058,ST-04,2026-06-25,09:00,18:00
S102561,E1059,ST-05,2026-06-25,08:00,17:45
S102657,E1061,ST-01,2026-06-25,09:00,18:45
S102709,E1062,ST-05,2026-06-25,07:15,18:30
S102801,E1064,ST-04,2026-06-25,09:30,17:30
S102975,E1068,ST-01,2026-06-25,09:00,19:30
S103018,E1069,ST-05,2026-06-25,06:00,17:45
S103057,E1070,ST-05,2026-06-25,20:00,08:00
S103099,E1071,ST-02,2026-06-25,06:00,15:30
S103146,E1072,ST-06,2026-06-25,07:15,17:15
S103187,E1073,ST-01,2026-06-25,08:00,18:30
S103236,E1074,ST-05,2026-06-25,07:30,16:45
S103286,E1075,ST-06,2026-06-25,08:15,16:15
S103337,E1076,ST-03,2026-06-25,09:15,18:00
S103384,E1077,ST-04,2026-06-25,18:15,06:30
S103425,E1078,ST-03,2026-06-25,20:30,08:00
S103465,E1079,ST-05,2026-06-25,08:00,18:30
S103512,E1080,ST-04,2026-06-25,08:15,16:45
S103664,E1084,ST-03,2026-06-25,06:00,18:30
S103758,E1086,ST-03,2026-06-25,20:00,07:30
S103849,E1088,ST-05,2026-06-25,08:00,17:15
S103903,E1089,ST-02,2026-06-25,06:15,14:45
S103959,E1091,ST-06,2026-06-25,08:00,16:30
S104015,E1092,ST-04,2026-06-25,06:30,19:30
S104062,E1093,ST-02,2026-06-25,06:00,15:15
S104146,E1095,ST-03,2026-06-25,07:00,16:00
S104251,E1097,ST-02,2026-06-25,07:00,17:00
S104255,E1098,ST-03,2026-06-25,06:00,15:45
S104312,E1099,ST-02,2026-06-25,18:00,06:45
S104363,E1100,ST-06,2026-06-25,06:00,13:45
S104413,E1101,ST-06,2026-06-25,08:15,19:45
S104447,E1102,ST-04,2026-06-25,06:00,13:30
S104490,E1103,ST-06,2026-06-25,08:00,18:00
S104536,E1104,ST-02,2026-06-25,06:00,16:45
S104584,E1105,ST-04,2026-06-25,09:00,18:00
S104634,E1106,ST-03,2026-06-25,06:15,19:45
S104636,E1106,ST-02,2026-06-25,07:00,11:00
S104997,E1114,ST-01,2026-06-25,09:15,19:15
S105042,E1115,ST-06,2026-06-25,07:00,16:15
S105086,E1116,ST-02,2026-06-25,06:00,17:45
S105129,E1117,ST-03,2026-06-25,07:15,17:00
S105170,E1118,ST-03,2026-06-25,07:00,18:00
S105215,E1119,ST-02,2026-06-25,06:00,15:00
S105367,E1122,ST-03,2026-06-25,08:15,17:30
S105475,E1124,ST-04,2026-06-25,06:00,15:15
S105479,E1124,ST-01,2026-06-25,09:00,13:00
S105523,E1125,ST-05,2026-06-25,08:00,16:15
S105578,E1127,ST-04,2026-06-25,06:15,15:15
S105633,E1128,ST-04,2026-06-25,07:15,18:15
S105771,E1131,ST-01,2026-06-25,08:00,18:00
S105908,E1134,ST-04,2026-06-25,06:00,15:00
S106050,E1137,ST-05,2026-06-25,07:15,16:15
S106137,E1139,ST-03,2026-06-25,19:15,08:00
S106175,E1140,ST-04,2026-06-25,08:00,18:30
S106219,E1141,ST-01,2026-06-25,06:00,17:45
S106255,E1142,ST-03,2026-06-25,08:00,20:30
S106337,E1144,ST-06,2026-06-25,07:00,16:45
S106376,E1145,ST-03,2026-06-25,19:15,07:45
S106411,E1146,ST-04,2026-06-25,20:15,09:15
S106482,E1148,ST-01,2026-06-25,08:15,16:45
S106522,E1149,ST-05,2026-06-25,08:00,20:15
S106560,E1150,ST-06,2026-06-25,18:00,
S106653,E1152,ST-06,2026-06-25,08:00,19:00
S106748,E1154,ST-04,2026-06-25,07:15,16:30
S106794,E1155,ST-03,2026-06-25,06:15,17:45
S106836,E1156,ST-04,2026-06-25,09:30,18:30
S106925,E1158,ST-04,2026-06-25,08:00,17:45
S107008,E1160,ST-01,2026-06-25,08:00,16:30
S107142,E1163,ST-01,2026-06-25,07:00,16:00
S107335,E1167,ST-02,2026-06-25,07:00,18:45
S107421,E1169,ST-05,2026-06-25,09:15,18:00
S107473,E1170,ST-05,2026-06-25,06:00,16:00
S107514,E1171,ST-02,2026-06-25,08:30,18:45
S107563,E1172,ST-04,2026-06-25,08:00,16:00
S107609,E1173,ST-05,2026-06-25,08:00,17:45
S107658,E1174,ST-01,2026-06-25,07:30,16:15
S107789,E1177,ST-02,2026-06-25,08:15,18:00
S107883,E1179,ST-05,2026-06-25,08:15,20:15
S108087,E1184,ST-01,2026-06-25,18:30,22:30
S108132,E1185,ST-04,2026-06-25,08:00,18:30
S108215,E1187,ST-04,2026-06-25,08:15,18:30
S108264,E1188,ST-02,2026-06-25,06:00,17:15
S108306,E1189,ST-03,2026-06-25,06:00,15:30
S108397,E1191,ST-01,2026-06-25,09:00,17:00
S108401,E1191,ST-06,2026-06-25,07:30,11:30
S108446,E1192,ST-05,2026-06-25,09:30,20:45
S108488,E1194,ST-01,2026-06-25,08:00,17:00
S108548,E1195,ST-04,2026-06-25,07:30,17:30
S108594,E1196,ST-04,2026-06-25,20:00,07:45
S108634,E1197,ST-02,2026-06-25,09:15,17:00
S108793,E1200,ST-04,2026-06-25,08:15,16:45
S108838,E1201,ST-06,2026-06-25,08:00,19:15
S108876,E1202,ST-06,2026-06-25,18:00,05:00
S108917,E1203,ST-03,2026-06-25,08:00,15:45
S108963,E1204,ST-02,2026-06-25,06:30,16:00
S109110,E1207,ST-02,2026-06-25,08:00,16:45
S109154,E1208,ST-01,2026-06-25,09:00,17:45
S109292,E1211,ST-01,2026-06-25,07:00,17:45
S109370,E1213,ST-03,2026-06-25,08:15,20:15
S100012,E1001,ST-01,2026-06-26,07:00,15:15
S100062,E1002,ST-02,2026-06-26,06:00,14:30
S100114,E1003,ST-03,2026-06-26,08:00,16:45
S100161,E1004,ST-03,2026-06-26,18:00,06:00
S100255,E1006,ST-04,2026-06-26,06:00,18:00
S100292,E1007,ST-06,2026-06-26,06:00,18:30
S100460,E1011,ST-01,2026-06-26,09:00,18:15
S100503,E1012,ST-04,2026-06-26,09:15,19:00
S100544,E1013,ST-04,2026-06-26,06:15,
S100668,E1016,ST-04,2026-06-26,06:00,16:15
S100671,E1016,ST-05,2026-06-26,06:00,10:00
S100791,E1019,ST-05,2026-06-26,06:00,14:30
S100837,E1020,ST-03,2026-06-26,06:00,16:15
S100915,E1022,ST-06,2026-06-26,08:30,17:45
S100918,E1022,ST-03,2026-06-26,09:15,13:15
S100960,E1023,ST-01,2026-06-26,06:00,15:15
S101053,E1025,ST-02,2026-06-26,08:00,18:00
S101233,E1029,ST-04,2026-06-26,06:00,15:30
S101331,E1031,ST-05,2026-06-26,08:30,19:30
S101382,E1032,ST-01,2026-06-26,06:30,15:45
S101433,E1033,ST-01,2026-06-26,08:15,18:00
S101479,E1034,ST-02,2026-06-26,07:00,
S101580,E1037,ST-03,2026-06-26,20:00,08:45
S101646,E1039,ST-04,2026-06-26,08:30,18:00
S101703,E1040,ST-03,2026-06-26,08:00,17:30
S101751,E1041,ST-03,2026-06-26,06:15,16:15
S101794,E1042,ST-03,2026-06-26,07:00,20:00
S101837,E1043,ST-03,2026-06-26,09:15,17:30
S101931,E1045,ST-05,2026-06-26,06:00,14:30
S101984,E1046,ST-03,2026-06-26,06:15,14:45
S102120,E1049,ST-01,2026-06-26,08:00,18:00
S102204,E1051,ST-06,2026-06-26,08:00,17:30
S102294,E1053,ST-01,2026-06-26,19:00,07:30
S102418,E1056,ST-03,2026-06-26,08:00,17:15
S102467,E1057,ST-01,2026-06-26,06:15,16:15
S102514,E1058,ST-04,2026-06-26,09:30,23:00
S102562,E1059,ST-05,2026-06-26,09:00,18:00
S102611,E1060,ST-02,2026-06-26,07:15,14:45
S102658,E1061,ST-01,2026-06-26,06:30,14:45
S102710,E1062,ST-05,2026-06-26,06:00,15:45
S102755,E1063,ST-05,2026-06-26,08:00,18:45
S102882,E1066,ST-05,2026-06-26,08:00,18:00
S102927,E1067,ST-06,2026-06-26,06:00,15:15
S103019,E1069,ST-05,2026-06-26,08:00,20:45
S103100,E1071,ST-02,2026-06-26,09:00,18:45
S103147,E1072,ST-06,2026-06-26,06:00,16:45
S103237,E1074,ST-05,2026-06-26,08:30,17:15
S103338,E1076,ST-03,2026-06-26,08:00,17:45
S103385,E1077,ST-04,2026-06-26,18:15,06:45
S103426,E1078,ST-03,2026-06-26,18:30,07:00
S103589,E1082,ST-04,2026-06-26,06:15,19:00
S103665,E1084,ST-03,2026-06-26,07:00,19:45
S103709,E1085,ST-04,2026-06-26,08:15,17:45
S103759,E1086,ST-03,2026-06-26,20:00,08:30
S103806,E1087,ST-02,2026-06-26,09:00,20:30
S103850,E1088,ST-05,2026-06-26,09:30,19:00
S104147,E1095,ST-03,2026-06-26,07:00,16:45
S104198,E1096,ST-02,2026-06-26,06:15,15:45
S104313,E1099,ST-02,2026-06-26,19:00,
S104364,E1100,ST-06,2026-06-26,06:00,15:15
S104448,E1102,ST-04,2026-06-26,06:00,13:45
S104537,E1104,ST-02,2026-06-26,06:00,15:45
S104585,E1105,ST-04,2026-06-26,09:00,18:00
S104675,E1107,ST-04,2026-06-26,09:00,18:00
S104725,E1108,ST-06,2026-06-26,07:00,15:45
S104773,E1109,ST-05,2026-06-26,07:30,16:15
S104861,E1111,ST-05,2026-06-26,09:00,18:45
S104909,E1112,ST-05,2026-06-26,08:00,20:00
S104998,E1114,ST-01,2026-06-26,08:30,16:15
S105043,E1115,ST-06,2026-06-26,09:15,18:30
S105087,E1116,ST-02,2026-06-26,06:15,18:45
S105273,E1120,ST-01,2026-06-26,08:00,18:00
S105368,E1122,ST-03,2026-06-26,08:00,17:15
S105427,E1123,ST-01,2026-06-26,08:00,17:45
S105476,E1124,ST-04,2026-06-26,09:00,19:00
S105524,E1125,ST-05,2026-06-26,06:00,15:30
S105575,E1126,ST-06,2026-06-26,06:00,16:00
S105675,E1129,ST-04,2026-06-26,06:00,14:30
S105720,E1130,ST-02,2026-06-26,07:15,17:30
S105772,E1131,ST-01,2026-06-26,06:30,16:30
S105815,E1132,ST-02,2026-06-26,19:00,07:15
S105862,E1133,ST-01,2026-06-26,09:15,18:45
S105956,E1135,ST-05,2026-06-26,06:00,15:15
S106006,E1136,ST-03,2026-06-26,08:00,16:45
S106051,E1137,ST-05,2026-06-26,07:00,16:30
S106097,E1138,ST-01,2026-06-26,18:00,07:00
S106295,E1143,ST-02,2026-06-26,08:15,17:45
S106338,E1144,ST-06,2026-06-26,07:15,15:45
S106561,E1150,ST-06,2026-06-26,19:30,07:45
S106654,E1152,ST-06,2026-06-26,08:15,18:30
S106749,E1154,ST-04,2026-06-26,09:00,14:45
S106884,E1157,ST-05,2026-06-26,08:00,
S106926,E1158,ST-04,2026-06-26,06:00,15:30
S106968,E1159,ST-06,2026-06-26,20:00,08:15
S106972,E1159,ST-01,2026-06-26,19:00,23:00
S107009,E1160,ST-01,2026-06-26,07:00,17:00
S107095,E1162,ST-03,2026-06-26,07:00,17:00
S107143,E1163,ST-01,2026-06-26,07:00,16:45
S107194,E1164,ST-04,2026-06-26,08:30,17:15
S107242,E1165,ST-05,2026-06-26,06:00,15:15
S107293,E1166,ST-06,2026-06-26,08:00,20:30
S107336,E1167,ST-02,2026-06-26,06:15,18:30
S107375,E1168,ST-04,2026-06-26,06:00,15:45
S107422,E1169,ST-05,2026-06-26,07:30,16:00
S107515,E1171,ST-02,2026-06-26,07:00,16:30
S107564,E1172,ST-04,2026-06-26,07:00,16:45
S107610,E1173,ST-05,2026-06-26,09:30,19:15
S107706,E1175,ST-03,2026-06-26,08:00,19:15
S107835,E1178,ST-03,2026-06-26,06:30,16:30
S107923,E1180,ST-06,2026-06-26,06:00,14:45
S108001,E1182,ST-05,2026-06-26,19:00,07:15
S108041,E1183,ST-06,2026-06-26,19:30,06:30
S108083,E1184,ST-06,2026-06-26,19:00,07:15
S108133,E1185,ST-04,2026-06-26,07:00,15:30
S108216,E1187,ST-04,2026-06-26,07:15,15:15
S108265,E1188,ST-02,2026-06-26,06:00,17:15
S108354,E1190,ST-05,2026-06-26,09:00,
S108486,E1193,ST-03,2026-06-26,09:00,18:45
S108489,E1194,ST-01,2026-06-26,08:00,18:00
S108635,E1197,ST-02,2026-06-26,08:15,21:45
S108686,E1198,ST-04,2026-06-26,06:30,15:15
S108742,E1199,ST-05,2026-06-26,08:00,17:00
S108794,E1200,ST-04,2026-06-26,06:00,15:00
S108839,E1201,ST-06,2026-06-26,08:30,22:00
S109013,E1205,ST-02,2026-06-26,06:00,14:15
S109064,E1206,ST-03,2026-06-26,08:00,17:15
S109111,E1207,ST-02,2026-06-26,09:00,19:00
S109252,E1210,ST-03,2026-06-26,08:30,18:15
S109293,E1211,ST-01,2026-06-26,08:30,21:15
S109329,E1212,ST-06,2026-06-26,18:00,06:15
S100013,E1001,ST-01,2026-06-27,08:00,20:00
S100063,E1002,ST-02,2026-06-27,08:00,
S100115,E1003,ST-03,2026-06-27,09:15,17:30
S100204,E1005,ST-05,2026-06-27,06:00,15:15
S100329,E1008,ST-03,2026-06-27,06:00,17:30
S100410,E1010,ST-01,2026-06-27,06:00,15:15
S100619,E1015,ST-05,2026-06-27,08:30,19:45
S100752,E1018,ST-01,2026-06-27,06:00,13:45
S100792,E1019,ST-05,2026-06-27,09:30,18:45
S100916,E1022,ST-06,2026-06-27,06:00,12:00
S101054,E1025,ST-02,2026-06-27,09:00,18:45
S101096,E1026,ST-05,2026-06-27,06:30,18:30
S101140,E1027,ST-06,2026-06-27,08:00,17:30
S101286,E1030,ST-03,2026-06-27,06:15,13:30
S101332,E1031,ST-05,2026-06-27,06:30,17:30
S101434,E1033,ST-01,2026-06-27,06:15,15:45
S101526,E1035,ST-01,2026-06-27,09:30,15:00
S101647,E1039,ST-04,2026-06-27,06:00,15:30
S101838,E1043,ST-03,2026-06-27,08:00,16:45
S101985,E1046,ST-03,2026-06-27,08:30,16:45
S102027,E1047,ST-06,2026-06-27,08:00,16:45
S102205,E1051,ST-06,2026-06-27,08:00,16:45
S102253,E1052,ST-01,2026-06-27,08:00,18:30
S102331,E1054,ST-03,2026-06-27,06:15,14:45
S102374,E1055,ST-06,2026-06-27,19:00,06:45
S102419,E1056,ST-03,2026-06-27,07:15,15:45
S102612,E1060,ST-02,2026-06-27,09:00,18:45
S102659,E1061,ST-01,2026-06-27,06:00,15:00
S102711,E1062,ST-05,2026-06-27,06:00,15:45
S102756,E1063,ST-05,2026-06-27,09:30,19:45
S102802,E1064,ST-04,2026-06-27,06:30,16:00
S102845,E1065,ST-03,2026-06-27,18:15,03:00
S102928,E1067,ST-06,2026-06-27,09:00,18:45
S102976,E1068,ST-01,2026-06-27,09:00,22:00
S103020,E1069,ST-05,2026-06-27,08:30,20:45
S103058,E1070,ST-05,2026-06-27,20:00,08:15
S103101,E1071,ST-02,2026-06-27,06:00,15:15
S103188,E1073,ST-01,2026-06-27,06:00,16:15
S103238,E1074,ST-05,2026-06-27,06:30,13:15
S103287,E1075,ST-06,2026-06-27,08:15,17:45
S103339,E1076,ST-03,2026-06-27,08:30,14:30
S103386,E1077,ST-04,2026-06-27,19:00,06:45
S103427,E1078,ST-03,2026-06-27,18:30,02:45
S103466,E1079,ST-05,2026-06-27,06:15,14:45
S103513,E1080,ST-04,2026-06-27,06:00,14:30
S103554,E1081,ST-04,2026-06-27,20:00,08:15
S103590,E1082,ST-04,2026-06-27,06:00,12:45
S103628,E1083,ST-05,2026-06-27,18:00,07:00
S103760,E1086,ST-03,2026-06-27,18:30,
S103851,E1088,ST-05,2026-06-27,08:15,17:00
S104102,E1094,ST-04,2026-06-27,20:30,07:45
S104148,E1095,ST-03,2026-06-27,06:30,12:45
S104256,E1098,ST-03,2026-06-27,06:00,15:00
S104365,E1100,ST-06,2026-06-27,07:00,19:00
S104449,E1102,ST-04,2026-06-27,09:30,
S104491,E1103,ST-06,2026-06-27,07:30,16:15
S104676,E1107,ST-04,2026-06-27,09:30,18:00
S104726,E1108,ST-06,2026-06-27,08:00,17:00
S104774,E1109,ST-05,2026-06-27,07:30,16:45
S104819,E1110,ST-06,2026-06-27,06:00,15:15
S104862,E1111,ST-05,2026-06-27,09:00,18:00
S104910,E1112,ST-05,2026-06-27,08:00,14:45
S104947,E1113,ST-02,2026-06-27,08:00,17:00
S105044,E1115,ST-06,2026-06-27,09:00,17:45
S105088,E1116,ST-02,2026-06-27,09:15,20:15
S105130,E1117,ST-03,2026-06-27,08:30,18:00
S105171,E1118,ST-03,2026-06-27,06:15,16:30
S105274,E1120,ST-01,2026-06-27,08:00,
S105323,E1121,ST-03,2026-06-27,18:15,05:45
S105369,E1122,ST-03,2026-06-27,07:15,16:45
S105428,E1123,ST-01,2026-06-27,06:15,16:30
S105477,E1124,ST-04,2026-06-27,06:00,10:45
S105525,E1125,ST-05,2026-06-27,06:00,15:15
S105579,E1127,ST-04,2026-06-27,09:00,17:00
S105634,E1128,ST-04,2026-06-27,08:00,20:45
S105676,E1129,ST-04,2026-06-27,08:30,21:00
S105721,E1130,ST-02,2026-06-27,08:00,17:30
S105773,E1131,ST-01,2026-06-27,08:00,20:15
S105816,E1132,ST-02,2026-06-27,19:00,04:30
S105863,E1133,ST-01,2026-06-27,07:00,17:00
S105909,E1134,ST-04,2026-06-27,08:00,
S105957,E1135,ST-05,2026-06-27,06:15,15:15
S106007,E1136,ST-03,2026-06-27,09:00,17:30
S106052,E1137,ST-05,2026-06-27,09:00,16:45
S106176,E1140,ST-04,2026-06-27,06:30,14:15
S106256,E1142,ST-03,2026-06-27,07:00,18:45
S106296,E1143,ST-02,2026-06-27,09:00,14:30
S106377,E1145,ST-03,2026-06-27,20:00,04:30
S106412,E1146,ST-04,2026-06-27,19:00,08:30
S106483,E1148,ST-01,2026-06-27,06:15,19:45
S106523,E1149,ST-05,2026-06-27,06:15,17:00
S106562,E1150,ST-06,2026-06-27,19:00,02:45
S106608,E1151,ST-04,2026-06-27,08:00,17:00
S106698,E1153,ST-02,2026-06-27,09:00,17:45
S106837,E1156,ST-04,2026-06-27,09:00,18:15
S106885,E1157,ST-05,2026-06-27,08:00,15:15
S106927,E1158,ST-04,2026-06-27,07:30,16:30
S106969,E1159,ST-06,2026-06-27,18:30,
S107010,E1160,ST-01,2026-06-27,08:15,16:45
S107052,E1161,ST-05,2026-06-27,07:00,20:30
S107096,E1162,ST-03,2026-06-27,06:00,15:45
S107144,E1163,ST-01,2026-06-27,07:00,16:15
S107195,E1164,ST-04,2026-06-27,06:00,14:15
S107243,E1165,ST-05,2026-06-27,09:00,18:30
S107337,E1167,ST-02,2026-06-27,07:00,20:30
S107376,E1168,ST-04,2026-06-27,06:00,19:30
S107423,E1169,ST-05,2026-06-27,06:00,15:00
S107474,E1170,ST-05,2026-06-27,08:00,20:00
S107516,E1171,ST-02,2026-06-27,09:00,18:45
S107565,E1172,ST-04,2026-06-27,06:00,15:00
S107611,E1173,ST-05,2026-06-27,06:00,10:00
S107659,E1174,ST-01,2026-06-27,09:00,18:45
S107707,E1175,ST-03,2026-06-27,06:00,17:15
S107746,E1176,ST-06,2026-06-27,18:30,06:45
S107836,E1178,ST-03,2026-06-27,06:00,14:30
S107924,E1180,ST-06,2026-06-27,06:00,14:45
S107969,E1181,ST-04,2026-06-27,18:00,07:30
S108042,E1183,ST-06,2026-06-27,18:00,04:15
S108084,E1184,ST-06,2026-06-27,19:00,07:30
S108134,E1185,ST-04,2026-06-27,06:00,14:15
S108177,E1186,ST-05,2026-06-27,06:15,
S108217,E1187,ST-04,2026-06-27,09:00,18:15
S108266,E1188,ST-02,2026-06-27,06:00,17:00
S108307,E1189,ST-03,2026-06-27,09:15,17:45
S108355,E1190,ST-05,2026-06-27,09:15,20:45
S108398,E1191,ST-01,2026-06-27,08:15,17:15
S108447,E1192,ST-05,2026-06-27,09:15,22:45
S108490,E1194,ST-01,2026-06-27,08:00,16:45
S108687,E1198,ST-04,2026-06-27,06:30,16:15
S108743,E1199,ST-05,2026-06-27,08:00,15:45
S108795,E1200,ST-04,2026-06-27,08:00,15:15
S108877,E1202,ST-06,2026-06-27,18:00,06:00
S108964,E1204,ST-02,2026-06-27,08:00,16:45
S109014,E1205,ST-02,2026-06-27,08:00,16:15
S109065,E1206,ST-03,2026-06-27,08:00,16:30
S109155,E1208,ST-01,2026-06-27,09:30,19:30
S109206,E1209,ST-05,2026-06-27,06:00,15:45
S109253,E1210,ST-03,2026-06-27,08:15,19:45
S109294,E1211,ST-01,2026-06-27,09:00,22:30
S100116,E1003,ST-03,2026-06-28,07:15,13:45
S100205,E1005,ST-05,2026-06-28,06:00,19:00
S100293,E1007,ST-06,2026-06-28,06:00,18:30
S100330,E1008,ST-03,2026-06-28,07:00,14:30
S100365,E1009,ST-02,2026-06-28,08:15,21:45
S100411,E1010,ST-01,2026-06-28,08:00,19:30
S100461,E1011,ST-01,2026-06-28,08:00,17:00
S100504,E1012,ST-04,2026-06-28,06:15,17:30
S100545,E1013,ST-04,2026-06-28,06:00,15:00
S100583,E1014,ST-03,2026-06-28,06:00,17:45
S100669,E1016,ST-04,2026-06-28,07:15,16:30
S100715,E1017,ST-05,2026-06-28,08:30,15:15
S100793,E1019,ST-05,2026-06-28,08:00,21:15
S100878,E1021,ST-04,2026-06-28,08:00,21:30
S100961,E1023,ST-01,2026-06-28,06:00,19:15
S101006,E1024,ST-01,2026-06-28,06:00,13:00
S101055,E1025,ST-02,2026-06-28,06:00,12:30
S101097,E1026,ST-05,2026-06-28,06:00,19:30
S101141,E1027,ST-06,2026-06-28,06:00,11:15
S101190,E1028,ST-01,2026-06-28,08:00,19:30
S101234,E1029,ST-04,2026-06-28,06:30,14:00
S101333,E1031,ST-05,2026-06-28,06:00,17:15
S101383,E1032,ST-01,2026-06-28,08:30,16:00
S101435,E1033,ST-01,2026-06-28,09:15,16:15
S101480,E1034,ST-02,2026-06-28,07:30,17:00
S101529,E1036,ST-03,2026-06-28,08:30,15:00
S101648,E1039,ST-04,2026-06-28,08:00,17:30
S101704,E1040,ST-03,2026-06-28,06:00,19:30
S101752,E1041,ST-03,2026-06-28,09:00,21:15
S101839,E1043,ST-03,2026-06-28,08:00,15:00
S101886,E1044,ST-02,2026-06-28,19:00,08:30
S101932,E1045,ST-05,2026-06-28,08:15,17:30
S101986,E1046,ST-03,2026-06-28,08:00,21:30
S102028,E1047,ST-06,2026-06-28,08:15,21:45
S102071,E1048,ST-01,2026-06-28,08:15,21:30
S102121,E1049,ST-01,2026-06-28,06:00,15:45
S102164,E1050,ST-01,2026-06-28,06:00,19:30
S102254,E1052,ST-01,2026-06-28,09:00,20:45
S102295,E1053,ST-01,2026-06-28,19:00,08:30
S102332,E1054,ST-03,2026-06-28,09:15,20:30
S102375,E1055,ST-06,2026-06-28,18:00,07:30
S102420,E1056,ST-03,2026-06-28,08:00,18:30
S102468,E1057,ST-01,2026-06-28,09:30,22:30
S102563,E1059,ST-05,2026-06-28,08:15,15:30
S102613,E1060,ST-02,2026-06-28,07:30,21:00
S102660,E1061,ST-01,2026-06-28,06:00,18:30
S102712,E1062,ST-05,2026-06-28,06:00,16:15
S102757,E1063,ST-05,2026-06-28,08:30,15:15
S102803,E1064,ST-04,2026-06-28,08:00,17:30
S102883,E1066,ST-05,2026-06-28,06:00,18:30
S102929,E1067,ST-06,2026-06-28,07:15,19:30
S103021,E1069,ST-05,2026-06-28,09:00,18:15
S103059,E1070,ST-05,2026-06-28,19:00,01:30
S103102,E1071,ST-02,2026-06-28,07:00,14:30
S103189,E1073,ST-01,2026-06-28,08:00,17:45
S103288,E1075,ST-06,2026-06-28,08:00,17:15
S103467,E1079,ST-05,2026-06-28,09:15,17:30
S103514,E1080,ST-04,2026-06-28,06:00,10:00
S103555,E1081,ST-04,2026-06-28,18:00,05:45
S103629,E1083,ST-05,2026-06-28,19:00,02:45
S103666,E1084,ST-03,2026-06-28,07:15,13:45
S103710,E1085,ST-04,2026-06-28,06:15,15:15
S103761,E1086,ST-03,2026-06-28,18:00,01:30
S103852,E1088,ST-05,2026-06-28,06:00,16:30
S103904,E1089,ST-02,2026-06-28,06:30,20:00
S103957,E1090,ST-05,2026-06-28,08:30,15:30
S103960,E1091,ST-06,2026-06-28,06:00,18:00
S104103,E1094,ST-04,2026-06-28,19:00,06:45
S104199,E1096,ST-02,2026-06-28,09:15,14:15
S104252,E1097,ST-02,2026-06-28,09:30,19:45
S104314,E1099,ST-02,2026-06-28,18:00,07:30
S104414,E1101,ST-06,2026-06-28,09:15,17:00
S104492,E1103,ST-06,2026-06-28,08:30,20:30
S104538,E1104,ST-02,2026-06-28,07:15,11:45
S104586,E1105,ST-04,2026-06-28,08:00,16:15
S104677,E1107,ST-04,2026-06-28,08:30,13:45
S104727,E1108,ST-06,2026-06-28,09:30,19:30
S104775,E1109,ST-05,2026-06-28,09:00,15:30
S104820,E1110,ST-06,2026-06-28,08:15,18:30
S104863,E1111,ST-05,2026-06-28,09:00,21:30
S104948,E1113,ST-02,2026-06-28,08:00,16:30
S105045,E1115,ST-06,2026-06-28,08:00,13:00
S105131,E1117,ST-03,2026-06-28,08:30,16:15
S105172,E1118,ST-03,2026-06-28,08:00,17:30
S105216,E1119,ST-02,2026-06-28,07:15,20:00
S105275,E1120,ST-01,2026-06-28,06:30,12:30
S105324,E1121,ST-03,2026-06-28,18:30,06:45
S105370,E1122,ST-03,2026-06-28,08:00,17:45
S105429,E1123,ST-01,2026-06-28,06:15,19:45
S105526,E1125,ST-05,2026-06-28,06:30,15:15
S105576,E1126,ST-06,2026-06-28,08:30,15:15
S105635,E1128,ST-04,2026-06-28,08:00,18:30
S105722,E1130,ST-02,2026-06-28,08:00,12:30
S105910,E1134,ST-04,2026-06-28,07:00,11:15
S105958,E1135,ST-05,2026-06-28,06:00,12:15
S106098,E1138,ST-01,2026-06-28,18:00,02:00
S106177,E1140,ST-04,2026-06-28,08:00,12:00
S106220,E1141,ST-01,2026-06-28,08:00,21:30
S106257,E1142,ST-03,2026-06-28,08:00,19:00
S106446,E1147,ST-01,2026-06-28,07:15,16:00
S106524,E1149,ST-05,2026-06-28,09:00,21:00
S106609,E1151,ST-04,2026-06-28,08:30,18:00
S106699,E1153,ST-02,2026-06-28,07:00,14:00
S106795,E1155,ST-03,2026-06-28,08:00,16:00
S106838,E1156,ST-04,2026-06-28,08:00,15:15
S106928,E1158,ST-04,2026-06-28,08:00,17:00
S106970,E1159,ST-06,2026-06-28,19:30,05:45
S107097,E1162,ST-03,2026-06-28,08:00,13:00
S107145,E1163,ST-01,2026-06-28,07:00,11:00
S107244,E1165,ST-05,2026-06-28,06:15,19:45
S107424,E1169,ST-05,2026-06-28,06:00,
S107517,E1171,ST-02,2026-06-28,06:15,16:00
S107566,E1172,ST-04,2026-06-28,06:00,16:30
S107660,E1174,ST-01,2026-06-28,09:15,14:00
S107747,E1176,ST-06,2026-06-28,18:00,
S107790,E1177,ST-02,2026-06-28,08:30,19:15
S107837,E1178,ST-03,2026-06-28,06:00,13:30
S107884,E1179,ST-05,2026-06-28,07:15,19:45
S107925,E1180,ST-06,2026-06-28,08:00,15:00
S108002,E1182,ST-05,2026-06-28,18:00,07:30
S108085,E1184,ST-06,2026-06-28,20:15,05:00
S108135,E1185,ST-04,2026-06-28,06:00,16:30
S108178,E1186,ST-05,2026-06-28,09:00,15:15
S108218,E1187,ST-04,2026-06-28,06:00,13:30
S108308,E1189,ST-03,2026-06-28,07:30,16:30
S108356,E1190,ST-05,2026-06-28,06:00,14:00
S108399,E1191,ST-01,2026-06-28,06:00,12:15
S108487,E1193,ST-03,2026-06-28,08:00,18:00
S108549,E1195,ST-04,2026-06-28,08:15,13:45
S108595,E1196,ST-04,2026-06-28,18:15,02:45
S108688,E1198,ST-04,2026-06-28,06:30,17:30
S108744,E1199,ST-05,2026-06-28,08:00,17:30
S108878,E1202,ST-06,2026-06-28,19:00,03:45
S108918,E1203,ST-03,2026-06-28,08:00,18:30
S108965,E1204,ST-02,2026-06-28,06:15,13:00
S109015,E1205,ST-02,2026-06-28,09:30,18:30
S109066,E1206,ST-03,2026-06-28,09:00,13:00
S109156,E1208,ST-01,2026-06-28,09:00,21:15
S109207,E1209,ST-05,2026-06-28,08:30,16:30
S109330,E1212,ST-06,2026-06-28,18:00,01:15
S100014,E1001,ST-01,2026-06-29,09:00,19:45
S100064,E1002,ST-02,2026-06-29,08:30,16:30
S100117,E1003,ST-03,2026-06-29,06:00,16:00
S100162,E1004,ST-03,2026-06-29,19:00,07:30
S100206,E1005,ST-05,2026-06-29,09:30,17:30
S100331,E1008,ST-03,2026-06-29,08:00,20:30
S100546,E1013,ST-04,2026-06-29,08:00,20:45
S100620,E1015,ST-05,2026-06-29,06:30,15:45
S100672,E1016,ST-04,2026-06-29,08:00,17:15
S100716,E1017,ST-05,2026-06-29,06:15,19:15
S100753,E1018,ST-01,2026-06-29,09:15,18:30
S100794,E1019,ST-05,2026-06-29,07:00,15:45
S100879,E1021,ST-04,2026-06-29,07:00,
S101007,E1024,ST-01,2026-06-29,08:00,16:30
S101191,E1028,ST-01,2026-06-29,08:00,16:45
S101235,E1029,ST-04,2026-06-29,06:30,14:45
S101287,E1030,ST-03,2026-06-29,08:30,16:30
S101334,E1031,ST-05,2026-06-29,06:30,16:00
S101384,E1032,ST-01,2026-06-29,06:00,16:00
S101436,E1033,ST-01,2026-06-29,06:00,15:00
S101481,E1034,ST-02,2026-06-29,08:15,17:30
S101581,E1037,ST-03,2026-06-29,18:00,05:00
S101649,E1039,ST-04,2026-06-29,08:15,17:30
S101795,E1042,ST-03,2026-06-29,06:00,17:30
S101840,E1043,ST-03,2026-06-29,06:15,14:45
S101887,E1044,ST-02,2026-06-29,18:30,07:00
S102122,E1049,ST-01,2026-06-29,08:00,17:45
S102165,E1050,ST-01,2026-06-29,06:00,17:00
S102255,E1052,ST-01,2026-06-29,06:00,16:15
S102333,E1054,ST-03,2026-06-29,09:15,19:00
S102380,E1055,ST-03,2026-06-29,18:00,22:00
S102421,E1056,ST-03,2026-06-29,07:00,16:30
S102469,E1057,ST-01,2026-06-29,07:15,16:30
S102515,E1058,ST-04,2026-06-29,07:30,17:45
S102566,E1059,ST-05,2026-06-29,08:00,16:00
S102614,E1060,ST-02,2026-06-29,08:15,18:15
S102661,E1061,ST-01,2026-06-29,08:15,16:45
S102713,E1062,ST-05,2026-06-29,06:00,16:15
S102758,E1063,ST-05,2026-06-29,06:15,16:15
S102807,E1064,ST-05,2026-06-29,07:15,11:15
S102846,E1065,ST-03,2026-06-29,20:15,08:15
S102930,E1067,ST-06,2026-06-29,08:00,17:45
S103022,E1069,ST-05,2026-06-29,08:15,20:15
S103190,E1073,ST-01,2026-06-29,08:00,17:45
S103289,E1075,ST-06,2026-06-29,09:00,17:30
S103340,E1076,ST-03,2026-06-29,09:00,18:00
S103387,E1077,ST-04,2026-06-29,20:00,
S103428,E1078,ST-03,2026-06-29,18:00,06:00
S103431,E1078,ST-05,2026-06-29,19:00,23:00
S103515,E1080,ST-04,2026-06-29,06:15,15:15
S103591,E1082,ST-04,2026-06-29,09:15,21:30
S103667,E1084,ST-03,2026-06-29,06:15,18:45
S103711,E1085,ST-04,2026-06-29,08:00,16:30
S103762,E1086,ST-03,2026-06-29,20:00,07:30
S103807,E1087,ST-02,2026-06-29,06:30,17:00
S103853,E1088,ST-05,2026-06-29,06:00,15:00
S103905,E1089,ST-02,2026-06-29,07:15,15:15
S103961,E1090,ST-05,2026-06-29,06:15,14:45
S103964,E1091,ST-06,2026-06-29,08:15,16:30
S104016,E1092,ST-04,2026-06-29,07:00,17:30
S104063,E1093,ST-02,2026-06-29,09:15,17:30
S104104,E1094,ST-04,2026-06-29,18:00,06:30
S104149,E1095,ST-03,2026-06-29,09:00,18:00
S104200,E1096,ST-02,2026-06-29,06:30,15:15
S104260,E1098,ST-03,2026-06-29,08:15,18:00
S104415,E1101,ST-06,2026-06-29,06:00,17:30
S104450,E1102,ST-04,2026-06-29,08:15,16:45
S104493,E1103,ST-06,2026-06-29,06:15,16:45
S104539,E1104,ST-02,2026-06-29,08:00,
S104587,E1105,ST-04,2026-06-29,08:00,17:15
S104776,E1109,ST-05,2026-06-29,08:00,17:15
S104821,E1110,ST-06,2026-06-29,08:00,18:15
S104864,E1111,ST-05,2026-06-29,06:15,16:45
S104911,E1112,ST-05,2026-06-29,07:00,19:30
S104949,E1113,ST-02,2026-06-29,08:30,16:45
S104954,E1113,ST-04,2026-06-29,08:00,12:00
S105089,E1116,ST-02,2026-06-29,09:15,21:00
S105173,E1118,ST-03,2026-06-29,08:30,17:45
S105217,E1119,ST-02,2026-06-29,09:30,
S105325,E1121,ST-03,2026-06-29,18:15,05:45
S105430,E1123,ST-01,2026-06-29,08:00,16:30
S105527,E1125,ST-05,2026-06-29,07:00,15:30
S105636,E1128,ST-04,2026-06-29,06:30,19:00
S105723,E1130,ST-02,2026-06-29,08:30,19:15
S105817,E1132,ST-02,2026-06-29,18:00,
S105864,E1133,ST-01,2026-06-29,07:15,15:45
S105911,E1134,ST-04,2026-06-29,07:00,16:15
S105959,E1135,ST-05,2026-06-29,08:00,17:15
S106008,E1136,ST-03,2026-06-29,08:15,17:00
S106053,E1137,ST-05,2026-06-29,06:00,14:30
S106099,E1138,ST-01,2026-06-29,18:00,05:30
S106138,E1139,ST-03,2026-06-29,18:00,07:00
S106178,E1140,ST-04,2026-06-29,08:00,16:45
S106258,E1142,ST-03,2026-06-29,09:00,21:30
S106297,E1143,ST-02,2026-06-29,06:15,15:45
S106378,E1145,ST-03,2026-06-29,18:30,
S106484,E1148,ST-01,2026-06-29,09:00,18:30
S106563,E1150,ST-06,2026-06-29,19:00,07:15
S106610,E1151,ST-04,2026-06-29,07:00,16:30
S106796,E1155,ST-03,2026-06-29,06:00,18:00
S106839,E1156,ST-04,2026-06-29,06:00,16:00
S106929,E1158,ST-04,2026-06-29,08:30,17:15
S106973,E1159,ST-06,2026-06-29,18:00,06:30
S107011,E1160,ST-01,2026-06-29,09:15,18:45
S107053,E1161,ST-05,2026-06-29,08:00,19:30
S107146,E1163,ST-01,2026-06-29,06:00,14:45
S107196,E1164,ST-04,2026-06-29,06:30,15:45
S107294,E1166,ST-06,2026-06-29,07:15,17:45
S107377,E1168,ST-04,2026-06-29,08:00,18:00
S107425,E1169,ST-05,2026-06-29,07:00,15:30
S107518,E1171,ST-02,2026-06-29,09:00,19:15
S107612,E1173,ST-05,2026-06-29,06:00,16:00
S107661,E1174,ST-01,2026-06-29,06:00,16:30
S107708,E1175,ST-03,2026-06-29,08:00,19:45
S107748,E1176,ST-06,2026-06-29,18:00,06:00
S107791,E1177,ST-02,2026-06-29,06:15,16:15
S107926,E1180,ST-06,2026-06-29,06:00,15:30
S107970,E1181,ST-04,2026-06-29,19:00,07:00
S108043,E1183,ST-06,2026-06-29,19:30,06:45
S108136,E1185,ST-04,2026-06-29,09:15,19:00
S108219,E1187,ST-04,2026-06-29,08:00,17:30
S108402,E1191,ST-01,2026-06-29,07:00,15:30
S108491,E1193,ST-03,2026-06-29,09:00,17:45
S108550,E1195,ST-04,2026-06-29,06:00,14:45
S108636,E1197,ST-02,2026-06-29,07:30,16:00
S108689,E1198,ST-04,2026-06-29,06:30,16:45
S108745,E1199,ST-05,2026-06-29,06:00,14:30
S108796,E1200,ST-04,2026-06-29,08:00,16:45
S108840,E1201,ST-06,2026-06-29,08:00,20:15
S108879,E1202,ST-06,2026-06-29,19:00,07:00
S108919,E1203,ST-03,2026-06-29,07:00,15:45
S108966,E1204,ST-02,2026-06-29,08:30,17:30
S109016,E1205,ST-02,2026-06-29,08:00,16:15
S109067,E1206,ST-03,2026-06-29,06:00,15:15
S109112,E1207,ST-02,2026-06-29,06:30,14:30
S109115,E1207,ST-06,2026-06-29,09:30,13:30
S109157,E1208,ST-01,2026-06-29,08:00,16:30
S109208,E1209,ST-05,2026-06-29,06:15,15:30
S109295,E1211,ST-01,2026-06-29,06:00,17:45
S100118,E1003,ST-03,2026-06-30,08:00,17:15
S100163,E1004,ST-03,2026-06-30,18:15,06:15
S100207,E1005,ST-05,2026-06-30,06:15,15:00
S100258,E1006,ST-04,2026-06-30,08:00,20:00
S100297,E1007,ST-02,2026-06-30,08:00,12:00
S100412,E1010,ST-01,2026-06-30,08:15,
S100584,E1014,ST-03,2026-06-30,06:30,18:30
S100673,E1016,ST-04,2026-06-30,06:00,15:30
S100919,E1022,ST-06,2026-06-30,08:00,17:15
S100962,E1023,ST-01,2026-06-30,06:15,14:45
S101008,E1024,ST-01,2026-06-30,06:00,14:30
S101098,E1026,ST-05,2026-06-30,06:00,17:30
S101142,E1027,ST-06,2026-06-30,08:00,17:00
S101192,E1028,ST-01,2026-06-30,08:00,17:15
S101236,E1029,ST-04,2026-06-30,08:15,17:30
S101288,E1030,ST-03,2026-06-30,06:00,15:00
S101385,E1032,ST-01,2026-06-30,09:00,17:00
S101437,E1033,ST-01,2026-06-30,07:00,15:45
S101482,E1034,ST-02,2026-06-30,06:15,15:45
S101530,E1035,ST-01,2026-06-30,06:30,
S101533,E1036,ST-03,2026-06-30,09:30,21:45
S101650,E1039,ST-04,2026-06-30,08:00,16:30
S101705,E1040,ST-03,2026-06-30,08:00,17:45
S101753,E1041,ST-03,2026-06-30,08:00,18:15
S101796,E1042,ST-03,2026-06-30,08:00,19:30
S101841,E1043,ST-03,2026-06-30,09:30,17:45
S101933,E1045,ST-05,2026-06-30,07:30,16:30
S102029,E1047,ST-06,2026-06-30,09:00,18:15
S102074,E1048,ST-01,2026-06-30,07:30,17:45
S102206,E1051,ST-06,2026-06-30,06:15,15:45
S102256,E1052,ST-01,2026-06-30,09:00,19:15
S102296,E1053,ST-01,2026-06-30,18:00,05:00
S102334,E1054,ST-03,2026-06-30,06:00,15:00
S102422,E1056,ST-03,2026-06-30,08:30,18:30
S102567,E1059,ST-05,2026-06-30,06:00,14:45
S102662,E1061,ST-01,2026-06-30,07:30,16:30
S102759,E1063,ST-05,2026-06-30,06:30,17:00
S102808,E1064,ST-05,2026-06-30,08:00,12:00
S102847,E1065,ST-03,2026-06-30,18:00,05:45
S102931,E1067,ST-06,2026-06-30,09:00,17:30
S102977,E1068,ST-01,2026-06-30,06:00,15:00
S103023,E1069,ST-05,2026-06-30,09:15,21:15
S103060,E1070,ST-05,2026-06-30,18:00,05:15
S103103,E1071,ST-02,2026-06-30,06:00,15:00
S103290,E1075,ST-06,2026-06-30,08:15,17:30
S103341,E1076,ST-03,2026-06-30,08:00,16:45
S103388,E1077,ST-04,2026-06-30,19:00,06:15
S103468,E1079,ST-05,2026-06-30,07:15,17:15
S103668,E1084,ST-03,2026-06-30,09:15,20:45
S103712,E1085,ST-04,2026-06-30,09:00,18:00
S103763,E1086,ST-03,2026-06-30,20:00,08:15
S103808,E1087,ST-02,2026-06-30,06:30,18:15
S103854,E1088,ST-05,2026-06-30,08:00,17:30
S103906,E1089,ST-02,2026-06-30,08:00,18:00
S103965,E1091,ST-06,2026-06-30,08:00,16:30
S104017,E1092,ST-04,2026-06-30,07:00,18:30
S104064,E1093,ST-02,2026-06-30,09:30,19:00
S104105,E1094,ST-04,2026-06-30,18:15,05:45
S104150,E1095,ST-03,2026-06-30,06:00,14:15
S104201,E1096,ST-02,2026-06-30,07:00,16:15
S104257,E1097,ST-02,2026-06-30,08:15,18:00
S104315,E1099,ST-02,2026-06-30,20:30,08:45
S104451,E1102,ST-04,2026-06-30,08:00,17:30
S104494,E1103,ST-06,2026-06-30,07:00,17:30
S104540,E1104,ST-02,2026-06-30,08:30,18:00
S104678,E1107,ST-04,2026-06-30,06:15,15:15
S104822,E1110,ST-06,2026-06-30,08:00,16:30
S104912,E1112,ST-05,2026-06-30,09:15,22:15
S104999,E1114,ST-01,2026-06-30,08:00,17:15
S105046,E1115,ST-06,2026-06-30,08:15,17:00
S105174,E1118,ST-03,2026-06-30,06:00,15:45
S105218,E1119,ST-02,2026-06-30,06:15,15:15
S105276,E1120,ST-01,2026-06-30,07:15,16:15
S105326,E1121,ST-03,2026-06-30,19:00,05:45
S105528,E1125,ST-05,2026-06-30,06:00,15:15
S105677,E1129,ST-04,2026-06-30,06:30,15:45
S105774,E1131,ST-01,2026-06-30,08:00,17:45
S105960,E1135,ST-05,2026-06-30,06:00,15:15
S106009,E1136,ST-03,2026-06-30,09:00,18:00
S106054,E1137,ST-05,2026-06-30,07:00,15:45
S106179,E1140,ST-04,2026-06-30,06:00,14:15
S106221,E1141,ST-01,2026-06-30,09:00,21:45
S106259,E1142,ST-03,2026-06-30,07:00,20:00
S106298,E1143,ST-02,2026-06-30,06:30,16:00
S106339,E1144,ST-06,2026-06-30,07:30,15:45
S106379,E1145,ST-03,2026-06-30,19:00,07:45
S106447,E1147,ST-01,2026-06-30,08:00,19:30
S106485,E1148,ST-01,2026-06-30,08:30,17:30
S106525,E1149,ST-05,2026-06-30,08:15,20:00
S106611,E1151,ST-04,2026-06-30,08:30,17:00
S106700,E1153,ST-02,2026-06-30,08:00,17:00
S106750,E1154,ST-04,2026-06-30,06:00,15:30
S106797,E1155,ST-03,2026-06-30,08:00,19:45
S106840,E1156,ST-04,2026-06-30,08:30,18:00
S106886,E1157,ST-05,2026-06-30,08:15,21:15
S106974,E1159,ST-06,2026-06-30,19:00,07:30
S107056,E1161,ST-06,2026-06-30,06:00,10:00
S107098,E1162,ST-03,2026-06-30,06:30,15:45
S107197,E1164,ST-04,2026-06-30,08:30,18:00
S107245,E1165,ST-05,2026-06-30,06:00,16:15
S107338,E1167,ST-02,2026-06-30,08:00,20:45
S107426,E1169,ST-05,2026-06-30,08:00,17:15
S107475,E1170,ST-05,2026-06-30,06:00,16:30
S107567,E1172,ST-04,2026-06-30,06:00,15:30
S107613,E1173,ST-05,2026-06-30,09:15,17:45
S107749,E1176,ST-06,2026-06-30,20:00,08:00
S107792,E1177,ST-02,2026-06-30,06:30,15:15
S107838,E1178,ST-03,2026-06-30,06:00,16:00
S107885,E1179,ST-05,2026-06-30,07:30,18:00
S107927,E1180,ST-06,2026-06-30,08:30,18:15
S107971,E1181,ST-04,2026-06-30,20:00,08:00
S108003,E1182,ST-05,2026-06-30,18:15,06:30
S108088,E1184,ST-06,2026-06-30,20:15,09:00
S108137,E1185,ST-04,2026-06-30,09:00,17:45
S108220,E1187,ST-04,2026-06-30,06:00,15:00
S108309,E1189,ST-03,2026-06-30,09:00,18:15
S108357,E1190,ST-05,2026-06-30,07:00,19:30
S108448,E1192,ST-05,2026-06-30,06:00,17:30
S108494,E1194,ST-01,2026-06-30,08:15,16:00
S108551,E1195,ST-04,2026-06-30,06:00,16:15
S108637,E1197,ST-02,2026-06-30,09:00,18:00
S108690,E1198,ST-04,2026-06-30,08:00,17:30
S108746,E1199,ST-05,2026-06-30,08:30,17:30
S108797,E1200,ST-04,2026-06-30,09:30,18:15
S108880,E1202,ST-06,2026-06-30,18:30,06:00
S109017,E1205,ST-02,2026-06-30,07:00,15:15
S109068,E1206,ST-03,2026-06-30,08:00,16:30
S109209,E1209,ST-05,2026-06-30,06:15,15:30
S109254,E1210,ST-03,2026-06-30,06:30,16:00
S109373,E1213,ST-03,2026-06-30,06:00,14:45
S100015,E1001,ST-01,2026-07-01,08:00,17:30
S100065,E1002,ST-02,2026-07-01,09:15,17:45
S100164,E1004,ST-03,2026-07-01,18:15,07:00
S100208,E1005,ST-05,2026-07-01,06:00,14:15
S100210,E1005,ST-04,2026-07-01,08:00,12:00
S100294,E1007,ST-06,2026-07-01,08:30,21:30
S100413,E1010,ST-01,2026-07-01,08:00,16:30
S100462,E1011,ST-01,2026-07-01,08:00,16:45
S100505,E1012,ST-04,2026-07-01,09:00,19:00
S100585,E1014,ST-03,2026-07-01,06:15,18:45
S100621,E1015,ST-05,2026-07-01,09:00,19:45
S100674,E1016,ST-04,2026-07-01,06:30,15:00
S100795,E1019,ST-05,2026-07-01,09:15,19:00
S100963,E1023,ST-01,2026-07-01,08:00,16:45
S101009,E1024,ST-01,2026-07-01,06:15,15:15
S101056,E1025,ST-02,2026-07-01,06:00,16:30
S101237,E1029,ST-04,2026-07-01,07:15,15:30
S101289,E1030,ST-03,2026-07-01,06:00,15:00
S101438,E1033,ST-01,2026-07-01,08:30,18:00
S101531,E1035,ST-01,2026-07-01,07:00,18:45
S101611,E1038,ST-06,2026-07-01,06:30,19:00
S101651,E1039,ST-04,2026-07-01,08:00,16:45
S101706,E1040,ST-03,2026-07-01,09:15,17:15
S101797,E1042,ST-03,2026-07-01,06:00,18:00
S101842,E1043,ST-03,2026-07-01,09:30,19:30
S101888,E1044,ST-02,2026-07-01,18:00,05:30
S101934,E1045,ST-05,2026-07-01,09:30,18:00
S101987,E1046,ST-03,2026-07-01,07:00,14:45
S102030,E1047,ST-06,2026-07-01,06:30,16:30
S102123,E1049,ST-01,2026-07-01,06:30,16:30
S102126,E1049,ST-02,2026-07-01,08:00,12:00
S102207,E1051,ST-06,2026-07-01,06:00,15:30
S102257,E1052,ST-01,2026-07-01,07:30,16:45
S102297,E1053,ST-01,2026-07-01,18:00,05:15
S102376,E1055,ST-06,2026-07-01,19:15,07:00
S102470,E1057,ST-01,2026-07-01,09:00,18:15
S102516,E1058,ST-04,2026-07-01,06:15,15:30
S102568,E1059,ST-05,2026-07-01,09:15,18:00
S102663,E1061,ST-01,2026-07-01,08:00,18:30
S102714,E1062,ST-05,2026-07-01,09:30,19:00
S102760,E1063,ST-05,2026-07-01,07:15,17:15
S102804,E1064,ST-04,2026-07-01,06:00,14:45
S102884,E1066,ST-05,2026-07-01,06:00,15:30
S102932,E1067,ST-06,2026-07-01,08:30,17:45
S102978,E1068,ST-01,2026-07-01,09:00,18:30
S103148,E1072,ST-06,2026-07-01,08:00,18:30
S103191,E1073,ST-01,2026-07-01,06:00,16:15
S103239,E1074,ST-05,2026-07-01,06:00,15:15
S103342,E1076,ST-03,2026-07-01,08:00,16:00
S103429,E1078,ST-03,2026-07-01,18:00,05:30
S103469,E1079,ST-05,2026-07-01,08:00,18:45
S103592,E1082,ST-04,2026-07-01,06:00,18:00
S103630,E1083,ST-05,2026-07-01,18:00,06:15
S103713,E1085,ST-04,2026-07-01,06:30,17:00
S103764,E1086,ST-03,2026-07-01,20:00,07:15
S103855,E1088,ST-05,2026-07-01,07:15,16:15
S103907,E1089,ST-02,2026-07-01,09:30,18:45
S104018,E1092,ST-04,2026-07-01,06:00,16:30
S104151,E1095,ST-03,2026-07-01,07:30,17:00
S104258,E1097,ST-02,2026-07-01,09:00,18:45
S104261,E1098,ST-03,2026-07-01,09:00,17:45
S104316,E1099,ST-02,2026-07-01,18:15,06:15
S104366,E1100,ST-06,2026-07-01,07:00,16:15
S104452,E1102,ST-04,2026-07-01,09:00,19:45
S104588,E1105,ST-04,2026-07-01,09:00,16:45
S104679,E1107,ST-04,2026-07-01,07:15,16:15
S104728,E1108,ST-06,2026-07-01,06:30,16:00
S104777,E1109,ST-05,2026-07-01,06:00,15:45
S104823,E1110,ST-06,2026-07-01,08:00,16:45
S104865,E1111,ST-05,2026-07-01,08:00,17:45
S104913,E1112,ST-05,2026-07-01,06:00,19:30
S104950,E1113,ST-02,2026-07-01,08:15,17:00
S104955,E1113,ST-04,2026-07-01,06:15,10:15
S105047,E1115,ST-06,2026-07-01,06:00,14:15
S105175,E1118,ST-03,2026-07-01,08:00,17:15
S105277,E1120,ST-01,2026-07-01,09:15,19:00
S105327,E1121,ST-03,2026-07-01,18:00,06:00
S105371,E1122,ST-03,2026-07-01,06:00,15:30
S105529,E1125,ST-05,2026-07-01,09:15,18:45
S105580,E1126,ST-06,2026-07-01,08:30,18:15
S105583,E1127,ST-04,2026-07-01,06:15,15:15
S105637,E1128,ST-04,2026-07-01,06:30,19:00
S105775,E1131,ST-01,2026-07-01,08:00,17:00
S105818,E1132,ST-02,2026-07-01,18:00,05:30
S105865,E1133,ST-01,2026-07-01,08:00,17:30
S105912,E1134,ST-04,2026-07-01,06:00,15:15
S105961,E1135,ST-05,2026-07-01,06:00,15:15
S106010,E1136,ST-03,2026-07-01,08:30,17:30
S106100,E1138,ST-01,2026-07-01,18:00,05:30
S106180,E1140,ST-04,2026-07-01,06:00,15:00
S106260,E1142,ST-03,2026-07-01,09:00,
S106340,E1144,ST-06,2026-07-01,08:30,16:45
S106413,E1146,ST-04,2026-07-01,19:00,07:00
S106612,E1151,ST-04,2026-07-01,06:00,15:45
S106655,E1152,ST-06,2026-07-01,08:00,19:00
S106798,E1155,ST-03,2026-07-01,06:00,18:15
S106930,E1158,ST-04,2026-07-01,06:30,15:15
S107054,E1161,ST-05,2026-07-01,06:30,18:30
S107057,E1161,ST-06,2026-07-01,08:00,12:00
S107099,E1162,ST-03,2026-07-01,07:30,17:15
S107147,E1163,ST-01,2026-07-01,06:15,15:45
S107198,E1164,ST-04,2026-07-01,09:00,19:30
S107246,E1165,ST-05,2026-07-01,06:00,16:00
S107339,E1167,ST-02,2026-07-01,08:30,21:00
S107378,E1168,ST-04,2026-07-01,07:00,17:15
S107427,E1169,ST-05,2026-07-01,06:00,14:15
S107476,E1170,ST-05,2026-07-01,09:15,18:45
S107519,E1171,ST-02,2026-07-01,06:00,15:00
S107568,E1172,ST-04,2026-07-01,06:00,14:30
S107614,E1173,ST-05,2026-07-01,07:30,17:00
S107662,E1174,ST-01,2026-07-01,08:00,16:30
S107709,E1175,ST-03,2026-07-01,07:00,19:15
S107750,E1176,ST-06,2026-07-01,20:00,07:15
S107839,E1178,ST-03,2026-07-01,06:30,15:30
S107928,E1180,ST-06,2026-07-01,06:00,16:15
S108004,E1182,ST-05,2026-07-01,19:00,05:30
S108044,E1183,ST-06,2026-07-01,18:00,06:15
S108089,E1184,ST-06,2026-07-01,18:00,06:45
S108179,E1186,ST-05,2026-07-01,07:15,20:00
S108310,E1189,ST-03,2026-07-01,06:00,15:00
S108403,E1191,ST-01,2026-07-01,08:30,17:15
S108552,E1195,ST-04,2026-07-01,08:30,17:00
S108596,E1196,ST-04,2026-07-01,18:30,07:15
S108691,E1198,ST-04,2026-07-01,08:00,16:45
S108747,E1199,ST-05,2026-07-01,06:00,15:00
S108841,E1201,ST-06,2026-07-01,07:00,
S108881,E1202,ST-06,2026-07-01,20:15,08:00
S108920,E1203,ST-03,2026-07-01,06:30,14:00
S108967,E1204,ST-02,2026-07-01,06:00,15:00
S109018,E1205,ST-02,2026-07-01,06:15,14:45
S109069,E1206,ST-03,2026-07-01,07:00,16:30
S100016,E1001,ST-01,2026-07-02,09:30,18:30
S100066,E1002,ST-02,2026-07-02,08:00,16:45
S100119,E1003,ST-03,2026-07-02,08:30,18:00
S100332,E1008,ST-03,2026-07-02,09:00,20:30
S100414,E1010,ST-01,2026-07-02,06:00,15:15
S100463,E1011,ST-01,2026-07-02,08:00,16:30
S100506,E1012,ST-04,2026-07-02,06:30,16:45
S100547,E1013,ST-04,2026-07-02,08:15,21:00
S100622,E1015,ST-05,2026-07-02,06:15,15:15
S100717,E1017,ST-05,2026-07-02,06:00,17:45
S100754,E1018,ST-01,2026-07-02,07:15,17:15
S100796,E1019,ST-05,2026-07-02,06:15,15:15
S100838,E1020,ST-03,2026-07-02,06:30,16:30
S100964,E1023,ST-01,2026-07-02,08:00,17:15
S101099,E1026,ST-05,2026-07-02,09:00,20:00
S101143,E1027,ST-06,2026-07-02,07:15,16:00
S101238,E1029,ST-04,2026-07-02,08:15,17:30
S101335,E1031,ST-05,2026-07-02,08:15,18:30
S101386,E1032,ST-01,2026-07-02,09:00,18:30
S101439,E1033,ST-01,2026-07-02,06:15,15:45
S101532,E1035,ST-01,2026-07-02,08:00,14:45
S101612,E1038,ST-06,2026-07-02,08:00,21:00
S101754,E1041,ST-03,2026-07-02,06:00,16:15
S101889,E1044,ST-02,2026-07-02,19:15,06:45
S101988,E1046,ST-03,2026-07-02,06:30,15:00
S102075,E1048,ST-01,2026-07-02,06:00,15:30
S102124,E1049,ST-01,2026-07-02,08:30,18:15
S102127,E1049,ST-02,2026-07-02,07:00,11:00
S102166,E1050,ST-01,2026-07-02,08:15,19:45
S102258,E1052,ST-01,2026-07-02,06:00,15:00
S102377,E1055,ST-06,2026-07-02,18:00,07:00
S102381,E1055,ST-03,2026-07-02,19:00,23:00
S102423,E1056,ST-03,2026-07-02,06:00,15:00
S102471,E1057,ST-01,2026-07-02,06:00,16:00
S102615,E1060,ST-02,2026-07-02,06:00,15:15
S102761,E1063,ST-05,2026-07-02,08:30,18:15
S102805,E1064,ST-04,2026-07-02,06:15,14:45
S102848,E1065,ST-03,2026-07-02,18:00,07:30
S102979,E1068,ST-01,2026-07-02,09:15,18:15
S103061,E1070,ST-05,2026-07-02,20:30,09:00
S103104,E1071,ST-02,2026-07-02,08:00,16:15
S103149,E1072,ST-06,2026-07-02,08:15,18:45
S103192,E1073,ST-01,2026-07-02,08:00,18:00
S103240,E1074,ST-05,2026-07-02,07:00,16:30
S103291,E1075,ST-06,2026-07-02,08:00,17:30
S103432,E1078,ST-05,2026-07-02,18:30,22:30
S103470,E1079,ST-05,2026-07-02,06:30,17:15
S103516,E1080,ST-04,2026-07-02,06:00,15:15
S103593,E1082,ST-04,2026-07-02,08:00,18:30
S103765,E1086,ST-03,2026-07-02,18:30,06:00
S103856,E1088,ST-05,2026-07-02,09:00,18:15
S103966,E1091,ST-06,2026-07-02,06:00,19:15
S104106,E1094,ST-04,2026-07-02,19:00,06:15
S104152,E1095,ST-03,2026-07-02,08:00,17:30
S104202,E1096,ST-02,2026-07-02,08:00,16:30
S104317,E1099,ST-02,2026-07-02,18:15,06:00
S104367,E1100,ST-06,2026-07-02,06:30,15:45
S104416,E1101,ST-06,2026-07-02,06:30,17:45
S104495,E1103,ST-06,2026-07-02,08:15,18:30
S104589,E1105,ST-04,2026-07-02,07:00,16:00
S104637,E1106,ST-03,2026-07-02,07:30,19:15
S104680,E1107,ST-04,2026-07-02,07:00,15:45
S104729,E1108,ST-06,2026-07-02,07:00,16:15
S104866,E1111,ST-05,2026-07-02,08:00,17:45
S104951,E1113,ST-02,2026-07-02,08:00,18:30
S105048,E1115,ST-06,2026-07-02,07:15,16:15
S105090,E1116,ST-02,2026-07-02,08:00,19:30
S105132,E1117,ST-03,2026-07-02,06:00,15:30
S105219,E1119,ST-02,2026-07-02,09:15,17:30
S105278,E1120,ST-01,2026-07-02,09:15,17:30
S105372,E1122,ST-03,2026-07-02,06:15,14:30
S105431,E1123,ST-01,2026-07-02,06:00,17:00
S105480,E1124,ST-04,2026-07-02,06:15,15:30
S105530,E1125,ST-05,2026-07-02,07:30,17:00
S105638,E1128,ST-04,2026-07-02,06:15,18:30
S105678,E1129,ST-04,2026-07-02,08:00,17:30
S105724,E1130,ST-02,2026-07-02,06:30,16:15
S105776,E1131,ST-01,2026-07-02,07:00,17:45
S105866,E1133,ST-01,2026-07-02,06:00,14:30
S105913,E1134,ST-04,2026-07-02,07:00,14:45
S105962,E1135,ST-05,2026-07-02,07:30,16:30
S106055,E1137,ST-05,2026-07-02,08:00,16:30
S106101,E1138,ST-01,2026-07-02,20:00,07:30
S106139,E1139,ST-03,2026-07-02,20:15,08:30
S106414,E1146,ST-04,2026-07-02,18:15,06:45
S106448,E1147,ST-01,2026-07-02,09:15,20:30
S106526,E1149,ST-05,2026-07-02,06:00,17:45
S106564,E1150,ST-06,2026-07-02,20:00,07:30
S106701,E1153,ST-02,2026-07-02,07:15,15:45
S106751,E1154,ST-04,2026-07-02,07:00,15:45
S106887,E1157,ST-05,2026-07-02,08:00,20:00
S106931,E1158,ST-04,2026-07-02,06:00,16:15
S107012,E1160,ST-01,2026-07-02,09:00,17:45
S107100,E1162,ST-03,2026-07-02,06:15,16:00
S107199,E1164,ST-04,2026-07-02,07:30,16:45
S107247,E1165,ST-05,2026-07-02,07:00,16:15
S107295,E1166,ST-06,2026-07-02,08:00,18:15
S107379,E1168,ST-04,2026-07-02,07:00,18:15
S107520,E1171,ST-02,2026-07-02,08:00,19:15
S107615,E1173,ST-05,2026-07-02,09:00,19:00
S107663,E1174,ST-01,2026-07-02,09:15,18:45
S107710,E1175,ST-03,2026-07-02,06:00,18:45
S107840,E1178,ST-03,2026-07-02,08:30,17:45
S107886,E1179,ST-05,2026-07-02,07:15,19:00
S108005,E1182,ST-05,2026-07-02,18:00,06:30
S108090,E1184,ST-06,2026-07-02,20:00,08:30
S108138,E1185,ST-04,2026-07-02,07:15,16:45
S108267,E1188,ST-02,2026-07-02,08:00,19:45
S108311,E1189,ST-03,2026-07-02,06:30,16:00
S108358,E1190,ST-05,2026-07-02,07:00,18:30
S108404,E1191,ST-01,2026-07-02,08:00,16:00
S108449,E1192,ST-05,2026-07-02,06:30,19:00
S108492,E1193,ST-03,2026-07-02,06:00,15:45
S108495,E1194,ST-01,2026-07-02,06:00,15:30
S108553,E1195,ST-04,2026-07-02,08:00,17:00
S108692,E1198,ST-04,2026-07-02,09:15,18:45
S108921,E1203,ST-03,2026-07-02,09:30,19:15
S108968,E1204,ST-02,2026-07-02,07:00,16:15
S109113,E1207,ST-02,2026-07-02,08:00,17:30
S109158,E1208,ST-01,2026-07-02,06:15,15:45
S109210,E1209,ST-05,2026-07-02,08:00,17:00
S109255,E1210,ST-03,2026-07-02,06:00,16:15
S109331,E1212,ST-06,2026-07-02,18:00,06:45
S109374,E1213,ST-03,2026-07-02,08:00,16:30
S100017,E1001,ST-01,2026-07-03,09:30,17:45
S100067,E1002,ST-02,2026-07-03,06:00,15:15
S100120,E1003,ST-03,2026-07-03,06:30,15:00
S100259,E1006,ST-04,2026-07-03,08:00,20:30
S100366,E1009,ST-02,2026-07-03,09:00,20:45
S100415,E1010,ST-01,2026-07-03,06:00,15:00
S100464,E1011,ST-01,2026-07-03,06:30,14:45
S100623,E1015,ST-05,2026-07-03,09:00,19:00
S100755,E1018,ST-01,2026-07-03,09:00,19:30
S100839,E1020,ST-03,2026-07-03,06:15,14:15
S100880,E1021,ST-04,2026-07-03,06:15,19:15
S100920,E1022,ST-06,2026-07-03,06:30,17:15
S100965,E1023,ST-01,2026-07-03,07:30,17:15
S101057,E1025,ST-02,2026-07-03,06:30,16:30
S101100,E1026,ST-05,2026-07-03,09:30,23:00
S101193,E1028,ST-01,2026-07-03,08:00,16:45
S101239,E1029,ST-04,2026-07-03,08:00,19:00
S101483,E1034,ST-02,2026-07-03,08:00,17:30
S101534,E1036,ST-03,2026-07-03,08:00,14:30
S101582,E1037,ST-03,2026-07-03,19:30,07:15
S101707,E1040,ST-03,2026-07-03,08:15,17:15
S101755,E1041,ST-03,2026-07-03,07:15,17:15
S101798,E1042,ST-03,2026-07-03,07:15,20:15
S101935,E1045,ST-05,2026-07-03,06:00,14:45
S102031,E1047,ST-06,2026-07-03,06:30,16:15
S102076,E1048,ST-01,2026-07-03,08:15,17:45
S102208,E1051,ST-06,2026-07-03,06:00,15:00
S102335,E1054,ST-03,2026-07-03,06:15,16:00
S102378,E1055,ST-06,2026-07-03,18:00,06:45
S102424,E1056,ST-03,2026-07-03,07:00,16:00
S102473,E1057,ST-02,2026-07-03,08:15,12:15
S102569,E1059,ST-05,2026-07-03,06:00,15:30
S102616,E1060,ST-02,2026-07-03,06:30,15:15
S102664,E1061,ST-01,2026-07-03,07:00,16:15
S102885,E1066,ST-05,2026-07-03,06:00,15:45
S102933,E1067,ST-06,2026-07-03,08:00,18:15
S102980,E1068,ST-01,2026-07-03,06:00,16:15
S103024,E1069,ST-05,2026-07-03,09:00,21:00
S103105,E1071,ST-02,2026-07-03,08:15,18:15
S103193,E1073,ST-01,2026-07-03,08:30,22:00
S103241,E1074,ST-05,2026-07-03,08:15,16:45
S103292,E1075,ST-06,2026-07-03,08:00,16:45
S103471,E1079,ST-05,2026-07-03,07:00,17:00
S103517,E1080,ST-04,2026-07-03,06:00,13:45
S103556,E1081,ST-04,2026-07-03,18:00,04:30
S103594,E1082,ST-04,2026-07-03,07:00,16:30
S103631,E1083,ST-05,2026-07-03,20:00,08:15
S103669,E1084,ST-03,2026-07-03,09:30,21:30
S103714,E1085,ST-04,2026-07-03,06:30,16:30
S103908,E1089,ST-02,2026-07-03,08:15,16:45
S104019,E1092,ST-04,2026-07-03,09:00,15:15
S104107,E1094,ST-04,2026-07-03,18:30,04:00
S104153,E1095,ST-03,2026-07-03,08:00,16:30
S104203,E1096,ST-02,2026-07-03,06:00,14:45
S104259,E1097,ST-02,2026-07-03,09:00,16:00
S104318,E1099,ST-02,2026-07-03,18:15,
S104368,E1100,ST-06,2026-07-03,09:00,18:45
S104417,E1101,ST-06,2026-07-03,07:00,18:30
S104453,E1102,ST-04,2026-07-03,06:00,12:00
S104541,E1104,ST-02,2026-07-03,06:00,15:00
S104590,E1105,ST-04,2026-07-03,06:00,15:15
S104638,E1106,ST-03,2026-07-03,06:15,17:45
S104730,E1108,ST-06,2026-07-03,07:00,16:30
S104778,E1109,ST-05,2026-07-03,06:00,15:15
S104867,E1111,ST-05,2026-07-03,06:30,16:15
S104952,E1113,ST-02,2026-07-03,09:15,18:00
S105000,E1114,ST-01,2026-07-03,06:00,15:45
S105049,E1115,ST-06,2026-07-03,08:30,18:30
S105133,E1117,ST-03,2026-07-03,08:00,17:15
S105176,E1118,ST-03,2026-07-03,08:00,
S105279,E1120,ST-01,2026-07-03,08:00,16:45
S105373,E1122,ST-03,2026-07-03,09:30,17:00
S105432,E1123,ST-01,2026-07-03,09:15,18:00
S105481,E1124,ST-04,2026-07-03,08:00,17:15
S105531,E1125,ST-05,2026-07-03,07:15,16:45
S105581,E1126,ST-06,2026-07-03,06:00,14:45
S105584,E1127,ST-04,2026-07-03,07:00,17:00
S105639,E1128,ST-04,2026-07-03,09:30,19:45
S105725,E1130,ST-02,2026-07-03,09:00,19:00
S105777,E1131,ST-01,2026-07-03,06:00,18:45
S105914,E1134,ST-04,2026-07-03,06:00,15:30
S105963,E1135,ST-05,2026-07-03,09:15,14:30
S106102,E1138,ST-01,2026-07-03,20:00,07:45
S106140,E1139,ST-03,2026-07-03,18:15,06:45
S106181,E1140,ST-04,2026-07-03,07:15,20:45
S106222,E1141,ST-01,2026-07-03,08:15,20:30
S106299,E1143,ST-02,2026-07-03,08:00,16:00
S106341,E1144,ST-06,2026-07-03,08:00,19:00
S106380,E1145,ST-03,2026-07-03,19:00,07:45
S106527,E1149,ST-05,2026-07-03,08:00,20:30
S106613,E1151,ST-04,2026-07-03,08:00,
S106656,E1152,ST-06,2026-07-03,08:00,19:15
S106702,E1153,ST-02,2026-07-03,07:00,15:45
S106752,E1154,ST-04,2026-07-03,06:00,15:45
S106799,E1155,ST-03,2026-07-03,06:00,13:15
S106841,E1156,ST-04,2026-07-03,09:15,18:30
S106888,E1157,ST-05,2026-07-03,07:00,17:45
S106975,E1159,ST-06,2026-07-03,20:00,08:00
S107013,E1160,ST-01,2026-07-03,07:30,17:30
S107055,E1161,ST-05,2026-07-03,06:00,19:30
S107101,E1162,ST-03,2026-07-03,06:00,18:45
S107148,E1163,ST-01,2026-07-03,08:15,18:00
S107248,E1165,ST-05,2026-07-03,08:00,17:45
S107296,E1166,ST-06,2026-07-03,08:15,18:45
S107428,E1169,ST-05,2026-07-03,08:30,17:45
S107477,E1170,ST-05,2026-07-03,08:15,18:15
S107521,E1171,ST-02,2026-07-03,06:15,17:45
S107569,E1172,ST-04,2026-07-03,09:15,19:00
S107664,E1174,ST-01,2026-07-03,06:15,15:45
S107751,E1176,ST-06,2026-07-03,18:15,05:45
S107793,E1177,ST-02,2026-07-03,09:15,17:00
S107887,E1179,ST-05,2026-07-03,06:30,18:15
S107929,E1180,ST-06,2026-07-03,08:30,17:45
S107972,E1181,ST-04,2026-07-03,18:00,07:30
S108006,E1182,ST-05,2026-07-03,20:00,09:30
S108045,E1183,ST-06,2026-07-03,20:30,08:00
S108139,E1185,ST-04,2026-07-03,06:00,16:00
S108221,E1187,ST-04,2026-07-03,08:30,17:45
S108268,E1188,ST-02,2026-07-03,07:00,19:00
S108312,E1189,ST-03,2026-07-03,09:00,17:15
S108359,E1190,ST-05,2026-07-03,08:00,21:00
S108450,E1192,ST-05,2026-07-03,06:00,
S108554,E1195,ST-04,2026-07-03,08:00,18:45
S108638,E1197,ST-02,2026-07-03,08:00,17:30
S108748,E1199,ST-05,2026-07-03,08:30,15:45
S108798,E1200,ST-04,2026-07-03,07:15,16:00
S108842,E1201,ST-06,2026-07-03,08:00,21:30
S108922,E1203,ST-03,2026-07-03,06:00,16:45
S108969,E1204,ST-02,2026-07-03,08:00,16:30
S109159,E1208,ST-01,2026-07-03,07:00,16:00
S109211,E1209,ST-05,2026-07-03,08:15,15:00
S109256,E1210,ST-03,2026-07-03,08:00,16:30
S109296,E1211,ST-01,2026-07-03,08:30,21:00
S109375,E1213,ST-03,2026-07-03,09:30,18:15
S100018,E1001,ST-01,2026-07-04,06:00,10:00
S100068,E1002,ST-02,2026-07-04,08:30,17:30
S100211,E1005,ST-04,2026-07-04,06:00,10:00
S100260,E1006,ST-04,2026-07-04,07:15,20:45
S100295,E1007,ST-06,2026-07-04,06:30,19:00
S100298,E1007,ST-02,2026-07-04,09:00,13:00
S100333,E1008,ST-03,2026-07-04,07:15,20:45
S100367,E1009,ST-02,2026-07-04,08:30,19:45
S100416,E1010,ST-01,2026-07-04,09:00,18:30
S100465,E1011,ST-01,2026-07-04,07:30,16:00
S100507,E1012,ST-04,2026-07-04,09:00,19:30
S100586,E1014,ST-03,2026-07-04,07:00,19:15
S100624,E1015,ST-05,2026-07-04,08:00,18:15
S100675,E1016,ST-04,2026-07-04,06:30,15:00
S100756,E1018,ST-01,2026-07-04,06:00,17:30
S100797,E1019,ST-05,2026-07-04,08:30,20:00
S100840,E1020,ST-03,2026-07-04,06:30,15:30
S100921,E1022,ST-06,2026-07-04,08:00,16:45
S100966,E1023,ST-01,2026-07-04,08:30,18:15
S101010,E1024,ST-01,2026-07-04,08:00,16:15
S101058,E1025,ST-02,2026-07-04,06:00,17:30
S101144,E1027,ST-06,2026-07-04,09:15,18:45
S101290,E1030,ST-03,2026-07-04,06:15,19:45
S101336,E1031,ST-05,2026-07-04,09:00,18:30
S101484,E1034,ST-02,2026-07-04,08:00,21:30
S101535,E1036,ST-03,2026-07-04,09:30,13:30
S101583,E1037,ST-03,2026-07-04,20:00,09:30
S101652,E1039,ST-04,2026-07-04,08:15,17:30
S101890,E1044,ST-02,2026-07-04,20:00,07:45
S101936,E1045,ST-05,2026-07-04,07:30,16:45
S101989,E1046,ST-03,2026-07-04,08:00,16:15
S102077,E1048,ST-01,2026-07-04,06:00,15:15
S102167,E1050,ST-01,2026-07-04,08:00,21:30
S102209,E1051,ST-06,2026-07-04,09:15,18:30
S102259,E1052,ST-01,2026-07-04,06:00,11:30
S102298,E1053,ST-01,2026-07-04,18:15,07:45
S102336,E1054,ST-03,2026-07-04,06:00,15:45
S102379,E1055,ST-06,2026-07-04,19:00,01:45
S102472,E1057,ST-01,2026-07-04,09:15,17:00
S102474,E1057,ST-02,2026-07-04,08:30,12:30
S102517,E1058,ST-04,2026-07-04,06:00,16:45
S102617,E1060,ST-02,2026-07-04,07:00,16:15
S102665,E1061,ST-01,2026-07-04,09:00,18:00
S102715,E1062,ST-05,2026-07-04,09:00,18:15
S102762,E1063,ST-05,2026-07-04,07:00,12:00
S102886,E1066,ST-05,2026-07-04,07:00,16:45
S102981,E1068,ST-01,2026-07-04,06:00,14:15
S103025,E1069,ST-05,2026-07-04,07:00,14:30
S103062,E1070,ST-05,2026-07-04,18:00,07:30
S103150,E1072,ST-06,2026-07-04,08:15,21:45
S103242,E1074,ST-05,2026-07-04,06:00,14:15
S103293,E1075,ST-06,2026-07-04,06:00,14:00
S103343,E1076,ST-03,2026-07-04,08:00,17:30
S103389,E1077,ST-04,2026-07-04,19:00,07:30
S103472,E1079,ST-05,2026-07-04,07:00,14:15
S103557,E1081,ST-04,2026-07-04,18:15,05:45
S103670,E1084,ST-03,2026-07-04,08:30,18:30
S103715,E1085,ST-04,2026-07-04,08:30,18:00
S103809,E1087,ST-02,2026-07-04,09:00,
S103857,E1088,ST-05,2026-07-04,06:15,16:30
S103909,E1089,ST-02,2026-07-04,09:00,18:15
S103962,E1090,ST-05,2026-07-04,09:30,19:00
S104065,E1093,ST-02,2026-07-04,06:15,15:30
S104204,E1096,ST-02,2026-07-04,06:15,15:45
S104262,E1098,ST-03,2026-07-04,07:00,17:30
S104369,E1100,ST-06,2026-07-04,06:00,17:15
S104496,E1103,ST-06,2026-07-04,08:30,18:00
S104542,E1104,ST-02,2026-07-04,08:15,19:30
S104639,E1106,ST-03,2026-07-04,06:00,17:15
S104681,E1107,ST-04,2026-07-04,08:00,16:30
S104731,E1108,ST-06,2026-07-04,06:00,14:30
S104824,E1110,ST-06,2026-07-04,06:00,15:00
S105001,E1114,ST-01,2026-07-04,09:00,17:45
S105050,E1115,ST-06,2026-07-04,07:30,18:30
S105091,E1116,ST-02,2026-07-04,08:00,20:45
S105134,E1117,ST-03,2026-07-04,06:15,15:00
S105220,E1119,ST-02,2026-07-04,06:15,16:30
S105280,E1120,ST-01,2026-07-04,07:15,16:30
S105328,E1121,ST-03,2026-07-04,20:00,09:30
S105374,E1122,ST-03,2026-07-04,06:15,16:00
S105433,E1123,ST-01,2026-07-04,08:30,19:15
S105482,E1124,ST-04,2026-07-04,06:00,16:15
S105532,E1125,ST-05,2026-07-04,09:15,13:45
S105679,E1129,ST-04,2026-07-04,06:00,15:00
S105726,E1130,ST-02,2026-07-04,06:00,15:45
S105819,E1132,ST-02,2026-07-04,18:00,06:45
S105867,E1133,ST-01,2026-07-04,06:00,15:45
S106056,E1137,ST-05,2026-07-04,07:15,17:15
S106342,E1144,ST-06,2026-07-04,06:15,13:45
S106381,E1145,ST-03,2026-07-04,19:30,
S106415,E1146,ST-04,2026-07-04,20:00,09:00
S106449,E1147,ST-01,2026-07-04,08:30,22:00
S106486,E1148,ST-01,2026-07-04,08:15,17:15
S106528,E1149,ST-05,2026-07-04,07:30,15:30
S106565,E1150,ST-06,2026-07-04,19:15,07:15
S106614,E1151,ST-04,2026-07-04,08:30,17:15
S106657,E1152,ST-06,2026-07-04,08:00,19:15
S106703,E1153,ST-02,2026-07-04,08:00,17:30
S106753,E1154,ST-04,2026-07-04,06:00,17:15
S106842,E1156,ST-04,2026-07-04,06:00,16:15
S106889,E1157,ST-05,2026-07-04,06:00,16:30
S107149,E1163,ST-01,2026-07-04,08:15,17:00
S107200,E1164,ST-04,2026-07-04,06:00,12:45
S107297,E1166,ST-06,2026-07-04,09:30,21:45
S107380,E1168,ST-04,2026-07-04,06:00,15:45
S107429,E1169,ST-05,2026-07-04,08:15,17:30
S107478,E1170,ST-05,2026-07-04,06:00,15:45
S107570,E1172,ST-04,2026-07-04,07:00,14:45
S107665,E1174,ST-01,2026-07-04,06:30,12:30
S107794,E1177,ST-02,2026-07-04,09:15,19:00
S107841,E1178,ST-03,2026-07-04,09:15,18:30
S107888,E1179,ST-05,2026-07-04,07:15,17:00
S107930,E1180,ST-06,2026-07-04,08:00,14:15
S108091,E1184,ST-06,2026-07-04,18:30,01:00
S108140,E1185,ST-04,2026-07-04,07:00,12:30
S108180,E1186,ST-05,2026-07-04,06:00,18:45
S108222,E1187,ST-04,2026-07-04,06:00,14:30
S108313,E1189,ST-03,2026-07-04,06:00,14:45
S108360,E1190,ST-05,2026-07-04,09:30,19:00
S108405,E1191,ST-01,2026-07-04,08:30,18:45
S108597,E1196,ST-04,2026-07-04,18:00,05:30
S108639,E1197,ST-02,2026-07-04,07:15,16:15
S108693,E1198,ST-04,2026-07-04,06:00,14:00
S108749,E1199,ST-05,2026-07-04,06:00,16:30
S108799,E1200,ST-04,2026-07-04,06:00,
S108970,E1204,ST-02,2026-07-04,08:30,19:45
S109019,E1205,ST-02,2026-07-04,07:30,16:45
S109116,E1207,ST-06,2026-07-04,08:00,12:00
S109160,E1208,ST-01,2026-07-04,06:00,14:30
S109297,E1211,ST-01,2026-07-04,06:00,18:45
S109332,E1212,ST-06,2026-07-04,18:00,
S109376,E1213,ST-03,2026-07-04,08:30,19:15
S100121,E1003,ST-03,2026-07-05,07:00,11:30
S100165,E1004,ST-03,2026-07-05,19:00,03:30
S100209,E1005,ST-05,2026-07-05,06:00,19:30
S100296,E1007,ST-06,2026-07-05,06:00,19:30
S100368,E1009,ST-02,2026-07-05,09:30,23:00
S100417,E1010,ST-01,2026-07-05,09:15,16:45
S100466,E1011,ST-01,2026-07-05,06:00,12:30
S100508,E1012,ST-04,2026-07-05,07:15,20:45
S100548,E1013,ST-04,2026-07-05,06:15,19:45
S100587,E1014,ST-03,2026-07-05,09:15,22:45
S100625,E1015,ST-05,2026-07-05,08:00,15:45
S100676,E1016,ST-04,2026-07-05,06:00,13:45
S100718,E1017,ST-05,2026-07-05,08:00,21:30
S100841,E1020,ST-03,2026-07-05,08:15,16:45
S100881,E1021,ST-04,2026-07-05,06:30,14:45
S100922,E1022,ST-06,2026-07-05,06:30,20:00
S101011,E1024,ST-01,2026-07-05,08:15,18:00
S101059,E1025,ST-02,2026-07-05,08:00,20:00
S101145,E1027,ST-06,2026-07-05,08:15,21:30
S101194,E1028,ST-01,2026-07-05,06:15,18:15
S101337,E1031,ST-05,2026-07-05,08:00,20:00
S101387,E1032,ST-01,2026-07-05,08:00,
S101440,E1033,ST-01,2026-07-05,09:00,17:30
S101613,E1038,ST-06,2026-07-05,09:00,20:00
S101653,E1039,ST-04,2026-07-05,06:00,15:15
S101708,E1040,ST-03,2026-07-05,07:00,20:30
S101756,E1041,ST-03,2026-07-05,09:00,19:15
S101843,E1043,ST-03,2026-07-05,09:00,22:15
S101891,E1044,ST-02,2026-07-05,20:00,05:00
S101937,E1045,ST-05,2026-07-05,07:30,15:00
S101990,E1046,ST-03,2026-07-05,06:00,18:30
S102032,E1047,ST-06,2026-07-05,08:00,21:30
S102078,E1048,ST-01,2026-07-05,08:00,13:30
S102125,E1049,ST-01,2026-07-05,07:00,11:00
S102210,E1051,ST-06,2026-07-05,08:00,12:30
S102337,E1054,ST-03,2026-07-05,08:30,12:30
S102425,E1056,ST-03,2026-07-05,06:30,12:00
S102518,E1058,ST-04,2026-07-05,09:00,20:00
S102570,E1059,ST-05,2026-07-05,08:00,20:00
S102618,E1060,ST-02,2026-07-05,08:00,15:30
S102666,E1061,ST-01,2026-07-05,06:00,15:15
S102716,E1062,ST-05,2026-07-05,06:00,15:15
S102806,E1064,ST-04,2026-07-05,06:00,15:00
S102887,E1066,ST-05,2026-07-05,08:00,21:30
S102934,E1067,ST-06,2026-07-05,07:30,13:15
S103106,E1071,ST-02,2026-07-05,08:00,21:30
S103243,E1074,ST-05,2026-07-05,08:00,15:00
S103344,E1076,ST-03,2026-07-05,06:30,14:15
S103390,E1077,ST-04,2026-07-05,18:15,06:00
S103430,E1078,ST-03,2026-07-05,20:00,02:00
S103518,E1080,ST-04,2026-07-05,08:00,19:30
S103558,E1081,ST-04,2026-07-05,20:00,09:30
S103632,E1083,ST-05,2026-07-05,20:00,09:30
S103716,E1085,ST-04,2026-07-05,06:00,11:00
S103766,E1086,ST-03,2026-07-05,18:15,03:45
S103810,E1087,ST-02,2026-07-05,06:15,16:45
S103858,E1088,ST-05,2026-07-05,06:00,15:00
S103910,E1089,ST-02,2026-07-05,07:00,12:30
S103963,E1090,ST-05,2026-07-05,06:00,16:45
S104066,E1093,ST-02,2026-07-05,06:30,20:00
S104154,E1095,ST-03,2026-07-05,09:15,16:15
S104205,E1096,ST-02,2026-07-05,08:00,20:45
S104319,E1099,ST-02,2026-07-05,19:30,05:00
S104418,E1101,ST-06,2026-07-05,06:00,15:45
S104591,E1105,ST-04,2026-07-05,07:00,19:45
S104640,E1106,ST-03,2026-07-05,08:00,20:00
S104682,E1107,ST-04,2026-07-05,08:00,16:30
S104732,E1108,ST-06,2026-07-05,06:00,17:45
S104779,E1109,ST-05,2026-07-05,08:00,20:15
S104868,E1111,ST-05,2026-07-05,06:00,13:00
S104953,E1113,ST-02,2026-07-05,09:00,13:30
S105002,E1114,ST-01,2026-07-05,08:00,21:15
S105092,E1116,ST-02,2026-07-05,08:00,17:30
S105135,E1117,ST-03,2026-07-05,07:30,19:00
S105221,E1119,ST-02,2026-07-05,07:00,12:00
S105281,E1120,ST-01,2026-07-05,09:30,14:30
S105375,E1122,ST-03,2026-07-05,07:00,16:15
S105434,E1123,ST-01,2026-07-05,09:00,19:30
S105483,E1124,ST-04,2026-07-05,07:00,18:00
S105582,E1126,ST-06,2026-07-05,06:00,17:45
S105585,E1127,ST-04,2026-07-05,06:30,19:00
S105680,E1129,ST-04,2026-07-05,08:00,20:15
S105727,E1130,ST-02,2026-07-05,08:30,13:30
S105820,E1132,ST-02,2026-07-05,20:00,09:30
S105868,E1133,ST-01,2026-07-05,06:30,13:00
S106011,E1136,ST-03,2026-07-05,08:00,19:00
S106057,E1137,ST-05,2026-07-05,06:30,13:00
S106141,E1139,ST-03,2026-07-05,19:00,04:15
S106223,E1141,ST-01,2026-07-05,06:15,19:45
S106261,E1142,ST-03,2026-07-05,07:00,14:45
S106300,E1143,ST-02,2026-07-05,09:00,19:30
S106416,E1146,ST-04,2026-07-05,18:00,22:30
S106487,E1148,ST-01,2026-07-05,08:30,16:45
S106566,E1150,ST-06,2026-07-05,18:00,01:30
S106658,E1152,ST-06,2026-07-05,09:00,19:15
S106704,E1153,ST-02,2026-07-05,06:15,15:15
S106890,E1157,ST-05,2026-07-05,07:30,16:45
S106932,E1158,ST-04,2026-07-05,08:00,21:30
S106976,E1159,ST-06,2026-07-05,19:30,03:15
S107014,E1160,ST-01,2026-07-05,06:30,15:45
S107150,E1163,ST-01,2026-07-05,07:30,15:30
S107249,E1165,ST-05,2026-07-05,08:30,15:00
S107340,E1167,ST-02,2026-07-05,09:30,23:00
S107381,E1168,ST-04,2026-07-05,06:00,11:45
S107522,E1171,ST-02,2026-07-05,08:30,14:30
S107616,E1173,ST-05,2026-07-05,06:30,13:15
S107711,E1175,ST-03,2026-07-05,06:30,20:00
S107842,E1178,ST-03,2026-07-05,08:15,18:30
S108046,E1183,ST-06,2026-07-05,19:00,08:30
S108181,E1186,ST-05,2026-07-05,08:00,21:30
S108223,E1187,ST-04,2026-07-05,06:00,18:15
S108269,E1188,ST-02,2026-07-05,06:15,19:45
S108406,E1191,ST-01,2026-07-05,08:00,14:15
S108493,E1193,ST-03,2026-07-05,06:15,12:00
S108496,E1194,ST-01,2026-07-05,06:00,19:15
S108598,E1196,ST-04,2026-07-05,20:30,10:00
S108640,E1197,ST-02,2026-07-05,06:00,15:45
S108882,E1202,ST-06,2026-07-05,20:00,04:00
S109020,E1205,ST-02,2026-07-05,06:30,14:45
S109070,E1206,ST-03,2026-07-05,07:00,18:30
S109114,E1207,ST-02,2026-07-05,08:30,21:45
S109161,E1208,ST-01,2026-07-05,09:30,21:45
S109257,E1210,ST-03,2026-07-05,06:15,19:45
S109298,E1211,ST-01,2026-07-05,06:00,12:45
S109333,E1212,ST-06,2026-07-05,18:30,08:00
S100069,E1002,ST-02,2026-07-06,09:00,19:30
S100122,E1003,ST-03,2026-07-06,07:00,16:30
S100166,E1004,ST-03,2026-07-06,18:00,06:30
S100212,E1005,ST-05,2026-07-06,08:00,18:00
S100261,E1006,ST-04,2026-07-06,06:00,17:30
S100369,E1009,ST-02,2026-07-06,06:00,18:00
S100549,E1013,ST-04,2026-07-06,06:00,19:00
S100588,E1014,ST-03,2026-07-06,07:30,19:30
S100681,E1016,ST-03,2026-07-06,08:00,12:00
S100757,E1018,ST-01,2026-07-06,08:00,18:15
S100842,E1020,ST-03,2026-07-06,09:15,19:30
S100882,E1021,ST-04,2026-07-06,08:00,20:15
S101060,E1025,ST-02,2026-07-06,06:00,15:30
S101195,E1028,ST-01,2026-07-06,06:30,17:00
S101240,E1029,ST-04,2026-07-06,06:30,15:15
S101244,E1029,ST-02,2026-07-06,06:15,10:15
S101291,E1030,ST-03,2026-07-06,08:30,17:30
S101441,E1033,ST-01,2026-07-06,08:00,18:15
S101485,E1034,ST-02,2026-07-06,06:15,16:00
S101539,E1036,ST-03,2026-07-06,09:00,20:30
S101584,E1037,ST-03,2026-07-06,18:15,06:30
S101654,E1039,ST-04,2026-07-06,06:00,15:00
S101709,E1040,ST-03,2026-07-06,06:00,15:30
S101757,E1041,ST-03,2026-07-06,06:30,17:00
S101844,E1043,ST-03,2026-07-06,08:00,17:00
S101892,E1044,ST-02,2026-07-06,19:30,07:00
S101938,E1045,ST-05,2026-07-06,07:00,16:00
S101991,E1046,ST-03,2026-07-06,09:15,18:45
S102168,E1050,ST-01,2026-07-06,06:30,18:45
S102299,E1053,ST-01,2026-07-06,20:15,07:00
S102338,E1054,ST-03,2026-07-06,08:00,17:00
S102426,E1056,ST-03,2026-07-06,06:00,14:15
S102475,E1057,ST-01,2026-07-06,09:00,19:15
S102519,E1058,ST-04,2026-07-06,07:15,17:00
S102571,E1059,ST-05,2026-07-06,08:00,16:45
S102667,E1061,ST-01,2026-07-06,06:00,15:00
S102717,E1062,ST-05,2026-07-06,06:15,16:00
S102763,E1063,ST-05,2026-07-06,08:30,18:15
S102888,E1066,ST-05,2026-07-06,06:30,16:15
S102982,E1068,ST-01,2026-07-06,09:00,18:30
S103063,E1070,ST-05,2026-07-06,18:30,05:30
S103107,E1071,ST-02,2026-07-06,06:00,16:00
S103151,E1072,ST-06,2026-07-06,08:00,17:15
S103244,E1074,ST-05,2026-07-06,07:00,16:15
S103294,E1075,ST-06,2026-07-06,08:00,16:15
S103345,E1076,ST-03,2026-07-06,08:15,17:00
S103433,E1078,ST-03,2026-07-06,19:30,07:30
S103473,E1079,ST-05,2026-07-06,06:30,17:00
S103519,E1080,ST-04,2026-07-06,08:15,17:45
S103559,E1081,ST-04,2026-07-06,19:15,06:45
S103595,E1082,ST-04,2026-07-06,07:00,19:00
S103633,E1083,ST-05,2026-07-06,19:00,07:00
S103717,E1085,ST-04,2026-07-06,08:00,16:30
S103767,E1086,ST-03,2026-07-06,19:15,07:00
S103911,E1089,ST-02,2026-07-06,07:00,16:45
S103970,E1091,ST-06,2026-07-06,06:00,14:15
S104020,E1092,ST-04,2026-07-06,09:00,18:30
S104067,E1093,ST-02,2026-07-06,07:00,17:30
S104155,E1095,ST-03,2026-07-06,07:30,16:30
S104206,E1096,ST-02,2026-07-06,08:30,16:30
S104263,E1097,ST-02,2026-07-06,08:00,17:45
S104370,E1100,ST-06,2026-07-06,08:00,17:15
S104419,E1101,ST-06,2026-07-06,09:00,20:45
S104454,E1102,ST-04,2026-07-06,08:00,
S104497,E1103,ST-06,2026-07-06,09:00,18:15
S104543,E1104,ST-02,2026-07-06,09:00,20:45
S104592,E1105,ST-04,2026-07-06,06:00,14:45
S104683,E1107,ST-04,2026-07-06,08:30,17:30
S104780,E1109,ST-05,2026-07-06,06:00,15:30
S104869,E1111,ST-05,2026-07-06,07:15,16:30
S104914,E1112,ST-05,2026-07-06,07:15,20:00
S105177,E1118,ST-03,2026-07-06,06:00,15:45
S105222,E1119,ST-02,2026-07-06,06:30,14:45
S105282,E1120,ST-01,2026-07-06,06:30,15:15
S105376,E1122,ST-03,2026-07-06,09:00,17:45
S105382,E1122,ST-06,2026-07-06,06:15,10:15
S105484,E1124,ST-04,2026-07-06,06:30,16:00
S105533,E1125,ST-05,2026-07-06,08:00,16:15
S105589,E1127,ST-04,2026-07-06,08:15,18:15
S105640,E1128,ST-04,2026-07-06,08:15,19:00
S105728,E1130,ST-02,2026-07-06,07:00,16:00
S105778,E1131,ST-01,2026-07-06,08:00,17:15
S105869,E1133,ST-01,2026-07-06,06:00,14:30
S106012,E1136,ST-03,2026-07-06,08:00,17:45
S106058,E1137,ST-05,2026-07-06,06:00,14:45
S106182,E1140,ST-04,2026-07-06,06:15,14:15
S106224,E1141,ST-01,2026-07-06,07:15,18:45
S106262,E1142,ST-03,2026-07-06,06:15,18:15
S106265,E1142,ST-06,2026-07-06,09:15,13:15
S106301,E1143,ST-02,2026-07-06,08:00,17:15
S106343,E1144,ST-06,2026-07-06,06:00,14:15
S106417,E1146,ST-04,2026-07-06,18:15,05:00
S106567,E1150,ST-06,2026-07-06,18:00,05:45
S106615,E1151,ST-04,2026-07-06,09:30,19:00
S106659,E1152,ST-06,2026-07-06,08:00,21:00
S106705,E1153,ST-02,2026-07-06,06:15,15:00
S106800,E1155,ST-03,2026-07-06,09:15,21:45
S106843,E1156,ST-04,2026-07-06,08:00,17:15
S106891,E1157,ST-05,2026-07-06,06:00,19:00
S106933,E1158,ST-04,2026-07-06,06:15,14:45
S107015,E1160,ST-01,2026-07-06,06:00,15:45
S107058,E1161,ST-05,2026-07-06,06:00,18:30
S107151,E1163,ST-01,2026-07-06,07:30,16:15
S107201,E1164,ST-04,2026-07-06,06:00,14:45
S107430,E1169,ST-05,2026-07-06,09:00,
S107479,E1170,ST-05,2026-07-06,08:00,17:30
S107523,E1171,ST-02,2026-07-06,09:00,18:30
S107571,E1172,ST-04,2026-07-06,06:15,15:45
S107617,E1173,ST-05,2026-07-06,09:30,18:45
S107666,E1174,ST-01,2026-07-06,09:00,18:15
S107712,E1175,ST-03,2026-07-06,09:30,
S107752,E1176,ST-06,2026-07-06,18:15,07:15
S107795,E1177,ST-02,2026-07-06,07:00,16:15
S107843,E1178,ST-03,2026-07-06,06:30,16:15
S107889,E1179,ST-05,2026-07-06,08:30,19:45
S108007,E1182,ST-05,2026-07-06,20:00,08:00
S108047,E1183,ST-06,2026-07-06,18:00,
S108092,E1184,ST-06,2026-07-06,20:30,08:30
S108141,E1185,ST-04,2026-07-06,06:00,16:15
S108182,E1186,ST-05,2026-07-06,06:00,18:45
S108314,E1189,ST-03,2026-07-06,06:15,15:00
S108407,E1191,ST-01,2026-07-06,08:15,17:00
S108451,E1192,ST-05,2026-07-06,07:00,
S108602,E1196,ST-02,2026-07-06,20:00,
S108641,E1197,ST-02,2026-07-06,07:15,15:15
S108694,E1198,ST-04,2026-07-06,08:00,17:30
S108750,E1199,ST-05,2026-07-06,06:00,15:30
S108923,E1203,ST-03,2026-07-06,06:30,16:30
S108926,E1203,ST-01,2026-07-06,08:30,12:30
S108971,E1204,ST-02,2026-07-06,09:30,18:15
S109021,E1205,ST-02,2026-07-06,06:30,16:00
S109071,E1206,ST-03,2026-07-06,08:00,16:30
S109162,E1208,ST-01,2026-07-06,08:00,17:15
S109212,E1209,ST-05,2026-07-06,06:00,14:15
S109334,E1212,ST-06,2026-07-06,20:00,07:30
S109377,E1213,ST-03,2026-07-06,09:30,18:45
S100019,E1001,ST-01,2026-07-07,08:00,16:30
S100070,E1002,ST-02,2026-07-07,06:30,16:00
S100123,E1003,ST-03,2026-07-07,09:00,17:45
S100167,E1004,ST-03,2026-07-07,18:15,06:30
S100213,E1005,ST-05,2026-07-07,07:00,16:15
S100299,E1007,ST-06,2026-07-07,09:15,21:15
S100370,E1009,ST-02,2026-07-07,09:00,21:15
S100418,E1010,ST-01,2026-07-07,09:00,18:00
S100467,E1011,ST-01,2026-07-07,08:15,17:45
S100509,E1012,ST-04,2026-07-07,09:00,18:15
S100589,E1014,ST-03,2026-07-07,07:00,19:45
S100626,E1015,ST-05,2026-07-07,08:00,18:15
S100677,E1016,ST-04,2026-07-07,09:00,17:30
S100719,E1017,ST-05,2026-07-07,07:00,18:30
S100758,E1018,ST-01,2026-07-07,08:00,18:00
S100798,E1019,ST-05,2026-07-07,08:00,17:00
S100843,E1020,ST-03,2026-07-07,06:00,14:00
S100923,E1022,ST-06,2026-07-07,09:00,17:15
S100967,E1023,ST-01,2026-07-07,08:00,17:15
S101012,E1024,ST-01,2026-07-07,06:00,14:15
S101061,E1025,ST-02,2026-07-07,06:00,17:00
S101101,E1026,ST-05,2026-07-07,06:00,18:15
S101146,E1027,ST-06,2026-07-07,08:00,17:30
S101196,E1028,ST-01,2026-07-07,08:15,17:45
S101241,E1029,ST-04,2026-07-07,06:30,14:30
S101292,E1030,ST-03,2026-07-07,09:00,17:00
S101338,E1031,ST-05,2026-07-07,08:00,18:15
S101388,E1032,ST-01,2026-07-07,07:00,17:30
S101442,E1033,ST-01,2026-07-07,07:30,16:00
S101486,E1034,ST-02,2026-07-07,07:30,17:15
S101540,E1036,ST-03,2026-07-07,06:00,17:45
S101585,E1037,ST-03,2026-07-07,18:30,06:45
S101655,E1039,ST-04,2026-07-07,06:30,15:15
S101710,E1040,ST-03,2026-07-07,06:00,15:00
S101845,E1043,ST-03,2026-07-07,06:00,15:15
S101893,E1044,ST-02,2026-07-07,19:00,07:00
S101939,E1045,ST-05,2026-07-07,08:00,17:45
S101992,E1046,ST-03,2026-07-07,08:00,16:30
S102033,E1047,ST-06,2026-07-07,06:00,16:00
S102079,E1048,ST-01,2026-07-07,06:00,16:00
S102169,E1050,ST-01,2026-07-07,09:30,22:00
S102211,E1051,ST-06,2026-07-07,09:15,18:30
S102260,E1052,ST-01,2026-07-07,06:15,15:15
S102339,E1054,ST-03,2026-07-07,06:00,15:45
S102427,E1056,ST-03,2026-07-07,06:00,15:15
S102476,E1057,ST-01,2026-07-07,06:00,15:15
S102520,E1058,ST-04,2026-07-07,08:30,18:30
S102572,E1059,ST-05,2026-07-07,08:00,16:45
S102619,E1060,ST-02,2026-07-07,07:15,16:45
S102809,E1064,ST-04,2026-07-07,08:30,17:45
S102849,E1065,ST-03,2026-07-07,20:30,09:00
S102935,E1067,ST-06,2026-07-07,06:15,15:30
S102983,E1068,ST-01,2026-07-07,06:00,16:00
S103026,E1069,ST-05,2026-07-07,06:15,18:30
S103108,E1071,ST-02,2026-07-07,06:00,15:00
S103152,E1072,ST-06,2026-07-07,08:00,17:30
S103194,E1073,ST-01,2026-07-07,07:00,16:45
S103295,E1075,ST-06,2026-07-07,08:15,17:15
S103346,E1076,ST-03,2026-07-07,08:15,16:00
S103391,E1077,ST-04,2026-07-07,18:00,06:00
S103434,E1078,ST-03,2026-07-07,20:00,07:00
S103474,E1079,ST-05,2026-07-07,09:00,19:15
S103520,E1080,ST-04,2026-07-07,06:00,15:00
S103671,E1084,ST-03,2026-07-07,06:00,18:00
S103718,E1085,ST-04,2026-07-07,07:30,16:15
S103811,E1087,ST-02,2026-07-07,09:00,20:45
S103859,E1088,ST-05,2026-07-07,07:00,15:00
S103912,E1089,ST-02,2026-07-07,09:15,17:30
S104108,E1094,ST-04,2026-07-07,18:30,06:15
S104156,E1095,ST-03,2026-07-07,08:30,18:00
S104207,E1096,ST-02,2026-07-07,07:00,15:00
S104264,E1097,ST-02,2026-07-07,06:00,16:30
S104267,E1098,ST-03,2026-07-07,06:00,14:45
S104320,E1099,ST-02,2026-07-07,19:15,06:45
S104371,E1100,ST-06,2026-07-07,06:00,14:15
S104420,E1101,ST-06,2026-07-07,06:00,19:00
S104455,E1102,ST-04,2026-07-07,07:00,16:15
S104593,E1105,ST-04,2026-07-07,06:00,15:00
S104733,E1108,ST-06,2026-07-07,08:00,17:00
S104781,E1109,ST-05,2026-07-07,09:00,17:45
S104825,E1110,ST-06,2026-07-07,07:00,17:00
S104956,E1113,ST-02,2026-07-07,06:00,15:30
S105003,E1114,ST-01,2026-07-07,06:00,14:30
S105051,E1115,ST-06,2026-07-07,08:00,16:45
S105093,E1116,ST-02,2026-07-07,08:30,20:15
S105136,E1117,ST-03,2026-07-07,08:00,17:15
S105178,E1118,ST-03,2026-07-07,09:00,19:30
S105223,E1119,ST-02,2026-07-07,07:30,16:45
S105283,E1120,ST-01,2026-07-07,09:15,18:00
S105329,E1121,ST-03,2026-07-07,18:30,06:00
S105377,E1122,ST-03,2026-07-07,06:30,15:15
S105485,E1124,ST-04,2026-07-07,09:00,18:45
S105534,E1125,ST-05,2026-07-07,09:15,18:30
S105586,E1126,ST-06,2026-07-07,07:00,16:45
S105590,E1127,ST-04,2026-07-07,06:00,15:30
S105641,E1128,ST-04,2026-07-07,06:30,19:30
S105681,E1129,ST-04,2026-07-07,08:00,16:30
S105729,E1130,ST-02,2026-07-07,08:00,16:45
S105779,E1131,ST-01,2026-07-07,08:00,17:30
S105821,E1132,ST-02,2026-07-07,20:30,09:15
S105870,E1133,ST-01,2026-07-07,09:00,18:30
S105915,E1134,ST-04,2026-07-07,09:00,18:15
S105964,E1135,ST-05,2026-07-07,06:15,15:15
S106103,E1138,ST-01,2026-07-07,18:00,06:00
S106142,E1139,ST-03,2026-07-07,20:00,07:15
S106183,E1140,ST-04,2026-07-07,08:00,16:45
S106225,E1141,ST-01,2026-07-07,06:00,18:00
S106450,E1147,ST-01,2026-07-07,07:15,20:00
S106453,E1147,ST-03,2026-07-07,07:30,11:30
S106488,E1148,ST-01,2026-07-07,06:00,14:30
S106660,E1152,ST-06,2026-07-07,08:00,20:45
S106754,E1154,ST-04,2026-07-07,06:15,15:30
S106801,E1155,ST-03,2026-07-07,08:00,19:15
S106844,E1156,ST-04,2026-07-07,06:15,14:45
S106892,E1157,ST-05,2026-07-07,08:00,19:45
S107016,E1160,ST-01,2026-07-07,08:15,16:15
S107059,E1161,ST-05,2026-07-07,07:00,19:30
S107102,E1162,ST-03,2026-07-07,06:00,16:30
S107152,E1163,ST-01,2026-07-07,09:00,17:45
S107202,E1164,ST-04,2026-07-07,09:00,18:15
S107250,E1165,ST-05,2026-07-07,06:00,15:45
S107298,E1166,ST-06,2026-07-07,08:00,18:00
S107341,E1167,ST-02,2026-07-07,06:15,18:45
S107382,E1168,ST-04,2026-07-07,08:00,18:30
S107431,E1169,ST-05,2026-07-07,06:00,16:00
S107524,E1171,ST-02,2026-07-07,06:00,15:15
S107572,E1172,ST-04,2026-07-07,09:00,17:45
S107618,E1173,ST-05,2026-07-07,08:00,16:45
S107667,E1174,ST-01,2026-07-07,07:30,16:15
S107713,E1175,ST-03,2026-07-07,06:30,17:30
S107753,E1176,ST-06,2026-07-07,19:30,07:45
S107755,E1176,ST-05,2026-07-07,18:00,22:00
S107844,E1178,ST-03,2026-07-07,08:00,18:15
S107890,E1179,ST-05,2026-07-07,06:30,19:30
S107931,E1180,ST-06,2026-07-07,06:00,14:45
S108008,E1182,ST-05,2026-07-07,18:30,07:00
S108093,E1184,ST-06,2026-07-07,18:00,05:30
S108142,E1185,ST-04,2026-07-07,06:00,15:30
S108224,E1187,ST-04,2026-07-07,08:00,16:00
S108361,E1190,ST-05,2026-07-07,07:00,19:30
S108497,E1193,ST-03,2026-07-07,07:15,
S108555,E1195,ST-04,2026-07-07,08:00,17:00
S108599,E1196,ST-04,2026-07-07,19:00,05:45
S108642,E1197,ST-02,2026-07-07,09:00,18:00
S108695,E1198,ST-04,2026-07-07,06:15,15:00
S108698,E1198,ST-01,2026-07-07,08:15,12:15
S108751,E1199,ST-05,2026-07-07,08:00,17:00
S108800,E1200,ST-04,2026-07-07,07:15,16:00
S108883,E1202,ST-06,2026-07-07,19:15,07:30
S108972,E1204,ST-02,2026-07-07,06:00,14:45
S109022,E1205,ST-02,2026-07-07,08:30,17:15
S109117,E1207,ST-02,2026-07-07,07:00,16:45
S109163,E1208,ST-01,2026-07-07,08:15,17:15
S109258,E1210,ST-03,2026-07-07,08:00,17:30
S109335,E1212,ST-06,2026-07-07,18:30,05:45
S109378,E1213,ST-03,2026-07-07,07:00,15:15
S100071,E1002,ST-02,2026-07-08,06:00,15:15
S100124,E1003,ST-03,2026-07-08,08:30,16:15
S100214,E1005,ST-05,2026-07-08,06:00,14:15
S100371,E1009,ST-02,2026-07-08,06:30,18:30
S100419,E1010,ST-01,2026-07-08,06:00,15:15
S100468,E1011,ST-01,2026-07-08,09:00,17:45
S100510,E1012,ST-04,2026-07-08,06:15,16:45
S100550,E1013,ST-04,2026-07-08,08:00,21:00
S100590,E1014,ST-03,2026-07-08,06:30,18:45
S100678,E1016,ST-04,2026-07-08,08:00,16:00
S100759,E1018,ST-01,2026-07-08,08:00,17:45
S100799,E1019,ST-05,2026-07-08,06:15,15:30
S100844,E1020,ST-03,2026-07-08,06:15,14:00
S100968,E1023,ST-01,2026-07-08,08:00,17:00
S101013,E1024,ST-01,2026-07-08,07:15,16:15
S101147,E1027,ST-06,2026-07-08,06:00,14:30
S101245,E1029,ST-02,2026-07-08,08:00,12:00
S101339,E1031,ST-05,2026-07-08,06:00,16:00
S101389,E1032,ST-01,2026-07-08,06:00,14:15
S101614,E1038,ST-06,2026-07-08,07:15,20:00
S101656,E1039,ST-04,2026-07-08,07:00,16:15
S101711,E1040,ST-03,2026-07-08,08:00,16:45
S101758,E1041,ST-03,2026-07-08,08:00,17:45
S101799,E1042,ST-03,2026-07-08,06:30,18:30
S101894,E1044,ST-02,2026-07-08,18:00,05:15
S101940,E1045,ST-05,2026-07-08,08:30,18:30
S101993,E1046,ST-03,2026-07-08,06:15,16:15
S102034,E1047,ST-06,2026-07-08,08:00,18:15
S102080,E1048,ST-01,2026-07-08,06:00,15:45
S102128,E1049,ST-01,2026-07-08,08:30,17:30
S102212,E1051,ST-06,2026-07-08,08:15,16:45
S102261,E1052,ST-01,2026-07-08,06:00,14:45
S102382,E1055,ST-06,2026-07-08,19:00,07:15
S102573,E1059,ST-05,2026-07-08,09:15,17:15
S102668,E1061,ST-01,2026-07-08,06:00,16:15
S102718,E1062,ST-05,2026-07-08,06:15,15:30
S102764,E1063,ST-05,2026-07-08,08:00,17:45
S102810,E1064,ST-04,2026-07-08,08:15,17:45
S102852,E1065,ST-05,2026-07-08,20:00,00:00
S102936,E1067,ST-06,2026-07-08,08:15,18:15
S103064,E1070,ST-05,2026-07-08,18:00,07:00
S103109,E1071,ST-02,2026-07-08,08:30,17:45
S103195,E1073,ST-01,2026-07-08,09:00,18:45
S103245,E1074,ST-05,2026-07-08,07:15,15:15
S103296,E1075,ST-06,2026-07-08,08:00,17:15
S103347,E1076,ST-03,2026-07-08,06:00,15:15
S103392,E1077,ST-04,2026-07-08,18:15,06:00
S103560,E1081,ST-04,2026-07-08,19:00,07:00
S103719,E1085,ST-04,2026-07-08,09:15,17:45
S103812,E1087,ST-02,2026-07-08,06:30,18:45
S103860,E1088,ST-05,2026-07-08,06:15,15:00
S103913,E1089,ST-02,2026-07-08,08:00,16:00
S104021,E1092,ST-04,2026-07-08,09:15,19:30
S104068,E1093,ST-02,2026-07-08,07:15,17:00
S104109,E1094,ST-04,2026-07-08,19:15,06:30
S104208,E1096,ST-02,2026-07-08,06:30,14:45
S104265,E1097,ST-02,2026-07-08,06:00,16:15
S104321,E1099,ST-02,2026-07-08,18:00,05:45
S104372,E1100,ST-06,2026-07-08,08:00,16:00
S104456,E1102,ST-04,2026-07-08,06:15,15:30
S104498,E1103,ST-06,2026-07-08,06:00,16:15
S104594,E1105,ST-04,2026-07-08,06:15,14:45
S104641,E1106,ST-03,2026-07-08,08:00,19:45
S104684,E1107,ST-04,2026-07-08,09:00,19:00
S104782,E1109,ST-05,2026-07-08,08:00,16:15
S104826,E1110,ST-06,2026-07-08,06:15,15:00
S104870,E1111,ST-05,2026-07-08,08:00,17:00
S105052,E1115,ST-06,2026-07-08,09:00,17:00
S105179,E1118,ST-03,2026-07-08,09:00,19:30
S105224,E1119,ST-02,2026-07-08,07:00,15:30
S105330,E1121,ST-03,2026-07-08,20:00,07:00
S105378,E1122,ST-03,2026-07-08,07:00,16:30
S105535,E1125,ST-05,2026-07-08,07:15,17:00
S105642,E1128,ST-04,2026-07-08,08:00,18:15
S105730,E1130,ST-02,2026-07-08,07:00,16:45
S105822,E1132,ST-02,2026-07-08,18:30,07:30
S105871,E1133,ST-01,2026-07-08,07:00,15:15
S106013,E1136,ST-03,2026-07-08,07:00,15:00
S106059,E1137,ST-05,2026-07-08,09:00,18:15
S106145,E1139,ST-06,2026-07-08,18:15,22:15
S106263,E1142,ST-03,2026-07-08,06:00,17:45
S106454,E1147,ST-03,2026-07-08,07:00,11:00
S106489,E1148,ST-01,2026-07-08,06:30,15:45
S106529,E1149,ST-05,2026-07-08,08:00,
S106616,E1151,ST-04,2026-07-08,08:00,18:00
S106706,E1153,ST-02,2026-07-08,06:15,14:30
S106802,E1155,ST-03,2026-07-08,06:00,18:45
S106934,E1158,ST-04,2026-07-08,08:30,18:45
S106977,E1159,ST-06,2026-07-08,18:15,05:45
S107017,E1160,ST-01,2026-07-08,08:30,17:30
S107060,E1161,ST-05,2026-07-08,07:00,18:15
S107103,E1162,ST-03,2026-07-08,09:00,18:30
S107251,E1165,ST-05,2026-07-08,09:00,17:30
S107299,E1166,ST-06,2026-07-08,06:00,15:45
S107342,E1167,ST-02,2026-07-08,07:00,19:45
S107383,E1168,ST-04,2026-07-08,08:15,17:45
S107432,E1169,ST-05,2026-07-08,06:30,15:15
S107525,E1171,ST-02,2026-07-08,08:00,18:00
S107668,E1174,ST-01,2026-07-08,09:00,17:15
S107845,E1178,ST-03,2026-07-08,08:15,17:30
S107932,E1180,ST-06,2026-07-08,06:15,15:15
S108009,E1182,ST-05,2026-07-08,18:15,04:45
S108048,E1183,ST-06,2026-07-08,20:00,07:45
S108143,E1185,ST-04,2026-07-08,07:30,18:00
S108225,E1187,ST-04,2026-07-08,08:30,17:15
S108270,E1188,ST-02,2026-07-08,09:30,22:15
S108315,E1189,ST-03,2026-07-08,08:00,16:45
S108408,E1191,ST-01,2026-07-08,09:00,18:15
S108452,E1192,ST-05,2026-07-08,07:00,19:45
S108498,E1193,ST-03,2026-07-08,07:00,14:45
S108556,E1195,ST-04,2026-07-08,08:00,16:30
S108600,E1196,ST-04,2026-07-08,18:15,06:30
S108603,E1196,ST-02,2026-07-08,19:15,23:15
S108643,E1197,ST-02,2026-07-08,08:00,17:30
S108696,E1198,ST-04,2026-07-08,09:00,18:30
S108699,E1198,ST-01,2026-07-08,09:00,13:00
S108801,E1200,ST-04,2026-07-08,06:15,15:30
S108843,E1201,ST-06,2026-07-08,06:00,18:15
S108884,E1202,ST-06,2026-07-08,19:15,06:45
S108924,E1203,ST-03,2026-07-08,06:00,14:15
S108973,E1204,ST-02,2026-07-08,09:00,
S109023,E1205,ST-02,2026-07-08,08:00,18:15
S109118,E1207,ST-02,2026-07-08,06:30,16:15
S109164,E1208,ST-01,2026-07-08,09:15,18:30
S109299,E1211,ST-01,2026-07-08,08:00,20:45
S109336,E1212,ST-06,2026-07-08,18:00,05:45
S100169,E1004,ST-04,2026-07-09,18:00,22:00
S100215,E1005,ST-05,2026-07-09,06:00,14:30
S100262,E1006,ST-04,2026-07-09,08:30,20:15
S100334,E1008,ST-03,2026-07-09,08:00,19:45
S100372,E1009,ST-02,2026-07-09,06:30,17:30
S100627,E1015,ST-05,2026-07-09,08:00,18:30
S100679,E1016,ST-04,2026-07-09,08:00,17:30
S100800,E1019,ST-05,2026-07-09,08:15,17:00
S100883,E1021,ST-04,2026-07-09,09:00,20:30
S100924,E1022,ST-06,2026-07-09,06:00,15:00
S100969,E1023,ST-01,2026-07-09,09:00,17:45
S101062,E1025,ST-02,2026-07-09,08:00,18:45
S101102,E1026,ST-05,2026-07-09,07:00,
S101197,E1028,ST-01,2026-07-09,06:30,16:15
S101340,E1031,ST-05,2026-07-09,06:00,16:00
S101390,E1032,ST-01,2026-07-09,08:00,17:00
S101487,E1034,ST-02,2026-07-09,08:30,19:30
S101536,E1035,ST-01,2026-07-09,06:00,
S101586,E1037,ST-03,2026-07-09,18:00,05:00
S101615,E1038,ST-06,2026-07-09,07:30,19:30
S101657,E1039,ST-04,2026-07-09,08:00,17:15
S101712,E1040,ST-03,2026-07-09,08:00,17:30
S101759,E1041,ST-03,2026-07-09,06:00,15:45
S101846,E1043,ST-03,2026-07-09,08:30,17:30
S101895,E1044,ST-02,2026-07-09,20:00,09:30
S102035,E1047,ST-06,2026-07-09,06:00,16:30
S102081,E1048,ST-01,2026-07-09,06:00,15:45
S102129,E1049,ST-01,2026-07-09,08:15,18:30
S102213,E1051,ST-06,2026-07-09,06:00,14:00
S102262,E1052,ST-01,2026-07-09,06:30,15:45
S102300,E1053,ST-01,2026-07-09,20:00,06:45
S102383,E1055,ST-06,2026-07-09,19:00,07:15
S102428,E1056,ST-03,2026-07-09,07:30,17:45
S102477,E1057,ST-01,2026-07-09,08:00,17:00
S102574,E1059,ST-05,2026-07-09,09:30,17:15
S102620,E1060,ST-02,2026-07-09,07:15,16:30
S102669,E1061,ST-01,2026-07-09,08:30,18:00
S102719,E1062,ST-05,2026-07-09,06:15,16:15
S102853,E1065,ST-05,2026-07-09,19:30,23:30
S102889,E1066,ST-05,2026-07-09,08:00,17:15
S102937,E1067,ST-06,2026-07-09,08:00,17:30
S102984,E1068,ST-01,2026-07-09,06:00,16:15
S103110,E1071,ST-02,2026-07-09,09:00,19:30
S103196,E1073,ST-01,2026-07-09,08:15,17:30
S103395,E1077,ST-06,2026-07-09,19:30,23:30
S103475,E1079,ST-05,2026-07-09,07:00,16:45
S103521,E1080,ST-04,2026-07-09,06:15,15:00
S103596,E1082,ST-04,2026-07-09,08:00,
S103672,E1084,ST-03,2026-07-09,06:00,17:45
S103720,E1085,ST-04,2026-07-09,08:00,17:30
S103768,E1086,ST-03,2026-07-09,18:00,06:30
S103813,E1087,ST-02,2026-07-09,07:30,20:15
S103861,E1088,ST-05,2026-07-09,06:00,
S103914,E1089,ST-02,2026-07-09,09:00,17:15
S103967,E1090,ST-05,2026-07-09,06:00,14:15
S104022,E1092,ST-04,2026-07-09,06:00,16:15
S104069,E1093,ST-02,2026-07-09,07:30,17:30
S104157,E1095,ST-03,2026-07-09,07:00,16:00
S104209,E1096,ST-02,2026-07-09,07:00,
S104268,E1098,ST-03,2026-07-09,08:00,17:30
S104322,E1099,ST-02,2026-07-09,18:00,06:15
S104499,E1103,ST-06,2026-07-09,06:15,17:00
S104544,E1104,ST-02,2026-07-09,06:30,17:15
S104734,E1108,ST-06,2026-07-09,07:30,16:15
S104783,E1109,ST-05,2026-07-09,08:30,17:30
S104871,E1111,ST-05,2026-07-09,06:00,16:00
S104915,E1112,ST-05,2026-07-09,08:00,19:45
S105004,E1114,ST-01,2026-07-09,08:15,17:00
S105053,E1115,ST-06,2026-07-09,08:15,17:45
S105094,E1116,ST-02,2026-07-09,09:00,21:30
S105137,E1117,ST-03,2026-07-09,09:30,19:15
S105180,E1118,ST-03,2026-07-09,07:00,
S105225,E1119,ST-02,2026-07-09,08:15,16:15
S105284,E1120,ST-01,2026-07-09,07:00,16:00
S105331,E1121,ST-03,2026-07-09,18:00,05:00
S105379,E1122,ST-03,2026-07-09,08:15,16:30
S105435,E1123,ST-01,2026-07-09,06:00,16:00
S105486,E1124,ST-04,2026-07-09,06:30,15:30
S105587,E1126,ST-06,2026-07-09,08:00,18:15
S105682,E1129,ST-04,2026-07-09,08:00,17:15
S105731,E1130,ST-02,2026-07-09,06:15,15:15
S105780,E1131,ST-01,2026-07-09,09:30,19:45
S105823,E1132,ST-02,2026-07-09,19:30,07:00
S105916,E1134,ST-04,2026-07-09,08:00,17:15
S105965,E1135,ST-05,2026-07-09,09:00,17:15
S106014,E1136,ST-03,2026-07-09,07:00,15:30
S106143,E1139,ST-03,2026-07-09,18:00,06:15
S106146,E1139,ST-06,2026-07-09,20:15,00:15
S106184,E1140,ST-04,2026-07-09,08:00,17:45
S106266,E1142,ST-06,2026-07-09,08:30,12:30
S106302,E1143,ST-02,2026-07-09,09:30,18:30
S106344,E1144,ST-06,2026-07-09,08:15,17:45
S106382,E1145,ST-03,2026-07-09,19:00,06:00
S106451,E1147,ST-01,2026-07-09,08:00,19:30
S106530,E1149,ST-05,2026-07-09,06:00,17:45
S106617,E1151,ST-04,2026-07-09,06:00,16:30
S106707,E1153,ST-02,2026-07-09,06:00,14:45
S106755,E1154,ST-04,2026-07-09,09:00,17:45
S106845,E1156,ST-04,2026-07-09,07:30,16:45
S106978,E1159,ST-06,2026-07-09,19:30,07:45
S107061,E1161,ST-05,2026-07-09,09:15,17:15
S107203,E1164,ST-04,2026-07-09,07:00,16:45
S107252,E1165,ST-05,2026-07-09,06:15,16:30
S107300,E1166,ST-06,2026-07-09,06:00,16:00
S107343,E1167,ST-02,2026-07-09,06:30,17:30
S107384,E1168,ST-04,2026-07-09,08:15,17:45
S107480,E1170,ST-05,2026-07-09,06:00,16:15
S107526,E1171,ST-02,2026-07-09,08:00,18:45
S107714,E1175,ST-03,2026-07-09,07:00,19:00
S107756,E1176,ST-05,2026-07-09,18:00,22:00
S107846,E1178,ST-03,2026-07-09,06:00,14:30
S107891,E1179,ST-05,2026-07-09,09:00,21:00
S107933,E1180,ST-06,2026-07-09,08:00,16:15
S107973,E1181,ST-04,2026-07-09,19:00,07:00
S108010,E1182,ST-05,2026-07-09,19:15,04:30
S108049,E1183,ST-06,2026-07-09,18:00,06:00
S108094,E1184,ST-06,2026-07-09,18:00,05:30
S108144,E1185,ST-04,2026-07-09,07:15,16:45
S108183,E1186,ST-05,2026-07-09,08:00,19:15
S108226,E1187,ST-04,2026-07-09,09:00,18:00
S108271,E1188,ST-02,2026-07-09,06:00,17:00
S108316,E1189,ST-03,2026-07-09,08:30,18:00
S108362,E1190,ST-05,2026-07-09,08:00,19:45
S108409,E1191,ST-01,2026-07-09,06:00,14:15
S108499,E1193,ST-03,2026-07-09,08:15,17:30
S108501,E1194,ST-01,2026-07-09,09:15,18:45
S108557,E1195,ST-04,2026-07-09,08:00,18:00
S108752,E1199,ST-05,2026-07-09,06:00,15:00
S108844,E1201,ST-06,2026-07-09,07:00,
S108927,E1203,ST-01,2026-07-09,08:00,12:00
S108974,E1204,ST-02,2026-07-09,08:15,17:15
S109025,E1205,ST-01,2026-07-09,08:15,12:15
S109072,E1206,ST-03,2026-07-09,08:00,17:15
S109165,E1208,ST-01,2026-07-09,07:15,17:15
S109213,E1209,ST-05,2026-07-09,06:15,15:15
S109259,E1210,ST-03,2026-07-09,09:00,18:15
S109379,E1213,ST-03,2026-07-09,08:00,16:30
S100020,E1001,ST-01,2026-07-10,07:15,15:00
S100072,E1002,ST-02,2026-07-10,07:00,14:15
S100125,E1003,ST-03,2026-07-10,06:30,15:45
S100216,E1005,ST-05,2026-07-10,06:00,15:15
S100263,E1006,ST-04,2026-07-10,06:00,18:15
S100300,E1007,ST-06,2026-07-10,08:00,20:00
S100420,E1010,ST-01,2026-07-10,06:00,14:45
S100469,E1011,ST-01,2026-07-10,06:30,16:45
S100551,E1013,ST-04,2026-07-10,08:00,20:00
S100682,E1016,ST-03,2026-07-10,08:30,12:30
S100720,E1017,ST-05,2026-07-10,06:00,18:30
S100760,E1018,ST-01,2026-07-10,08:15,17:15
S100801,E1019,ST-05,2026-07-10,08:15,17:15
S101014,E1024,ST-01,2026-07-10,06:00,16:00
S101148,E1027,ST-06,2026-07-10,06:00,15:30
S101198,E1028,ST-01,2026-07-10,06:30,13:30
S101242,E1029,ST-04,2026-07-10,06:30,16:00
S101293,E1030,ST-03,2026-07-10,06:15,15:30
S101341,E1031,ST-05,2026-07-10,09:30,23:00
S101391,E1032,ST-01,2026-07-10,06:00,15:15
S101443,E1033,ST-01,2026-07-10,09:30,19:45
S101488,E1034,ST-02,2026-07-10,07:00,16:30
S101537,E1035,ST-01,2026-07-10,08:00,17:00
S101616,E1038,ST-06,2026-07-10,06:00,16:15
S101658,E1039,ST-04,2026-07-10,08:00,17:45
S101713,E1040,ST-03,2026-07-10,07:15,16:15
S101760,E1041,ST-03,2026-07-10,08:30,19:30
S101800,E1042,ST-03,2026-07-10,08:00,19:45
S101847,E1043,ST-03,2026-07-10,08:15,18:00
S102036,E1047,ST-06,2026-07-10,06:15,17:45
S102082,E1048,ST-01,2026-07-10,06:00,19:15
S102130,E1049,ST-01,2026-07-10,06:00,16:00
S102214,E1051,ST-06,2026-07-10,06:00,15:45
S102263,E1052,ST-01,2026-07-10,08:15,17:45
S102301,E1053,ST-01,2026-07-10,19:15,08:45
S102340,E1054,ST-03,2026-07-10,07:00,16:30
S102429,E1056,ST-03,2026-07-10,06:00,16:00
S102575,E1059,ST-05,2026-07-10,06:15,14:45
S102621,E1060,ST-02,2026-07-10,07:15,17:15
S102670,E1061,ST-01,2026-07-10,07:00,17:15
S102765,E1063,ST-05,2026-07-10,07:30,19:00
S102811,E1064,ST-04,2026-07-10,09:00,19:00
S102850,E1065,ST-03,2026-07-10,20:30,08:00
S102854,E1065,ST-05,2026-07-10,20:00,23:30
S102938,E1067,ST-06,2026-07-10,09:00,17:45
S103027,E1069,ST-05,2026-07-10,09:00,21:45
S103197,E1073,ST-01,2026-07-10,08:00,18:15
S103246,E1074,ST-05,2026-07-10,08:00,17:00
S103297,E1075,ST-06,2026-07-10,08:00,17:15
S103348,E1076,ST-03,2026-07-10,06:00,15:45
S103396,E1077,ST-06,2026-07-10,19:15,23:15
S103435,E1078,ST-03,2026-07-10,18:00,07:30
S103522,E1080,ST-04,2026-07-10,06:00,15:00
S103597,E1082,ST-04,2026-07-10,06:30,19:00
S103634,E1083,ST-05,2026-07-10,20:00,08:15
S103673,E1084,ST-03,2026-07-10,08:15,
S103721,E1085,ST-04,2026-07-10,08:00,13:15
S103769,E1086,ST-03,2026-07-10,18:00,05:15
S103971,E1091,ST-06,2026-07-10,09:15,18:30
S104023,E1092,ST-04,2026-07-10,07:00,12:30
S104070,E1093,ST-02,2026-07-10,09:00,18:30
S104266,E1097,ST-02,2026-07-10,06:15,13:30
S104323,E1099,ST-02,2026-07-10,19:00,07:00
S104373,E1100,ST-06,2026-07-10,08:15,17:00
S104457,E1102,ST-04,2026-07-10,07:15,15:45
S104500,E1103,ST-06,2026-07-10,08:30,18:00
S104642,E1106,ST-03,2026-07-10,06:00,18:30
S104685,E1107,ST-04,2026-07-10,06:00,15:15
S104735,E1108,ST-06,2026-07-10,07:00,15:30
S104872,E1111,ST-05,2026-07-10,06:15,15:15
S104957,E1113,ST-02,2026-07-10,07:00,16:45
S105005,E1114,ST-01,2026-07-10,08:30,16:45
S105095,E1116,ST-02,2026-07-10,09:15,21:15
S105138,E1117,ST-03,2026-07-10,06:00,15:15
S105380,E1122,ST-03,2026-07-10,08:00,17:30
S105383,E1122,ST-06,2026-07-10,07:00,11:00
S105436,E1123,ST-01,2026-07-10,08:30,19:00
S105781,E1131,ST-01,2026-07-10,08:15,18:30
S105872,E1133,ST-01,2026-07-10,07:00,16:15
S105917,E1134,ST-04,2026-07-10,09:30,18:45
S105966,E1135,ST-05,2026-07-10,08:00,18:15
S106060,E1137,ST-05,2026-07-10,06:30,17:00
S106104,E1138,ST-01,2026-07-10,19:00,05:30
S106185,E1140,ST-04,2026-07-10,09:00,17:45
S106226,E1141,ST-01,2026-07-10,07:00,18:00
S106303,E1143,ST-02,2026-07-10,08:15,16:00
S106345,E1144,ST-06,2026-07-10,09:00,17:00
S106418,E1146,ST-04,2026-07-10,18:15,06:45
S106452,E1147,ST-01,2026-07-10,08:00,18:45
S106490,E1148,ST-01,2026-07-10,08:00,16:45
S106568,E1150,ST-06,2026-07-10,18:00,06:30
S106618,E1151,ST-04,2026-07-10,06:15,14:45
S106756,E1154,ST-04,2026-07-10,07:00,16:15
S106803,E1155,ST-03,2026-07-10,06:30,15:45
S106846,E1156,ST-04,2026-07-10,07:00,15:30
S106893,E1157,ST-05,2026-07-10,07:00,
S107153,E1163,ST-01,2026-07-10,09:00,17:45
S107204,E1164,ST-04,2026-07-10,08:00,16:45
S107301,E1166,ST-06,2026-07-10,08:00,17:30
S107344,E1167,ST-02,2026-07-10,09:15,19:15
S107385,E1168,ST-04,2026-07-10,09:15,18:45
S107481,E1170,ST-05,2026-07-10,07:00,17:45
S107573,E1172,ST-04,2026-07-10,06:00,15:30
S107619,E1173,ST-05,2026-07-10,09:15,19:00
S107669,E1174,ST-01,2026-07-10,06:00,14:30
S107715,E1175,ST-03,2026-07-10,06:00,17:30
S107754,E1176,ST-06,2026-07-10,20:30,07:15
S107796,E1177,ST-02,2026-07-10,06:00,15:15
S107974,E1181,ST-04,2026-07-10,18:30,06:45
S108050,E1183,ST-06,2026-07-10,19:00,07:00
S108095,E1184,ST-06,2026-07-10,18:00,04:30
S108184,E1186,ST-05,2026-07-10,06:15,19:45
S108227,E1187,ST-04,2026-07-10,09:00,17:00
S108272,E1188,ST-02,2026-07-10,07:00,19:00
S108317,E1189,ST-03,2026-07-10,09:15,19:00
S108410,E1191,ST-01,2026-07-10,06:30,19:30
S108453,E1192,ST-05,2026-07-10,08:15,19:45
S108502,E1194,ST-01,2026-07-10,07:00,15:00
S108558,E1195,ST-04,2026-07-10,06:00,15:15
S108644,E1197,ST-02,2026-07-10,08:30,18:00
S108697,E1198,ST-04,2026-07-10,08:00,19:15
S108700,E1198,ST-01,2026-07-10,08:30,12:00
S108753,E1199,ST-05,2026-07-10,06:00,15:00
S108845,E1201,ST-06,2026-07-10,06:15,18:00
S108925,E1203,ST-03,2026-07-10,08:00,14:45
S108975,E1204,ST-02,2026-07-10,06:00,17:45
S109024,E1205,ST-02,2026-07-10,08:00,17:15
S109026,E1205,ST-01,2026-07-10,06:00,10:00
S109119,E1207,ST-02,2026-07-10,08:15,19:15
S109214,E1209,ST-05,2026-07-10,09:30,18:45
S109260,E1210,ST-03,2026-07-10,06:15,16:45
S109300,E1211,ST-01,2026-07-10,07:15,19:30
S109380,E1213,ST-03,2026-07-10,06:00,15:00
S100021,E1001,ST-01,2026-07-11,08:30,16:45
S100073,E1002,ST-02,2026-07-11,09:00,18:15
S100126,E1003,ST-03,2026-07-11,06:00,13:45
S100170,E1004,ST-04,2026-07-11,19:15,23:15
S100217,E1005,ST-05,2026-07-11,07:00,15:45
S100264,E1006,ST-04,2026-07-11,09:30,17:45
S100335,E1008,ST-03,2026-07-11,08:30,21:30
S100421,E1010,ST-01,2026-07-11,06:00,15:45
S100470,E1011,ST-01,2026-07-11,08:00,19:45
S100511,E1012,ST-04,2026-07-11,08:15,18:15
S100552,E1013,ST-04,2026-07-11,06:00,10:30
S100628,E1015,ST-05,2026-07-11,08:00,16:45
S100802,E1019,ST-05,2026-07-11,08:00,18:30
S100925,E1022,ST-06,2026-07-11,08:00,17:45
S100970,E1023,ST-01,2026-07-11,06:00,14:15
S101015,E1024,ST-01,2026-07-11,06:15,18:30
S101063,E1025,ST-02,2026-07-11,08:15,18:15
S101149,E1027,ST-06,2026-07-11,06:15,15:30
S101243,E1029,ST-04,2026-07-11,08:00,20:45
S101294,E1030,ST-03,2026-07-11,06:30,14:30
S101444,E1033,ST-01,2026-07-11,07:00,16:00
S101659,E1039,ST-04,2026-07-11,06:15,14:30
S101714,E1040,ST-03,2026-07-11,06:00,18:30
S101801,E1042,ST-03,2026-07-11,06:00,18:15
S101848,E1043,ST-03,2026-07-11,06:15,15:15
S101941,E1045,ST-05,2026-07-11,09:30,19:15
S102131,E1049,ST-01,2026-07-11,06:00,19:00
S102170,E1050,ST-01,2026-07-11,07:00,19:15
S102341,E1054,ST-03,2026-07-11,06:00,14:30
S102384,E1055,ST-06,2026-07-11,18:15,07:00
S102478,E1057,ST-01,2026-07-11,08:00,21:30
S102521,E1058,ST-04,2026-07-11,07:00,16:45
S102671,E1061,ST-01,2026-07-11,06:00,15:00
S102766,E1063,ST-05,2026-07-11,09:00,19:30
S102812,E1064,ST-04,2026-07-11,08:00,14:30
S102851,E1065,ST-03,2026-07-11,18:30,
S102890,E1066,ST-05,2026-07-11,08:00,17:00
S102939,E1067,ST-06,2026-07-11,09:15,19:15
S102985,E1068,ST-01,2026-07-11,06:00,15:00
S103028,E1069,ST-05,2026-07-11,08:15,21:45
S103065,E1070,ST-05,2026-07-11,18:00,06:30
S103153,E1072,ST-06,2026-07-11,08:00,18:15
S103198,E1073,ST-01,2026-07-11,06:00,12:00
S103247,E1074,ST-05,2026-07-11,09:00,18:45
S103298,E1075,ST-06,2026-07-11,06:00,14:30
S103349,E1076,ST-03,2026-07-11,08:00,13:30
S103393,E1077,ST-04,2026-07-11,20:15,08:45
S103476,E1079,ST-05,2026-07-11,08:00,19:00
S103523,E1080,ST-04,2026-07-11,08:00,17:45
S103635,E1083,ST-05,2026-07-11,18:15,07:45
S103674,E1084,ST-03,2026-07-11,08:15,17:15
S103770,E1086,ST-03,2026-07-11,20:00,09:00
S103814,E1087,ST-02,2026-07-11,06:00,18:30
S103862,E1088,ST-05,2026-07-11,06:00,14:15
S103915,E1089,ST-02,2026-07-11,07:00,17:45
S103968,E1090,ST-05,2026-07-11,08:00,17:45
S104110,E1094,ST-04,2026-07-11,18:15,07:00
S104158,E1095,ST-03,2026-07-11,06:00,17:00
S104269,E1098,ST-03,2026-07-11,08:30,18:30
S104374,E1100,ST-06,2026-07-11,07:00,15:30
S104421,E1101,ST-06,2026-07-11,06:00,19:30
S104545,E1104,ST-02,2026-07-11,08:30,19:00
S104595,E1105,ST-04,2026-07-11,08:00,16:30
S104643,E1106,ST-03,2026-07-11,08:00,19:15
S104686,E1107,ST-04,2026-07-11,09:30,18:45
S104736,E1108,ST-06,2026-07-11,09:30,19:15
S104827,E1110,ST-06,2026-07-11,07:00,17:00
S104873,E1111,ST-05,2026-07-11,06:00,17:30
S104958,E1113,ST-02,2026-07-11,07:30,17:00
S105006,E1114,ST-01,2026-07-11,08:00,17:45
S105054,E1115,ST-06,2026-07-11,08:15,17:00
S105096,E1116,ST-02,2026-07-11,07:00,17:30
S105139,E1117,ST-03,2026-07-11,08:00,21:30
S105226,E1119,ST-02,2026-07-11,08:15,15:00
S105285,E1120,ST-01,2026-07-11,08:00,16:30
S105332,E1121,ST-03,2026-07-11,18:30,04:45
S105437,E1123,ST-01,2026-07-11,07:30,18:00
S105536,E1125,ST-05,2026-07-11,08:00,17:00
S105588,E1126,ST-06,2026-07-11,09:30,18:30
S105683,E1129,ST-04,2026-07-11,06:00,15:00
S105732,E1130,ST-02,2026-07-11,09:00,19:00
S105824,E1132,ST-02,2026-07-11,18:00,02:45
S105967,E1135,ST-05,2026-07-11,06:00,
S106061,E1137,ST-05,2026-07-11,06:15,16:00
S106105,E1138,ST-01,2026-07-11,18:00,07:00
S106144,E1139,ST-03,2026-07-11,18:30,02:30
S106186,E1140,ST-04,2026-07-11,06:00,12:00
S106227,E1141,ST-01,2026-07-11,06:00,13:45
S106267,E1142,ST-06,2026-07-11,09:30,13:00
S106346,E1144,ST-06,2026-07-11,08:00,15:15
S106383,E1145,ST-03,2026-07-11,18:15,05:30
S106531,E1149,ST-05,2026-07-11,09:00,
S106569,E1150,ST-06,2026-07-11,18:00,05:45
S106661,E1152,ST-06,2026-07-11,08:30,
S106708,E1153,ST-02,2026-07-11,09:00,18:00
S106757,E1154,ST-04,2026-07-11,08:00,17:30
S106847,E1156,ST-04,2026-07-11,06:00,12:30
S106894,E1157,ST-05,2026-07-11,06:15,14:00
S106935,E1158,ST-04,2026-07-11,09:00,18:30
S107018,E1160,ST-01,2026-07-11,06:30,19:45
S107104,E1162,ST-03,2026-07-11,06:30,17:30
S107154,E1163,ST-01,2026-07-11,06:15,13:45
S107205,E1164,ST-04,2026-07-11,09:15,16:45
S107386,E1168,ST-04,2026-07-11,08:30,14:45
S107433,E1169,ST-05,2026-07-11,06:00,14:45
S107482,E1170,ST-05,2026-07-11,09:00,20:00
S107620,E1173,ST-05,2026-07-11,06:00,19:30
S107670,E1174,ST-01,2026-07-11,07:30,17:30
S107797,E1177,ST-02,2026-07-11,08:00,17:00
S107847,E1178,ST-03,2026-07-11,06:15,11:45
S107934,E1180,ST-06,2026-07-11,07:15,16:15
S107975,E1181,ST-04,2026-07-11,18:15,07:45
S108051,E1183,ST-06,2026-07-11,20:00,07:15
S108228,E1187,ST-04,2026-07-11,08:00,20:45
S108273,E1188,ST-02,2026-07-11,06:00,14:00
S108454,E1192,ST-05,2026-07-11,07:30,14:00
S108503,E1194,ST-01,2026-07-11,08:00,18:45
S108645,E1197,ST-02,2026-07-11,08:15,18:45
S108754,E1199,ST-05,2026-07-11,06:00,11:15
S108802,E1200,ST-04,2026-07-11,08:30,17:00
S108846,E1201,ST-06,2026-07-11,06:00,12:15
S108885,E1202,ST-06,2026-07-11,19:00,08:30
S108928,E1203,ST-01,2026-07-11,09:15,12:45
S109073,E1206,ST-03,2026-07-11,06:15,15:30
S109120,E1207,ST-02,2026-07-11,07:00,15:15
S109215,E1209,ST-05,2026-07-11,07:15,16:15
S109261,E1210,ST-03,2026-07-11,08:00,17:00
S109337,E1212,ST-06,2026-07-11,19:00,08:30
S100022,E1001,ST-01,2026-07-12,08:00,21:30
S100074,E1002,ST-02,2026-07-12,07:00,11:00
S100168,E1004,ST-03,2026-07-12,19:00,08:30
S100218,E1005,ST-05,2026-07-12,09:00,13:30
S100301,E1007,ST-06,2026-07-12,09:15,22:45
S100336,E1008,ST-03,2026-07-12,09:00,20:45
S100373,E1009,ST-02,2026-07-12,07:00,14:45
S100422,E1010,ST-01,2026-07-12,09:15,21:15
S100512,E1012,ST-04,2026-07-12,06:00,19:30
S100591,E1014,ST-03,2026-07-12,06:30,20:00
S100629,E1015,ST-05,2026-07-12,08:00,20:00
S100680,E1016,ST-04,2026-07-12,08:15,19:45
S100721,E1017,ST-05,2026-07-12,09:00,22:30
S100803,E1019,ST-05,2026-07-12,08:00,12:15
S100845,E1020,ST-03,2026-07-12,09:30,20:45
S100884,E1021,ST-04,2026-07-12,06:00,19:30
S100926,E1022,ST-06,2026-07-12,08:15,21:45
S100971,E1023,ST-01,2026-07-12,06:15,13:00
S101064,E1025,ST-02,2026-07-12,07:00,14:15
S101103,E1026,ST-05,2026-07-12,06:00,19:30
S101150,E1027,ST-06,2026-07-12,08:00,18:15
S101295,E1030,ST-03,2026-07-12,08:00,14:30
S101392,E1032,ST-01,2026-07-12,07:00,11:00
S101445,E1033,ST-01,2026-07-12,08:00,13:45
S101489,E1034,ST-02,2026-07-12,08:15,19:15
S101538,E1035,ST-01,2026-07-12,08:00,12:00
S101541,E1036,ST-03,2026-07-12,07:00,11:00
S101660,E1039,ST-04,2026-07-12,08:30,15:45
S101802,E1042,ST-03,2026-07-12,08:00,16:15
S101942,E1045,ST-05,2026-07-12,08:00,14:45
S101994,E1046,ST-03,2026-07-12,08:00,20:15
S102171,E1050,ST-01,2026-07-12,08:00,16:00
S102215,E1051,ST-06,2026-07-12,06:00,12:00
S102264,E1052,ST-01,2026-07-12,07:30,14:45
S102342,E1054,ST-03,2026-07-12,08:00,12:00
S102385,E1055,ST-06,2026-07-12,20:00,09:30
S102430,E1056,ST-03,2026-07-12,09:00,18:45
S102522,E1058,ST-04,2026-07-12,06:00,19:00
S102622,E1060,ST-02,2026-07-12,08:00,21:30
S102672,E1061,ST-01,2026-07-12,07:00,14:15
S102720,E1062,ST-05,2026-07-12,06:30,14:15
S102767,E1063,ST-05,2026-07-12,08:00,12:45
S102891,E1066,ST-05,2026-07-12,06:00,19:30
S102986,E1068,ST-01,2026-07-12,06:00,10:00
S103066,E1070,ST-05,2026-07-12,20:00,08:00
S103111,E1071,ST-02,2026-07-12,09:00,20:30
S103154,E1072,ST-06,2026-07-12,06:15,19:45
S103248,E1074,ST-05,2026-07-12,09:00,22:15
S103299,E1075,ST-06,2026-07-12,08:00,21:00
S103394,E1077,ST-04,2026-07-12,19:00,03:15
S103477,E1079,ST-05,2026-07-12,06:00,12:45
S103524,E1080,ST-04,2026-07-12,08:00,14:30
S103561,E1081,ST-04,2026-07-12,20:00,08:45
S103598,E1082,ST-04,2026-07-12,06:00,15:45
S103815,E1087,ST-02,2026-07-12,07:15,16:15
S103863,E1088,ST-05,2026-07-12,06:15,17:15
S103969,E1090,ST-05,2026-07-12,08:15,18:30
S103972,E1091,ST-06,2026-07-12,06:00,18:00
S104111,E1094,ST-04,2026-07-12,18:00,
S104210,E1096,ST-02,2026-07-12,08:00,20:30
S104324,E1099,ST-02,2026-07-12,18:30,05:45
S104458,E1102,ST-04,2026-07-12,09:00,13:00
S104546,E1104,ST-02,2026-07-12,07:00,17:15
S104596,E1105,ST-04,2026-07-12,08:00,18:45
S104644,E1106,ST-03,2026-07-12,09:30,23:00
S104687,E1107,ST-04,2026-07-12,08:30,14:00
S104737,E1108,ST-06,2026-07-12,08:30,18:45
S104784,E1109,ST-05,2026-07-12,06:00,
S104828,E1110,ST-06,2026-07-12,08:00,17:00
S104916,E1112,ST-05,2026-07-12,06:00,19:30
S104959,E1113,ST-02,2026-07-12,06:30,18:15
S105007,E1114,ST-01,2026-07-12,06:00,17:45
S105055,E1115,ST-06,2026-07-12,06:30,12:15
S105286,E1120,ST-01,2026-07-12,09:00,15:30
S105381,E1122,ST-03,2026-07-12,08:30,21:30
S105438,E1123,ST-01,2026-07-12,09:30,22:15
S105487,E1124,ST-04,2026-07-12,09:00,22:15
S105537,E1125,ST-05,2026-07-12,06:00,10:45
S105591,E1127,ST-04,2026-07-12,06:15,14:30
S105643,E1128,ST-04,2026-07-12,08:30,22:00
S105684,E1129,ST-04,2026-07-12,09:15,19:00
S105782,E1131,ST-01,2026-07-12,08:00,21:30
S105873,E1133,ST-01,2026-07-12,08:00,15:30
S105918,E1134,ST-04,2026-07-12,09:30,17:15
S105968,E1135,ST-05,2026-07-12,06:00,
S106015,E1136,ST-03,2026-07-12,07:00,20:30
S106062,E1137,ST-05,2026-07-12,08:00,15:15
S106106,E1138,ST-01,2026-07-12,20:00,03:15
S106264,E1142,ST-03,2026-07-12,06:30,18:45
S106304,E1143,ST-02,2026-07-12,09:00,14:45
S106384,E1145,ST-03,2026-07-12,18:15,07:45
S106419,E1146,ST-04,2026-07-12,20:00,09:30
S106491,E1148,ST-01,2026-07-12,06:15,18:00
S106532,E1149,ST-05,2026-07-12,08:00,17:30
S106570,E1150,ST-06,2026-07-12,18:30,02:15
S106619,E1151,ST-04,2026-07-12,07:00,11:00
S106662,E1152,ST-06,2026-07-12,07:15,16:15
S106709,E1153,ST-02,2026-07-12,06:00,16:15
S106758,E1154,ST-04,2026-07-12,09:00,14:15
S106936,E1158,ST-04,2026-07-12,08:30,22:00
S106979,E1159,ST-06,2026-07-12,18:15,07:45
S107105,E1162,ST-03,2026-07-12,07:00,16:00
S107155,E1163,ST-01,2026-07-12,06:15,19:45
S107253,E1165,ST-05,2026-07-12,07:30,19:45
S107302,E1166,ST-06,2026-07-12,06:00,11:45
S107434,E1169,ST-05,2026-07-12,09:00,18:45
S107527,E1171,ST-02,2026-07-12,08:00,14:15
S107574,E1172,ST-04,2026-07-12,06:00,17:15
S107716,E1175,ST-03,2026-07-12,08:15,17:15
S107798,E1177,ST-02,2026-07-12,08:00,15:45
S107892,E1179,ST-05,2026-07-12,08:15,19:30
S107935,E1180,ST-06,2026-07-12,06:00,15:15
S108145,E1185,ST-04,2026-07-12,09:00,13:15
S108318,E1189,ST-03,2026-07-12,06:30,15:00
S108363,E1190,ST-05,2026-07-12,06:00,19:30
S108500,E1193,ST-03,2026-07-12,09:00,13:45
S108559,E1195,ST-04,2026-07-12,09:00,19:15
S108601,E1196,ST-04,2026-07-12,18:15,00:00
S108803,E1200,ST-04,2026-07-12,06:00,17:00
S109074,E1206,ST-03,2026-07-12,08:00,21:15
S109166,E1208,ST-01,2026-07-12,06:30,15:15
S109216,E1209,ST-05,2026-07-12,06:00,11:00
S109262,E1210,ST-03,2026-07-12,09:30,22:30
S109301,E1211,ST-01,2026-07-12,06:00,
S109381,E1213,ST-03,2026-07-12,07:00,13:00
S100023,E1001,ST-01,2026-07-13,08:00,16:45
S100127,E1003,ST-03,2026-07-13,09:30,17:30
S100171,E1004,ST-03,2026-07-13,20:00,08:45
S100302,E1007,ST-06,2026-07-13,06:00,18:15
S100337,E1008,ST-03,2026-07-13,08:15,19:00
S100374,E1009,ST-02,2026-07-13,06:15,19:15
S100423,E1010,ST-01,2026-07-13,06:00,15:15
S100513,E1012,ST-04,2026-07-13,06:30,18:00
S100553,E1013,ST-04,2026-07-13,06:00,18:30
S100592,E1014,ST-03,2026-07-13,06:00,18:00
S100683,E1016,ST-04,2026-07-13,07:00,16:15
S100761,E1018,ST-01,2026-07-13,07:30,17:30
S100804,E1019,ST-05,2026-07-13,07:00,15:45
S100846,E1020,ST-03,2026-07-13,06:15,15:15
S100972,E1023,ST-01,2026-07-13,08:00,17:45
S101016,E1024,ST-01,2026-07-13,08:30,17:30
S101065,E1025,ST-02,2026-07-13,06:00,15:45
S101104,E1026,ST-05,2026-07-13,09:00,21:15
S101151,E1027,ST-06,2026-07-13,06:00,15:30
S101199,E1028,ST-01,2026-07-13,07:15,17:15
S101246,E1029,ST-04,2026-07-13,07:00,16:15
S101296,E1030,ST-03,2026-07-13,06:00,16:15
S101342,E1031,ST-05,2026-07-13,07:00,17:45
S101446,E1033,ST-01,2026-07-13,09:15,19:30
S101542,E1035,ST-01,2026-07-13,08:30,20:30
S101545,E1036,ST-03,2026-07-13,08:15,20:00
S101661,E1039,ST-04,2026-07-13,09:00,17:45
S101715,E1040,ST-03,2026-07-13,08:00,18:15
S101761,E1041,ST-03,2026-07-13,08:00,17:15
S101803,E1042,ST-03,2026-07-13,06:30,18:15
S101896,E1044,ST-02,2026-07-13,18:00,06:15
S101943,E1045,ST-05,2026-07-13,06:00,15:15
S101995,E1046,ST-03,2026-07-13,06:00,14:45
S102083,E1048,ST-01,2026-07-13,08:00,16:45
S102172,E1050,ST-01,2026-07-13,07:00,19:45
S102216,E1051,ST-06,2026-07-13,06:15,14:00
S102265,E1052,ST-01,2026-07-13,06:00,15:30
S102302,E1053,ST-01,2026-07-13,18:00,07:00
S102343,E1054,ST-03,2026-07-13,09:15,17:00
S102431,E1056,ST-03,2026-07-13,07:15,17:00
S102479,E1057,ST-01,2026-07-13,06:15,16:30
S102576,E1059,ST-05,2026-07-13,07:00,15:45
S102623,E1060,ST-02,2026-07-13,06:00,15:00
S102721,E1062,ST-05,2026-07-13,08:30,18:30
S102813,E1064,ST-04,2026-07-13,08:00,17:45
S102892,E1066,ST-05,2026-07-13,08:30,18:45
S102987,E1068,ST-01,2026-07-13,08:00,17:30
S103112,E1071,ST-02,2026-07-13,06:15,16:15
S103199,E1073,ST-01,2026-07-13,08:00,17:00
S103249,E1074,ST-05,2026-07-13,06:00,15:30
S103397,E1077,ST-04,2026-07-13,19:15,07:00
S103436,E1078,ST-03,2026-07-13,18:00,05:15
S103478,E1079,ST-05,2026-07-13,08:00,19:00
S103525,E1080,ST-04,2026-07-13,06:00,14:00
S103599,E1082,ST-04,2026-07-13,06:15,18:00
S103722,E1085,ST-04,2026-07-13,09:00,17:30
S103864,E1088,ST-05,2026-07-13,09:15,18:15
S103916,E1089,ST-02,2026-07-13,08:00,17:30
S103973,E1090,ST-05,2026-07-13,08:30,17:00
S104024,E1092,ST-04,2026-07-13,08:30,18:30
S104071,E1093,ST-02,2026-07-13,08:30,17:45
S104112,E1094,ST-04,2026-07-13,18:30,07:15
S104159,E1095,ST-03,2026-07-13,07:00,16:15
S104211,E1096,ST-02,2026-07-13,07:30,16:30
S104270,E1097,ST-02,2026-07-13,07:00,16:00
S104325,E1099,ST-02,2026-07-13,18:00,06:15
S104375,E1100,ST-06,2026-07-13,09:00,17:45
S104422,E1101,ST-06,2026-07-13,08:00,
S104501,E1103,ST-06,2026-07-13,06:00,17:15
S104645,E1106,ST-03,2026-07-13,07:30,19:00
S104688,E1107,ST-04,2026-07-13,06:00,15:15
S104738,E1108,ST-06,2026-07-13,06:15,15:15
S104785,E1109,ST-05,2026-07-13,06:00,15:00
S104829,E1110,ST-06,2026-07-13,06:15,16:00
S104874,E1111,ST-05,2026-07-13,06:15,15:00
S104917,E1112,ST-05,2026-07-13,08:00,19:45
S105008,E1114,ST-01,2026-07-13,06:00,15:45
S105056,E1115,ST-06,2026-07-13,08:00,18:15
S105097,E1116,ST-02,2026-07-13,08:30,20:30
S105140,E1117,ST-03,2026-07-13,07:15,17:15
S105227,E1119,ST-02,2026-07-13,06:15,15:45
S105384,E1122,ST-03,2026-07-13,09:15,18:15
S105439,E1123,ST-01,2026-07-13,06:00,16:45
S105488,E1124,ST-04,2026-07-13,09:00,18:45
S105538,E1125,ST-05,2026-07-13,06:00,15:30
S105595,E1127,ST-04,2026-07-13,06:30,16:15
S105644,E1128,ST-04,2026-07-13,08:00,19:45
S105685,E1129,ST-04,2026-07-13,08:00,16:15
S105733,E1130,ST-02,2026-07-13,07:00,16:15
S105825,E1132,ST-02,2026-07-13,18:30,07:00
S105874,E1133,ST-01,2026-07-13,08:00,17:00
S105969,E1135,ST-05,2026-07-13,06:15,14:30
S106016,E1136,ST-03,2026-07-13,06:00,15:00
S106020,E1136,ST-05,2026-07-13,07:00,11:00
S106063,E1137,ST-05,2026-07-13,08:15,17:15
S106147,E1139,ST-03,2026-07-13,19:15,06:15
S106187,E1140,ST-04,2026-07-13,07:30,17:15
S106228,E1141,ST-01,2026-07-13,06:15,18:30
S106347,E1144,ST-06,2026-07-13,06:00,14:30
S106420,E1146,ST-04,2026-07-13,19:00,07:15
S106455,E1147,ST-01,2026-07-13,08:00,19:15
S106492,E1148,ST-01,2026-07-13,09:00,19:00
S106533,E1149,ST-05,2026-07-13,06:30,18:15
S106571,E1150,ST-06,2026-07-13,18:00,05:30
S106620,E1151,ST-04,2026-07-13,06:30,15:45
S106663,E1152,ST-06,2026-07-13,08:00,19:45
S106710,E1153,ST-02,2026-07-13,07:30,16:45
S106759,E1154,ST-04,2026-07-13,08:30,17:45
S106895,E1157,ST-05,2026-07-13,08:00,19:45
S106937,E1158,ST-04,2026-07-13,07:00,16:00
S106980,E1159,ST-06,2026-07-13,20:00,06:45
S107156,E1163,ST-01,2026-07-13,09:15,19:15
S107206,E1164,ST-04,2026-07-13,07:00,17:15
S107303,E1166,ST-06,2026-07-13,09:00,19:00
S107387,E1168,ST-04,2026-07-13,08:15,18:45
S107435,E1169,ST-05,2026-07-13,06:00,15:15
S107483,E1170,ST-05,2026-07-13,08:00,16:45
S107528,E1171,ST-02,2026-07-13,07:30,17:00
S107575,E1172,ST-04,2026-07-13,07:15,16:00
S107621,E1173,ST-05,2026-07-13,09:00,19:00
S107671,E1174,ST-01,2026-07-13,07:00,15:00
S107757,E1176,ST-06,2026-07-13,18:00,06:30
S107799,E1177,ST-02,2026-07-13,07:00,16:15
S107848,E1178,ST-03,2026-07-13,07:00,15:45
S107936,E1180,ST-06,2026-07-13,07:00,16:00
S107976,E1181,ST-04,2026-07-13,18:30,07:00
S108052,E1183,ST-06,2026-07-13,20:00,08:00
S108146,E1185,ST-04,2026-07-13,09:00,17:15
S108229,E1187,ST-04,2026-07-13,09:00,18:00
S108319,E1189,ST-03,2026-07-13,07:15,16:15
S108364,E1190,ST-05,2026-07-13,09:00,21:00
S108411,E1191,ST-01,2026-07-13,06:30,15:45
S108604,E1196,ST-04,2026-07-13,18:00,06:30
S108646,E1197,ST-02,2026-07-13,08:15,17:00
S108755,E1199,ST-05,2026-07-13,06:00,15:15
S108804,E1200,ST-04,2026-07-13,06:30,15:30
S108886,E1202,ST-06,2026-07-13,18:15,07:00
S108929,E1203,ST-03,2026-07-13,09:00,18:15
S108976,E1204,ST-02,2026-07-13,06:00,14:45
S109027,E1205,ST-02,2026-07-13,07:00,16:00
S109167,E1208,ST-01,2026-07-13,08:00,16:15
S109217,E1209,ST-05,2026-07-13,08:15,17:15
S109338,E1212,ST-06,2026-07-13,18:30,
S109382,E1213,ST-03,2026-07-13,08:30,17:15
S100024,E1001,ST-01,2026-07-14,07:00,16:00
S100075,E1002,ST-02,2026-07-14,06:00,15:15
S100128,E1003,ST-03,2026-07-14,06:00,14:15
S100172,E1004,ST-03,2026-07-14,19:00,06:00
S100265,E1006,ST-04,2026-07-14,08:00,19:30
S100471,E1011,ST-01,2026-07-14,09:30,18:15
S100514,E1012,ST-04,2026-07-14,06:00,15:15
S100554,E1013,ST-04,2026-07-14,08:15,21:00
S100630,E1015,ST-05,2026-07-14,08:00,17:45
S100634,E1015,ST-06,2026-07-14,09:15,13:15
S100684,E1016,ST-04,2026-07-14,08:00,17:45
S100762,E1018,ST-01,2026-07-14,08:15,17:45
S100805,E1019,ST-05,2026-07-14,07:30,15:15
S100847,E1020,ST-03,2026-07-14,06:30,15:45
S100885,E1021,ST-04,2026-07-14,06:00,18:30
S100927,E1022,ST-06,2026-07-14,08:00,17:30
S101105,E1026,ST-05,2026-07-14,08:00,20:15
S101152,E1027,ST-06,2026-07-14,06:00,15:15
S101200,E1028,ST-01,2026-07-14,06:30,16:30
S101247,E1029,ST-04,2026-07-14,08:00,17:15
S101297,E1030,ST-03,2026-07-14,06:00,14:45
S101393,E1032,ST-01,2026-07-14,08:30,17:45
S101543,E1035,ST-01,2026-07-14,09:15,20:45
S101587,E1037,ST-03,2026-07-14,20:15,08:15
S101662,E1039,ST-04,2026-07-14,06:15,14:15
S101849,E1043,ST-03,2026-07-14,06:00,14:45
S101944,E1045,ST-05,2026-07-14,06:15,15:00
S102037,E1047,ST-06,2026-07-14,08:30,19:00
S102132,E1049,ST-01,2026-07-14,06:30,17:00
S102217,E1051,ST-06,2026-07-14,06:15,15:45
S102386,E1055,ST-06,2026-07-14,19:00,07:00
S102432,E1056,ST-03,2026-07-14,08:00,18:45
S102480,E1057,ST-01,2026-07-14,08:00,17:45
S102523,E1058,ST-04,2026-07-14,07:00,16:45
S102768,E1063,ST-05,2026-07-14,06:00,15:00
S102855,E1065,ST-03,2026-07-14,18:00,06:00
S102893,E1066,ST-05,2026-07-14,07:15,15:45
S102940,E1067,ST-06,2026-07-14,07:00,16:30
S103029,E1069,ST-05,2026-07-14,08:00,19:45
S103067,E1070,ST-05,2026-07-14,19:15,07:15
S103113,E1071,ST-02,2026-07-14,08:30,17:45
S103250,E1074,ST-05,2026-07-14,09:15,19:30
S103350,E1076,ST-03,2026-07-14,09:00,18:15
S103437,E1078,ST-03,2026-07-14,19:15,
S103479,E1079,ST-05,2026-07-14,09:15,18:15
S103562,E1081,ST-04,2026-07-14,18:15,07:00
S103600,E1082,ST-04,2026-07-14,08:00,21:00
S103636,E1083,ST-05,2026-07-14,19:00,06:15
S103675,E1084,ST-03,2026-07-14,07:15,19:00
S103771,E1086,ST-03,2026-07-14,19:30,07:30
S103816,E1087,ST-02,2026-07-14,08:30,20:45
S103865,E1088,ST-05,2026-07-14,06:00,13:15
S103917,E1089,ST-02,2026-07-14,08:00,17:30
S103976,E1091,ST-06,2026-07-14,06:00,15:00
S104072,E1093,ST-02,2026-07-14,07:00,16:00
S104160,E1095,ST-03,2026-07-14,08:15,
S104273,E1098,ST-03,2026-07-14,08:00,17:45
S104326,E1099,ST-02,2026-07-14,19:15,07:15
S104423,E1101,ST-06,2026-07-14,06:00,18:15
S104459,E1102,ST-04,2026-07-14,07:00,16:00
S104502,E1103,ST-06,2026-07-14,06:00,16:30
S104547,E1104,ST-02,2026-07-14,09:00,19:00
S104597,E1105,ST-04,2026-07-14,06:00,14:30
S104646,E1106,ST-03,2026-07-14,08:00,20:30
S104739,E1108,ST-06,2026-07-14,06:00,15:45
S104786,E1109,ST-05,2026-07-14,06:00,15:00
S104875,E1111,ST-05,2026-07-14,08:00,17:45
S104918,E1112,ST-05,2026-07-14,06:30,18:45
S104960,E1113,ST-02,2026-07-14,08:15,17:30
S105098,E1116,ST-02,2026-07-14,06:30,19:00
S105228,E1119,ST-02,2026-07-14,07:15,16:15
S105287,E1120,ST-01,2026-07-14,06:00,15:30
S105333,E1121,ST-03,2026-07-14,18:00,07:00
S105385,E1122,ST-03,2026-07-14,08:00,16:45
S105440,E1123,ST-01,2026-07-14,09:00,18:30
S105489,E1124,ST-04,2026-07-14,08:00,17:00
S105539,E1125,ST-05,2026-07-14,08:00,16:30
S105592,E1126,ST-06,2026-07-14,09:00,18:00
S105596,E1127,ST-04,2026-07-14,08:00,17:30
S105783,E1131,ST-01,2026-07-14,06:00,15:15
S105829,E1132,ST-03,2026-07-14,20:15,00:15
S106064,E1137,ST-05,2026-07-14,06:30,15:15
S106107,E1138,ST-01,2026-07-14,18:00,05:45
S106148,E1139,ST-03,2026-07-14,19:15,07:00
S106229,E1141,ST-01,2026-07-14,07:00,19:00
S106305,E1143,ST-02,2026-07-14,06:30,16:00
S106493,E1148,ST-01,2026-07-14,07:30,16:30
S106534,E1149,ST-05,2026-07-14,06:15,18:45
S106664,E1152,ST-06,2026-07-14,08:00,20:00
S106711,E1153,ST-02,2026-07-14,07:00,15:15
S106804,E1155,ST-03,2026-07-14,06:00,18:45
S106848,E1156,ST-04,2026-07-14,06:30,15:45
S106896,E1157,ST-05,2026-07-14,07:00,18:45
S106938,E1158,ST-04,2026-07-14,09:00,19:45
S106981,E1159,ST-06,2026-07-14,18:30,06:15
S107019,E1160,ST-01,2026-07-14,06:30,15:15
S107207,E1164,ST-04,2026-07-14,08:00,17:30
S107254,E1165,ST-05,2026-07-14,06:00,15:30
S107345,E1167,ST-02,2026-07-14,08:15,21:00
S107388,E1168,ST-04,2026-07-14,06:30,16:15
S107484,E1170,ST-05,2026-07-14,09:30,19:45
S107529,E1171,ST-02,2026-07-14,08:00,17:45
S107576,E1172,ST-04,2026-07-14,08:15,18:00
S107622,E1173,ST-05,2026-07-14,08:00,17:00
S107672,E1174,ST-01,2026-07-14,08:00,17:15
S107800,E1177,ST-02,2026-07-14,06:00,14:15
S107849,E1178,ST-03,2026-07-14,09:00,19:15
S108053,E1183,ST-06,2026-07-14,19:15,07:30
S108147,E1185,ST-04,2026-07-14,08:30,18:15
S108185,E1186,ST-05,2026-07-14,08:00,20:30
S108274,E1188,ST-02,2026-07-14,08:30,
S108320,E1189,ST-03,2026-07-14,08:00,17:15
S108365,E1190,ST-05,2026-07-14,08:30,20:00
S108412,E1191,ST-01,2026-07-14,09:15,18:30
S108504,E1193,ST-03,2026-07-14,09:00,17:45
S108560,E1195,ST-04,2026-07-14,06:30,16:00
S108605,E1196,ST-04,2026-07-14,20:00,09:00
S108701,E1198,ST-04,2026-07-14,09:15,17:15
S108756,E1199,ST-05,2026-07-14,09:00,17:45
S108930,E1203,ST-03,2026-07-14,07:15,16:15
S108977,E1204,ST-02,2026-07-14,08:15,17:00
S109028,E1205,ST-02,2026-07-14,08:00,17:00
S109168,E1208,ST-01,2026-07-14,09:30,18:00
S109218,E1209,ST-05,2026-07-14,06:00,15:00
S109263,E1210,ST-03,2026-07-14,06:00,
S109339,E1212,ST-06,2026-07-14,20:15,07:45
S109383,E1213,ST-03,2026-07-14,07:00,
S100025,E1001,ST-01,2026-07-15,09:00,18:15
S100076,E1002,ST-02,2026-07-15,08:00,
S100129,E1003,ST-03,2026-07-15,08:15,18:00
S100219,E1005,ST-05,2026-07-15,06:15,15:00
S100303,E1007,ST-06,2026-07-15,06:00,17:00
S100338,E1008,ST-03,2026-07-15,06:00,18:00
S100424,E1010,ST-01,2026-07-15,08:00,17:15
S100472,E1011,ST-01,2026-07-15,09:30,17:30
S100555,E1013,ST-04,2026-07-15,06:30,18:30
S100631,E1015,ST-05,2026-07-15,09:30,19:30
S100685,E1016,ST-04,2026-07-15,09:15,18:30
S100722,E1017,ST-05,2026-07-15,08:00,20:30
S100973,E1023,ST-01,2026-07-15,09:00,19:00
S101066,E1025,ST-02,2026-07-15,07:30,18:15
S101153,E1027,ST-06,2026-07-15,06:15,15:30
S101248,E1029,ST-04,2026-07-15,06:30,15:30
S101394,E1032,ST-01,2026-07-15,08:00,17:30
S101447,E1033,ST-01,2026-07-15,06:15,17:00
S101490,E1034,ST-02,2026-07-15,06:00,16:30
S101544,E1035,ST-01,2026-07-15,08:30,12:30
S101617,E1038,ST-06,2026-07-15,09:00,21:15
S101663,E1039,ST-04,2026-07-15,07:00,15:45
S101716,E1040,ST-03,2026-07-15,09:00,18:30
S101762,E1041,ST-03,2026-07-15,06:00,15:30
S101850,E1043,ST-03,2026-07-15,08:30,17:30
S101897,E1044,ST-02,2026-07-15,18:00,06:00
S101945,E1045,ST-05,2026-07-15,08:00,17:15
S101996,E1046,ST-03,2026-07-15,07:30,15:45
S102084,E1048,ST-01,2026-07-15,06:15,16:30
S102133,E1049,ST-01,2026-07-15,08:00,17:30
S102173,E1050,ST-01,2026-07-15,09:30,21:15
S102266,E1052,ST-01,2026-07-15,07:15,16:15
S102303,E1053,ST-01,2026-07-15,18:15,06:15
S102344,E1054,ST-03,2026-07-15,09:30,18:45
S102387,E1055,ST-06,2026-07-15,18:30,06:00
S102481,E1057,ST-01,2026-07-15,06:00,16:30
S102524,E1058,ST-04,2026-07-15,07:15,16:30
S102577,E1059,ST-05,2026-07-15,06:00,16:15
S102673,E1061,ST-01,2026-07-15,06:15,15:00
S102722,E1062,ST-05,2026-07-15,08:00,19:15
S102769,E1063,ST-05,2026-07-15,06:15,16:30
S102814,E1064,ST-04,2026-07-15,06:15,15:00
S102856,E1065,ST-03,2026-07-15,20:00,08:15
S102941,E1067,ST-06,2026-07-15,08:15,17:45
S102988,E1068,ST-01,2026-07-15,09:00,18:45
S103068,E1070,ST-05,2026-07-15,20:15,08:45
S103155,E1072,ST-06,2026-07-15,09:00,19:00
S103200,E1073,ST-01,2026-07-15,07:00,16:30
S103300,E1075,ST-06,2026-07-15,06:00,15:00
S103351,E1076,ST-03,2026-07-15,08:30,18:15
S103438,E1078,ST-03,2026-07-15,18:00,07:30
S103526,E1080,ST-04,2026-07-15,07:00,16:00
S103676,E1084,ST-03,2026-07-15,06:15,19:00
S103723,E1085,ST-04,2026-07-15,07:00,16:30
S103772,E1086,ST-03,2026-07-15,20:00,08:00
S103817,E1087,ST-02,2026-07-15,06:00,
S103866,E1088,ST-05,2026-07-15,08:00,17:45
S103974,E1090,ST-05,2026-07-15,08:00,18:15
S103977,E1091,ST-06,2026-07-15,06:30,15:15
S104025,E1092,ST-04,2026-07-15,06:00,16:45
S104073,E1093,ST-02,2026-07-15,07:30,16:45
S104113,E1094,ST-04,2026-07-15,20:15,07:30
S104212,E1096,ST-02,2026-07-15,08:00,16:45
S104327,E1099,ST-02,2026-07-15,18:00,07:00
S104376,E1100,ST-06,2026-07-15,08:30,17:30
S104460,E1102,ST-04,2026-07-15,06:30,16:00
S104503,E1103,ST-06,2026-07-15,06:00,15:45
S104598,E1105,ST-04,2026-07-15,06:15,15:15
S104689,E1107,ST-04,2026-07-15,08:30,18:15
S104740,E1108,ST-06,2026-07-15,07:00,15:45
S104876,E1111,ST-05,2026-07-15,07:30,16:30
S104919,E1112,ST-05,2026-07-15,08:00,21:30
S104961,E1113,ST-02,2026-07-15,08:15,18:00
S105009,E1114,ST-01,2026-07-15,09:15,18:15
S105057,E1115,ST-06,2026-07-15,08:00,16:15
S105099,E1116,ST-02,2026-07-15,08:30,19:45
S105141,E1117,ST-03,2026-07-15,06:00,16:30
S105181,E1118,ST-03,2026-07-15,08:15,17:15
S105229,E1119,ST-02,2026-07-15,09:00,17:45
S105288,E1120,ST-01,2026-07-15,06:30,15:15
S105334,E1121,ST-03,2026-07-15,18:30,06:45
S105386,E1122,ST-03,2026-07-15,08:30,16:15
S105441,E1123,ST-01,2026-07-15,09:15,19:30
S105490,E1124,ST-04,2026-07-15,06:15,15:45
S105540,E1125,ST-05,2026-07-15,08:00,15:45
S105597,E1127,ST-04,2026-07-15,08:00,19:15
S105734,E1130,ST-02,2026-07-15,09:00,19:15
S105784,E1131,ST-01,2026-07-15,06:15,16:00
S105830,E1132,ST-03,2026-07-15,18:00,22:00
S105875,E1133,ST-01,2026-07-15,06:30,14:45
S105919,E1134,ST-04,2026-07-15,09:30,17:45
S105973,E1135,ST-02,2026-07-15,07:00,11:00
S106017,E1136,ST-03,2026-07-15,06:00,13:45
S106021,E1136,ST-05,2026-07-15,06:00,10:00
S106065,E1137,ST-05,2026-07-15,09:00,18:00
S106188,E1140,ST-04,2026-07-15,09:15,18:30
S106268,E1142,ST-03,2026-07-15,06:30,19:30
S106306,E1143,ST-02,2026-07-15,06:00,
S106385,E1145,ST-03,2026-07-15,19:15,08:15
S106712,E1153,ST-02,2026-07-15,08:15,16:45
S106760,E1154,ST-04,2026-07-15,08:30,17:00
S106805,E1155,ST-03,2026-07-15,06:15,19:00
S106849,E1156,ST-04,2026-07-15,09:30,18:30
S107062,E1161,ST-05,2026-07-15,08:00,20:45
S107106,E1162,ST-03,2026-07-15,06:00,16:15
S107157,E1163,ST-01,2026-07-15,07:00,16:00
S107346,E1167,ST-02,2026-07-15,06:00,18:30
S107389,E1168,ST-04,2026-07-15,08:00,18:15
S107436,E1169,ST-05,2026-07-15,07:00,15:45
S107485,E1170,ST-05,2026-07-15,08:15,17:00
S107623,E1173,ST-05,2026-07-15,08:00,18:00
S107717,E1175,ST-03,2026-07-15,08:30,20:15
S107893,E1179,ST-05,2026-07-15,06:00,18:15
S108054,E1183,ST-06,2026-07-15,18:30,06:00
S108096,E1184,ST-06,2026-07-15,20:15,08:45
S108148,E1185,ST-04,2026-07-15,08:30,18:15
S108230,E1187,ST-04,2026-07-15,08:00,16:30
S108275,E1188,ST-02,2026-07-15,08:00,19:45
S108366,E1190,ST-05,2026-07-15,08:00,21:00
S108413,E1191,ST-01,2026-07-15,07:00,14:45
S108455,E1192,ST-05,2026-07-15,07:00,19:45
S108561,E1195,ST-04,2026-07-15,08:00,16:45
S108606,E1196,ST-04,2026-07-15,18:00,06:00
S108647,E1197,ST-02,2026-07-15,08:30,16:30
S108702,E1198,ST-04,2026-07-15,06:15,16:15
S108805,E1200,ST-04,2026-07-15,07:00,15:15
S108847,E1201,ST-06,2026-07-15,09:30,20:45
S108887,E1202,ST-06,2026-07-15,20:00,07:30
S108931,E1203,ST-03,2026-07-15,07:00,16:15
S108978,E1204,ST-02,2026-07-15,08:00,17:45
S109029,E1205,ST-02,2026-07-15,08:15,16:30
S109075,E1206,ST-03,2026-07-15,08:30,17:15
S109121,E1207,ST-02,2026-07-15,09:00,18:00
S109169,E1208,ST-01,2026-07-15,08:30,16:45
S109264,E1210,ST-03,2026-07-15,08:30,19:30
S109302,E1211,ST-01,2026-07-15,06:00,18:00
S109340,E1212,ST-06,2026-07-15,20:00,
S109384,E1213,ST-03,2026-07-15,08:00,17:00
S100026,E1001,ST-01,2026-07-16,09:00,18:30
S100077,E1002,ST-02,2026-07-16,09:00,18:15
S100130,E1003,ST-03,2026-07-16,06:00,15:15
S100173,E1004,ST-03,2026-07-16,18:00,06:00
S100220,E1005,ST-05,2026-07-16,08:15,18:00
S100266,E1006,ST-04,2026-07-16,08:00,20:15
S100375,E1009,ST-02,2026-07-16,09:30,21:45
S100425,E1010,ST-01,2026-07-16,07:00,16:45
S100515,E1012,ST-04,2026-07-16,09:15,19:30
S100723,E1017,ST-05,2026-07-16,08:00,20:00
S100763,E1018,ST-01,2026-07-16,08:15,18:15
S100806,E1019,ST-05,2026-07-16,06:00,16:00
S100848,E1020,ST-03,2026-07-16,06:00,15:00
S100886,E1021,ST-04,2026-07-16,06:00,18:45
S100928,E1022,ST-06,2026-07-16,06:15,15:15
S100974,E1023,ST-01,2026-07-16,06:30,15:45
S101017,E1024,ST-01,2026-07-16,08:00,16:00
S101067,E1025,ST-02,2026-07-16,06:00,16:45
S101106,E1026,ST-05,2026-07-16,06:15,19:15
S101154,E1027,ST-06,2026-07-16,08:00,17:15
S101201,E1028,ST-01,2026-07-16,07:30,17:00
S101249,E1029,ST-04,2026-07-16,08:15,18:30
S101343,E1031,ST-05,2026-07-16,08:15,18:45
S101395,E1032,ST-01,2026-07-16,06:15,15:15
S101448,E1033,ST-01,2026-07-16,07:00,15:00
S101491,E1034,ST-02,2026-07-16,06:00,15:30
S101588,E1037,ST-03,2026-07-16,20:00,08:45
S101618,E1038,ST-06,2026-07-16,09:15,21:15
S101664,E1039,ST-04,2026-07-16,06:00,15:45
S101717,E1040,ST-03,2026-07-16,06:15,
S101804,E1042,ST-03,2026-07-16,07:00,19:00
S101851,E1043,ST-03,2026-07-16,06:00,14:15
S101946,E1045,ST-05,2026-07-16,08:30,18:45
S101997,E1046,ST-03,2026-07-16,08:15,16:45
S102038,E1047,ST-06,2026-07-16,07:00,17:00
S102134,E1049,ST-01,2026-07-16,06:00,15:30
S102174,E1050,ST-01,2026-07-16,06:00,17:45
S102267,E1052,ST-01,2026-07-16,06:00,16:00
S102304,E1053,ST-01,2026-07-16,20:30,08:15
S102345,E1054,ST-03,2026-07-16,06:15,
S102388,E1055,ST-06,2026-07-16,20:15,08:30
S102433,E1056,ST-03,2026-07-16,08:15,18:45
S102624,E1060,ST-02,2026-07-16,06:30,17:00
S102674,E1061,ST-01,2026-07-16,08:00,16:30
S102989,E1068,ST-01,2026-07-16,08:00,18:00
S103030,E1069,ST-05,2026-07-16,06:00,17:15
S103069,E1070,ST-05,2026-07-16,19:00,07:30
S103156,E1072,ST-06,2026-07-16,06:15,16:15
S103201,E1073,ST-01,2026-07-16,06:30,16:00
S103251,E1074,ST-05,2026-07-16,08:00,17:30
S103301,E1075,ST-06,2026-07-16,06:00,14:45
S103352,E1076,ST-03,2026-07-16,06:30,15:00
S103398,E1077,ST-04,2026-07-16,18:00,07:00
S103480,E1079,ST-05,2026-07-16,08:00,19:15
S103527,E1080,ST-04,2026-07-16,08:00,16:30
S103563,E1081,ST-04,2026-07-16,18:15,05:30
S103724,E1085,ST-04,2026-07-16,08:00,17:30
S103818,E1087,ST-02,2026-07-16,08:00,19:45
S103867,E1088,ST-05,2026-07-16,06:00,15:45
S103918,E1089,ST-02,2026-07-16,07:00,15:15
S104026,E1092,ST-04,2026-07-16,08:00,18:00
S104074,E1093,ST-02,2026-07-16,09:00,22:30
S104161,E1095,ST-03,2026-07-16,06:30,15:15
S104213,E1096,ST-02,2026-07-16,09:30,18:30
S104271,E1097,ST-02,2026-07-16,06:00,15:15
S104377,E1100,ST-06,2026-07-16,08:15,17:00
S104461,E1102,ST-04,2026-07-16,06:00,15:45
S104504,E1103,ST-06,2026-07-16,07:15,17:15
S104548,E1104,ST-02,2026-07-16,07:15,18:00
S104599,E1105,ST-04,2026-07-16,06:00,14:30
S104647,E1106,ST-03,2026-07-16,08:00,19:30
S104690,E1107,ST-04,2026-07-16,08:30,18:15
S104741,E1108,ST-06,2026-07-16,06:00,14:30
S104787,E1109,ST-05,2026-07-16,07:00,16:00
S104962,E1113,ST-02,2026-07-16,06:15,15:15
S105058,E1115,ST-06,2026-07-16,06:00,13:45
S105182,E1118,ST-03,2026-07-16,08:30,19:00
S105230,E1119,ST-02,2026-07-16,06:00,
S105289,E1120,ST-01,2026-07-16,06:00,15:30
S105387,E1122,ST-03,2026-07-16,09:00,17:45
S105442,E1123,ST-01,2026-07-16,08:00,18:00
S105541,E1125,ST-05,2026-07-16,08:15,17:30
S105645,E1128,ST-04,2026-07-16,08:00,20:45
S105735,E1130,ST-02,2026-07-16,08:15,18:45
S105785,E1131,ST-01,2026-07-16,09:30,20:00
S105876,E1133,ST-01,2026-07-16,07:00,16:15
S105970,E1135,ST-05,2026-07-16,08:00,16:00
S106108,E1138,ST-01,2026-07-16,19:00,06:15
S106149,E1139,ST-03,2026-07-16,19:00,08:30
S106189,E1140,ST-04,2026-07-16,06:15,15:15
S106348,E1144,ST-06,2026-07-16,08:00,17:45
S106572,E1150,ST-06,2026-07-16,20:00,07:30
S106621,E1151,ST-04,2026-07-16,08:00,17:00
S106713,E1153,ST-02,2026-07-16,08:00,17:15
S106897,E1157,ST-05,2026-07-16,07:00,19:15
S106939,E1158,ST-04,2026-07-16,08:15,18:30
S106982,E1159,ST-06,2026-07-16,19:30,07:45
S107063,E1161,ST-05,2026-07-16,06:00,18:00
S107107,E1162,ST-03,2026-07-16,08:00,18:30
S107158,E1163,ST-01,2026-07-16,08:00,16:00
S107208,E1164,ST-04,2026-07-16,07:00,16:45
S107255,E1165,ST-05,2026-07-16,09:15,18:45
S107304,E1166,ST-06,2026-07-16,08:00,16:45
S107347,E1167,ST-02,2026-07-16,08:00,20:00
S107390,E1168,ST-04,2026-07-16,08:00,
S107437,E1169,ST-05,2026-07-16,06:15,16:00
S107673,E1174,ST-01,2026-07-16,06:00,14:30
S107718,E1175,ST-03,2026-07-16,07:00,19:30
S107758,E1176,ST-06,2026-07-16,18:00,06:00
S107850,E1178,ST-03,2026-07-16,08:00,17:15
S107894,E1179,ST-05,2026-07-16,06:00,18:15
S107937,E1180,ST-06,2026-07-16,06:00,14:30
S107977,E1181,ST-04,2026-07-16,18:00,06:15
S108011,E1182,ST-05,2026-07-16,19:15,07:00
S108097,E1184,ST-06,2026-07-16,20:30,09:00
S108186,E1186,ST-05,2026-07-16,08:00,19:30
S108231,E1187,ST-04,2026-07-16,07:00,15:45
S108276,E1188,ST-02,2026-07-16,08:00,20:30
S108321,E1189,ST-03,2026-07-16,07:00,15:30
S108507,E1194,ST-01,2026-07-16,09:00,19:00
S108562,E1195,ST-04,2026-07-16,07:30,17:00
S108703,E1198,ST-04,2026-07-16,08:15,18:15
S108757,E1199,ST-05,2026-07-16,06:00,16:30
S108848,E1201,ST-06,2026-07-16,08:00,19:45
S108932,E1203,ST-03,2026-07-16,07:00,20:00
S108979,E1204,ST-02,2026-07-16,08:00,16:30
S109030,E1205,ST-02,2026-07-16,07:30,16:45
S109076,E1206,ST-03,2026-07-16,09:00,18:00
S109122,E1207,ST-02,2026-07-16,07:15,16:30
S109170,E1208,ST-01,2026-07-16,06:00,14:15
S109219,E1209,ST-05,2026-07-16,06:00,15:00
S109265,E1210,ST-03,2026-07-16,09:00,17:45
S100027,E1001,ST-01,2026-07-17,08:00,16:30
S100131,E1003,ST-03,2026-07-17,08:00,13:45
S100221,E1005,ST-05,2026-07-17,06:00,14:15
S100267,E1006,ST-04,2026-07-17,08:30,20:45
S100304,E1007,ST-06,2026-07-17,07:15,19:00
S100339,E1008,ST-03,2026-07-17,09:00,21:30
S100376,E1009,ST-02,2026-07-17,06:00,16:45
S100473,E1011,ST-01,2026-07-17,06:00,15:30
S100556,E1013,ST-04,2026-07-17,08:15,20:30
S100593,E1014,ST-03,2026-07-17,07:30,18:45
S100632,E1015,ST-05,2026-07-17,06:15,15:15
S100635,E1015,ST-06,2026-07-17,06:00,10:00
S100686,E1016,ST-04,2026-07-17,08:30,18:15
S100724,E1017,ST-05,2026-07-17,06:00,17:15
S100887,E1021,ST-04,2026-07-17,08:00,15:30
S100929,E1022,ST-06,2026-07-17,08:00,18:30
S101018,E1024,ST-01,2026-07-17,07:15,17:00
S101068,E1025,ST-02,2026-07-17,06:00,19:15
S101155,E1027,ST-06,2026-07-17,08:15,17:30
S101250,E1029,ST-04,2026-07-17,08:30,17:30
S101298,E1030,ST-03,2026-07-17,08:30,16:30
S101344,E1031,ST-05,2026-07-17,07:30,18:30
S101449,E1033,ST-01,2026-07-17,06:00,16:45
S101492,E1034,ST-02,2026-07-17,09:15,19:45
S101546,E1036,ST-03,2026-07-17,06:00,15:15
S101589,E1037,ST-03,2026-07-17,18:00,07:30
S101665,E1039,ST-04,2026-07-17,09:00,18:15
S101718,E1040,ST-03,2026-07-17,08:00,18:00
S101805,E1042,ST-03,2026-07-17,06:00,18:15
S101998,E1046,ST-03,2026-07-17,06:30,19:15
S102039,E1047,ST-06,2026-07-17,09:00,18:45
S102085,E1048,ST-01,2026-07-17,08:30,18:45
S102218,E1051,ST-06,2026-07-17,07:15,16:15
S102268,E1052,ST-01,2026-07-17,08:15,16:45
S102346,E1054,ST-03,2026-07-17,08:00,16:15
S102389,E1055,ST-06,2026-07-17,18:00,00:30
S102434,E1056,ST-03,2026-07-17,08:30,17:15
S102525,E1058,ST-04,2026-07-17,06:15,15:30
S102578,E1059,ST-05,2026-07-17,06:00,15:00
S102625,E1060,ST-02,2026-07-17,08:00,17:45
S102675,E1061,ST-01,2026-07-17,08:00,17:15
S102723,E1062,ST-05,2026-07-17,07:00,17:00
S102894,E1066,ST-05,2026-07-17,08:30,17:45
S102942,E1067,ST-06,2026-07-17,06:15,15:30
S102990,E1068,ST-01,2026-07-17,09:00,19:00
S103031,E1069,ST-05,2026-07-17,06:00,17:00
S103070,E1070,ST-05,2026-07-17,19:30,07:30
S103114,E1071,ST-02,2026-07-17,07:00,16:30
S103202,E1073,ST-01,2026-07-17,07:00,17:00
S103302,E1075,ST-06,2026-07-17,07:30,15:30
S103353,E1076,ST-03,2026-07-17,08:30,16:45
S103399,E1077,ST-04,2026-07-17,20:30,08:00
S103725,E1085,ST-04,2026-07-17,06:00,15:00
S103773,E1086,ST-03,2026-07-17,18:00,
S104114,E1094,ST-04,2026-07-17,19:00,07:30
S104162,E1095,ST-03,2026-07-17,06:00,14:30
S104214,E1096,ST-02,2026-07-17,08:00,17:00
S104328,E1099,ST-02,2026-07-17,20:00,08:00
S104424,E1101,ST-06,2026-07-17,06:00,19:30
S104462,E1102,ST-04,2026-07-17,06:00,15:15
S104505,E1103,ST-06,2026-07-17,06:00,16:45
S104549,E1104,ST-02,2026-07-17,07:00,17:15
S104648,E1106,ST-03,2026-07-17,07:15,19:00
S104691,E1107,ST-04,2026-07-17,08:00,17:00
S104788,E1109,ST-05,2026-07-17,07:00,15:45
S104830,E1110,ST-06,2026-07-17,06:15,15:15
S104877,E1111,ST-05,2026-07-17,06:00,15:15
S105010,E1114,ST-01,2026-07-17,06:00,15:15
S105142,E1117,ST-03,2026-07-17,06:15,15:30
S105183,E1118,ST-03,2026-07-17,06:00,17:00
S105290,E1120,ST-01,2026-07-17,09:00,18:00
S105335,E1121,ST-03,2026-07-17,18:30,06:45
S105491,E1124,ST-04,2026-07-17,06:00,16:15
S105646,E1128,ST-04,2026-07-17,09:30,20:15
S105686,E1129,ST-04,2026-07-17,06:15,15:30
S105736,E1130,ST-02,2026-07-17,07:15,17:15
S105826,E1132,ST-02,2026-07-17,19:15,07:30
S105920,E1134,ST-04,2026-07-17,09:00,17:45
S105974,E1135,ST-02,2026-07-17,07:15,11:15
S106018,E1136,ST-03,2026-07-17,08:00,17:15
S106066,E1137,ST-05,2026-07-17,07:15,15:00
S106109,E1138,ST-01,2026-07-17,19:00,07:00
S106230,E1141,ST-01,2026-07-17,08:00,20:00
S106269,E1142,ST-03,2026-07-17,08:15,20:30
S106386,E1145,ST-03,2026-07-17,18:00,07:00
S106456,E1147,ST-01,2026-07-17,06:00,19:00
S106494,E1148,ST-01,2026-07-17,08:00,18:15
S106535,E1149,ST-05,2026-07-17,08:00,21:30
S106573,E1150,ST-06,2026-07-17,18:00,05:45
S106622,E1151,ST-04,2026-07-17,06:30,15:45
S106665,E1152,ST-06,2026-07-17,09:15,21:15
S106714,E1153,ST-02,2026-07-17,08:15,17:30
S106761,E1154,ST-04,2026-07-17,07:00,17:15
S106806,E1155,ST-03,2026-07-17,06:00,19:00
S106850,E1156,ST-04,2026-07-17,08:00,17:45
S106898,E1157,ST-05,2026-07-17,06:30,16:30
S106983,E1159,ST-06,2026-07-17,19:00,03:45
S107020,E1160,ST-01,2026-07-17,08:30,18:15
S107064,E1161,ST-05,2026-07-17,06:00,18:00
S107108,E1162,ST-03,2026-07-17,08:00,18:00
S107256,E1165,ST-05,2026-07-17,06:30,16:00
S107305,E1166,ST-06,2026-07-17,08:00,17:30
S107391,E1168,ST-04,2026-07-17,08:30,18:00
S107438,E1169,ST-05,2026-07-17,06:00,15:00
S107530,E1171,ST-02,2026-07-17,06:00,15:45
S107577,E1172,ST-04,2026-07-17,07:00,16:30
S107624,E1173,ST-05,2026-07-17,08:00,17:45
S107801,E1177,ST-02,2026-07-17,08:00,18:00
S107851,E1178,ST-03,2026-07-17,09:15,19:15
S107938,E1180,ST-06,2026-07-17,09:00,19:00
S107978,E1181,ST-04,2026-07-17,18:00,07:00
S108012,E1182,ST-05,2026-07-17,20:15,08:45
S108098,E1184,ST-06,2026-07-17,18:00,05:45
S108149,E1185,ST-04,2026-07-17,08:00,17:15
S108187,E1186,ST-05,2026-07-17,06:15,19:00
S108232,E1187,ST-04,2026-07-17,08:15,16:45
S108322,E1189,ST-03,2026-07-17,08:00,17:15
S108414,E1191,ST-01,2026-07-17,09:30,18:15
S108456,E1192,ST-05,2026-07-17,06:30,19:00
S108508,E1194,ST-01,2026-07-17,07:30,16:15
S108607,E1196,ST-04,2026-07-17,19:00,08:30
S108648,E1197,ST-02,2026-07-17,08:15,17:30
S108704,E1198,ST-04,2026-07-17,06:00,15:00
S108758,E1199,ST-05,2026-07-17,08:00,16:30
S109077,E1206,ST-03,2026-07-17,08:15,17:00
S109123,E1207,ST-02,2026-07-17,06:00,16:30
S109171,E1208,ST-01,2026-07-17,08:00,17:15
S109220,E1209,ST-05,2026-07-17,08:00,16:00
S109266,E1210,ST-03,2026-07-17,06:30,16:45
S109303,E1211,ST-01,2026-07-17,06:00,17:00
S109341,E1212,ST-06,2026-07-17,18:15,02:45
S109385,E1213,ST-03,2026-07-17,06:00,14:30
S100078,E1002,ST-02,2026-07-18,08:00,17:30
S100174,E1004,ST-03,2026-07-18,18:00,06:30
S100222,E1005,ST-05,2026-07-18,06:00,15:15
S100268,E1006,ST-04,2026-07-18,08:30,20:45
S100377,E1009,ST-02,2026-07-18,08:30,20:30
S100426,E1010,ST-01,2026-07-18,07:00,15:45
S100516,E1012,ST-04,2026-07-18,08:00,18:00
S100557,E1013,ST-04,2026-07-18,06:00,16:30
S100594,E1014,ST-03,2026-07-18,06:30,20:00
S100633,E1015,ST-05,2026-07-18,09:15,21:45
S100687,E1016,ST-04,2026-07-18,08:00,13:15
S100725,E1017,ST-05,2026-07-18,07:30,14:00
S100930,E1022,ST-06,2026-07-18,08:00,19:00
S101019,E1024,ST-01,2026-07-18,06:15,15:45
S101156,E1027,ST-06,2026-07-18,09:00,17:45
S101251,E1029,ST-04,2026-07-18,08:00,16:00
S101299,E1030,ST-03,2026-07-18,09:15,18:15
S101493,E1034,ST-02,2026-07-18,08:30,22:00
S101547,E1036,ST-03,2026-07-18,09:30,13:30
S101619,E1038,ST-06,2026-07-18,07:00,11:00
S101666,E1039,ST-04,2026-07-18,07:00,16:15
S101719,E1040,ST-03,2026-07-18,08:00,14:00
S101763,E1041,ST-03,2026-07-18,08:00,17:30
S101852,E1043,ST-03,2026-07-18,06:00,14:45
S101898,E1044,ST-02,2026-07-18,18:30,06:30
S101947,E1045,ST-05,2026-07-18,06:00,13:15
S102086,E1048,ST-01,2026-07-18,09:00,20:15
S102135,E1049,ST-01,2026-07-18,06:00,16:00
S102175,E1050,ST-01,2026-07-18,06:30,13:30
S102435,E1056,ST-03,2026-07-18,06:00,14:45
S102482,E1057,ST-01,2026-07-18,08:00,18:45
S102526,E1058,ST-04,2026-07-18,06:00,15:15
S102579,E1059,ST-05,2026-07-18,08:30,17:45
S102626,E1060,ST-02,2026-07-18,06:15,15:45
S102676,E1061,ST-01,2026-07-18,07:00,16:30
S102724,E1062,ST-05,2026-07-18,08:00,16:30
S102770,E1063,ST-05,2026-07-18,06:00,16:15
S102815,E1064,ST-04,2026-07-18,06:00,15:15
S102895,E1066,ST-05,2026-07-18,09:00,19:00
S102943,E1067,ST-06,2026-07-18,09:00,17:45
S102991,E1068,ST-01,2026-07-18,09:00,14:15
S103032,E1069,ST-05,2026-07-18,06:30,15:30
S103115,E1071,ST-02,2026-07-18,09:00,17:30
S103157,E1072,ST-06,2026-07-18,07:00,18:00
S103252,E1074,ST-05,2026-07-18,08:30,18:15
S103303,E1075,ST-06,2026-07-18,08:00,17:15
S103481,E1079,ST-05,2026-07-18,09:00,18:15
S103528,E1080,ST-04,2026-07-18,08:30,22:00
S103564,E1081,ST-04,2026-07-18,19:15,08:30
S103601,E1082,ST-04,2026-07-18,07:00,19:00
S103637,E1083,ST-05,2026-07-18,20:00,08:30
S103677,E1084,ST-03,2026-07-18,07:00,18:45
S103726,E1085,ST-04,2026-07-18,08:15,19:45
S103774,E1086,ST-03,2026-07-18,20:15,07:45
S103819,E1087,ST-02,2026-07-18,07:15,20:45
S103868,E1088,ST-05,2026-07-18,09:30,21:15
S103919,E1089,ST-02,2026-07-18,09:00,18:00
S103975,E1090,ST-05,2026-07-18,08:00,18:15
S103978,E1091,ST-06,2026-07-18,08:00,14:45
S104027,E1092,ST-04,2026-07-18,06:30,16:00
S104163,E1095,ST-03,2026-07-18,07:30,17:30
S104274,E1098,ST-03,2026-07-18,06:30,16:15
S104378,E1100,ST-06,2026-07-18,06:00,15:15
S104550,E1104,ST-02,2026-07-18,06:30,14:15
S104600,E1105,ST-04,2026-07-18,08:15,16:45
S104789,E1109,ST-05,2026-07-18,06:00,14:45
S104831,E1110,ST-06,2026-07-18,09:00,18:30
S104878,E1111,ST-05,2026-07-18,08:00,21:30
S104963,E1113,ST-02,2026-07-18,06:00,15:15
S105011,E1114,ST-01,2026-07-18,06:00,17:00
S105100,E1116,ST-02,2026-07-18,06:30,19:30
S105184,E1118,ST-03,2026-07-18,07:00,17:15
S105231,E1119,ST-02,2026-07-18,06:30,15:00
S105291,E1120,ST-01,2026-07-18,06:30,15:30
S105388,E1122,ST-03,2026-07-18,08:15,17:15
S105443,E1123,ST-01,2026-07-18,06:00,15:30
S105542,E1125,ST-05,2026-07-18,08:15,14:00
S105593,E1126,ST-06,2026-07-18,08:00,17:45
S105598,E1127,ST-04,2026-07-18,08:30,17:30
S105687,E1129,ST-04,2026-07-18,08:15,17:15
S105737,E1130,ST-02,2026-07-18,09:00,18:15
S105786,E1131,ST-01,2026-07-18,09:15,21:30
S105827,E1132,ST-02,2026-07-18,20:00,08:15
S105877,E1133,ST-01,2026-07-18,06:00,
S105921,E1134,ST-04,2026-07-18,08:00,17:00
S105971,E1135,ST-05,2026-07-18,09:00,17:45
S106019,E1136,ST-03,2026-07-18,06:00,12:45
S106110,E1138,ST-01,2026-07-18,18:30,08:00
S106270,E1142,ST-03,2026-07-18,09:15,22:45
S106307,E1143,ST-02,2026-07-18,08:15,17:00
S106349,E1144,ST-06,2026-07-18,08:30,16:30
S106421,E1146,ST-04,2026-07-18,20:30,08:15
S106457,E1147,ST-01,2026-07-18,06:00,19:30
S106495,E1148,ST-01,2026-07-18,08:15,15:30
S106574,E1150,ST-06,2026-07-18,18:00,03:30
S106623,E1151,ST-04,2026-07-18,06:00,15:00
S106666,E1152,ST-06,2026-07-18,08:15,15:30
S106762,E1154,ST-04,2026-07-18,09:00,18:15
S106807,E1155,ST-03,2026-07-18,08:00,20:00
S106851,E1156,ST-04,2026-07-18,08:00,17:00
S107021,E1160,ST-01,2026-07-18,06:00,15:00
S107109,E1162,ST-03,2026-07-18,08:00,19:30
S107159,E1163,ST-01,2026-07-18,08:00,17:00
S107209,E1164,ST-04,2026-07-18,07:00,16:15
S107257,E1165,ST-05,2026-07-18,08:00,17:15
S107306,E1166,ST-06,2026-07-18,08:15,19:00
S107348,E1167,ST-02,2026-07-18,07:00,12:30
S107392,E1168,ST-04,2026-07-18,06:00,13:15
S107439,E1169,ST-05,2026-07-18,09:00,13:30
S107486,E1170,ST-05,2026-07-18,06:00,19:30
S107531,E1171,ST-02,2026-07-18,08:30,19:00
S107578,E1172,ST-04,2026-07-18,06:00,
S107625,E1173,ST-05,2026-07-18,06:30,13:30
S107674,E1174,ST-01,2026-07-18,08:00,17:30
S107759,E1176,ST-06,2026-07-18,18:00,06:45
S107802,E1177,ST-02,2026-07-18,06:00,15:30
S107852,E1178,ST-03,2026-07-18,08:15,16:45
S107939,E1180,ST-06,2026-07-18,09:15,17:45
S108013,E1182,ST-05,2026-07-18,18:30,07:15
S108055,E1183,ST-06,2026-07-18,18:30,05:15
S108099,E1184,ST-06,2026-07-18,18:00,05:15
S108150,E1185,ST-04,2026-07-18,06:15,13:00
S108188,E1186,ST-05,2026-07-18,08:15,21:45
S108233,E1187,ST-04,2026-07-18,07:00,16:15
S108415,E1191,ST-01,2026-07-18,06:00,13:30
S108505,E1193,ST-03,2026-07-18,06:00,14:45
S108509,E1194,ST-01,2026-07-18,09:15,17:15
S108563,E1195,ST-04,2026-07-18,08:00,18:15
S108649,E1197,ST-02,2026-07-18,06:30,15:15
S108705,E1198,ST-04,2026-07-18,06:00,15:45
S108806,E1200,ST-04,2026-07-18,08:15,16:15
S108849,E1201,ST-06,2026-07-18,08:00,19:15
S108888,E1202,ST-06,2026-07-18,18:00,07:30
S109078,E1206,ST-03,2026-07-18,06:15,16:15
S109172,E1208,ST-01,2026-07-18,08:00,16:45
S109267,E1210,ST-03,2026-07-18,06:00,10:00
S100028,E1001,ST-01,2026-07-19,06:30,11:30
S100079,E1002,ST-02,2026-07-19,06:00,15:00
S100223,E1005,ST-05,2026-07-19,07:30,16:45
S100305,E1007,ST-06,2026-07-19,08:30,15:45
S100340,E1008,ST-03,2026-07-19,09:00,15:45
S100378,E1009,ST-02,2026-07-19,06:15,13:45
S100427,E1010,ST-01,2026-07-19,07:15,14:45
S100474,E1011,ST-01,2026-07-19,08:00,18:30
S100764,E1018,ST-01,2026-07-19,09:00,17:30
S100807,E1019,ST-05,2026-07-19,07:00,17:15
S100849,E1020,ST-03,2026-07-19,06:15,15:45
S100975,E1023,ST-01,2026-07-19,06:00,16:30
S101020,E1024,ST-01,2026-07-19,06:15,12:00
S101107,E1026,ST-05,2026-07-19,08:00,17:15
S101202,E1028,ST-01,2026-07-19,08:00,15:30
S101252,E1029,ST-04,2026-07-19,09:00,13:00
S101300,E1030,ST-03,2026-07-19,06:00,11:15
S101345,E1031,ST-05,2026-07-19,06:00,16:45
S101396,E1032,ST-01,2026-07-19,09:00,20:45
S101450,E1033,ST-01,2026-07-19,08:00,13:00
S101667,E1039,ST-04,2026-07-19,07:00,13:15
S101764,E1041,ST-03,2026-07-19,06:00,17:30
S101806,E1042,ST-03,2026-07-19,07:15,15:45
S101853,E1043,ST-03,2026-07-19,07:00,18:00
S101899,E1044,ST-02,2026-07-19,20:30,10:00
S102040,E1047,ST-06,2026-07-19,08:00,18:45
S102136,E1049,ST-01,2026-07-19,09:00,15:00
S102219,E1051,ST-06,2026-07-19,08:30,21:45
S102269,E1052,ST-01,2026-07-19,06:30,12:45
S102305,E1053,ST-01,2026-07-19,18:00,23:15
S102347,E1054,ST-03,2026-07-19,06:30,13:15
S102436,E1056,ST-03,2026-07-19,09:15,14:30
S102483,E1057,ST-01,2026-07-19,06:30,13:30
S102527,E1058,ST-04,2026-07-19,08:30,14:00
S102580,E1059,ST-05,2026-07-19,08:15,16:45
S102677,E1061,ST-01,2026-07-19,07:00,20:30
S102771,E1063,ST-05,2026-07-19,06:00,18:00
S102816,E1064,ST-04,2026-07-19,08:00,19:30
S102857,E1065,ST-03,2026-07-19,19:00,08:30
S102896,E1066,ST-05,2026-07-19,09:00,14:00
S102944,E1067,ST-06,2026-07-19,09:15,19:45
S103158,E1072,ST-06,2026-07-19,06:00,16:00
S103203,E1073,ST-01,2026-07-19,08:00,15:45
S103253,E1074,ST-05,2026-07-19,07:15,14:15
S103304,E1075,ST-06,2026-07-19,08:15,18:15
S103354,E1076,ST-03,2026-07-19,06:00,12:15
S103400,E1077,ST-04,2026-07-19,18:00,07:30
S103482,E1079,ST-05,2026-07-19,06:00,13:15
S103602,E1082,ST-04,2026-07-19,09:15,18:45
S103638,E1083,ST-05,2026-07-19,18:00,07:30
S103678,E1084,ST-03,2026-07-19,06:15,14:00
S103775,E1086,ST-03,2026-07-19,20:00,09:15
S103920,E1089,ST-02,2026-07-19,06:15,10:30
S104028,E1092,ST-04,2026-07-19,09:00,17:45
S104115,E1094,ST-04,2026-07-19,18:30,07:45
S104164,E1095,ST-03,2026-07-19,06:30,16:15
S104215,E1096,ST-02,2026-07-19,06:00,12:45
S104272,E1097,ST-02,2026-07-19,07:00,11:30
S104275,E1098,ST-03,2026-07-19,06:00,15:30
S104329,E1099,ST-02,2026-07-19,18:30,02:15
S104379,E1100,ST-06,2026-07-19,09:30,17:00
S104601,E1105,ST-04,2026-07-19,06:30,15:30
S104742,E1108,ST-06,2026-07-19,06:00,17:15
S104790,E1109,ST-05,2026-07-19,08:00,14:45
S104832,E1110,ST-06,2026-07-19,09:00,17:45
S104964,E1113,ST-02,2026-07-19,06:00,17:15
S105059,E1115,ST-06,2026-07-19,08:30,16:30
S105143,E1117,ST-03,2026-07-19,06:15,17:15
S105185,E1118,ST-03,2026-07-19,08:00,17:15
S105232,E1119,ST-02,2026-07-19,08:15,18:45
S105292,E1120,ST-01,2026-07-19,07:30,16:15
S105336,E1121,ST-03,2026-07-19,19:00,04:30
S105389,E1122,ST-03,2026-07-19,06:00,16:45
S105444,E1123,ST-01,2026-07-19,06:30,13:00
S105492,E1124,ST-04,2026-07-19,06:00,12:15
S105594,E1126,ST-06,2026-07-19,09:00,22:30
S105647,E1128,ST-04,2026-07-19,09:00,21:15
S105688,E1129,ST-04,2026-07-19,06:15,15:15
S105738,E1130,ST-02,2026-07-19,09:00,20:00
S105828,E1132,ST-02,2026-07-19,18:15,03:15
S105922,E1134,ST-04,2026-07-19,06:00,17:45
S105972,E1135,ST-05,2026-07-19,08:00,16:30
S105975,E1135,ST-02,2026-07-19,06:00,09:30
S106190,E1140,ST-04,2026-07-19,08:30,16:45
S106231,E1141,ST-01,2026-07-19,08:15,14:45
S106308,E1143,ST-02,2026-07-19,08:15,17:00
S106350,E1144,ST-06,2026-07-19,07:00,18:15
S106387,E1145,ST-03,2026-07-19,20:00,09:15
S106422,E1146,ST-04,2026-07-19,20:30,10:00
S106624,E1151,ST-04,2026-07-19,07:00,11:30
S106763,E1154,ST-04,2026-07-19,09:00,17:00
S106808,E1155,ST-03,2026-07-19,07:30,14:00
S106852,E1156,ST-04,2026-07-19,08:15,12:15
S106940,E1158,ST-04,2026-07-19,08:30,20:00
S107022,E1160,ST-01,2026-07-19,08:30,16:15
S107065,E1161,ST-05,2026-07-19,08:15,19:15
S107160,E1163,ST-01,2026-07-19,09:00,17:15
S107210,E1164,ST-04,2026-07-19,08:15,14:45
S107258,E1165,ST-05,2026-07-19,06:00,12:45
S107307,E1166,ST-06,2026-07-19,06:00,16:00
S107532,E1171,ST-02,2026-07-19,08:15,14:45
S107675,E1174,ST-01,2026-07-19,08:30,18:15
S107719,E1175,ST-03,2026-07-19,08:30,22:00
S107760,E1176,ST-06,2026-07-19,19:15,02:15
S107803,E1177,ST-02,2026-07-19,08:00,19:30
S107895,E1179,ST-05,2026-07-19,06:00,19:30
S107940,E1180,ST-06,2026-07-19,09:15,16:00
S107979,E1181,ST-04,2026-07-19,19:15,23:45
S108014,E1182,ST-05,2026-07-19,18:15,03:15
S108100,E1184,ST-06,2026-07-19,20:30,
S108234,E1187,ST-04,2026-07-19,07:00,14:15
S108277,E1188,ST-02,2026-07-19,08:15,16:15
S108323,E1189,ST-03,2026-07-19,09:30,18:45
S108367,E1190,ST-05,2026-07-19,09:00,18:15
S108416,E1191,ST-01,2026-07-19,07:15,16:00
S108457,E1192,ST-05,2026-07-19,08:00,21:30
S108506,E1193,ST-03,2026-07-19,06:30,19:15
S108564,E1195,ST-04,2026-07-19,06:00,19:30
S108650,E1197,ST-02,2026-07-19,07:00,18:45
S108706,E1198,ST-04,2026-07-19,07:00,18:15
S108759,E1199,ST-05,2026-07-19,06:30,14:45
S108807,E1200,ST-04,2026-07-19,08:00,19:15
S108850,E1201,ST-06,2026-07-19,08:00,19:00
S108980,E1204,ST-02,2026-07-19,09:00,17:30
S109031,E1205,ST-02,2026-07-19,08:00,19:00
S109079,E1206,ST-03,2026-07-19,08:15,12:15
S109124,E1207,ST-02,2026-07-19,06:00,17:45
S109221,E1209,ST-05,2026-07-19,06:00,19:30
S109304,E1211,ST-01,2026-07-19,08:00,21:30
S100080,E1002,ST-02,2026-07-20,09:15,19:15
S100132,E1003,ST-03,2026-07-20,06:15,15:00
S100175,E1004,ST-03,2026-07-20,20:30,09:30
S100224,E1005,ST-05,2026-07-20,07:00,16:00
S100306,E1007,ST-06,2026-07-20,07:00,18:30
S100428,E1010,ST-01,2026-07-20,06:00,15:30
S100475,E1011,ST-01,2026-07-20,09:00,18:15
S100517,E1012,ST-04,2026-07-20,07:30,17:30
S100558,E1013,ST-04,2026-07-20,06:15,17:45
S100595,E1014,ST-03,2026-07-20,06:00,17:45
S100636,E1015,ST-05,2026-07-20,08:00,18:15
S100688,E1016,ST-04,2026-07-20,08:30,17:30
S100726,E1017,ST-05,2026-07-20,06:00,17:00
S100765,E1018,ST-01,2026-07-20,06:00,15:30
S100931,E1022,ST-06,2026-07-20,09:00,19:15
S100976,E1023,ST-01,2026-07-20,09:15,17:00
S101021,E1024,ST-01,2026-07-20,07:00,15:45
S101069,E1025,ST-02,2026-07-20,08:30,19:00
S101108,E1026,ST-05,2026-07-20,06:30,17:45
S101112,E1026,ST-04,2026-07-20,07:00,11:00
S101157,E1027,ST-06,2026-07-20,06:00,15:15
S101253,E1029,ST-04,2026-07-20,07:00,15:15
S101301,E1030,ST-03,2026-07-20,06:00,15:15
S101346,E1031,ST-05,2026-07-20,07:00,17:00
S101397,E1032,ST-01,2026-07-20,09:00,18:15
S101494,E1034,ST-02,2026-07-20,08:30,18:45
S101551,E1036,ST-03,2026-07-20,09:00,21:30
S101590,E1037,ST-03,2026-07-20,18:00,05:00
S101668,E1039,ST-04,2026-07-20,07:15,16:15
S101720,E1040,ST-03,2026-07-20,06:00,15:15
S101854,E1043,ST-03,2026-07-20,06:00,14:45
S101999,E1046,ST-03,2026-07-20,08:00,17:00
S102041,E1047,ST-06,2026-07-20,09:00,18:45
S102087,E1048,ST-01,2026-07-20,06:00,14:45
S102137,E1049,ST-01,2026-07-20,06:00,16:00
S102220,E1051,ST-06,2026-07-20,08:30,16:45
S102390,E1055,ST-06,2026-07-20,18:00,06:30
S102437,E1056,ST-03,2026-07-20,09:30,19:15
S102528,E1058,ST-04,2026-07-20,08:15,18:00
S102532,E1058,ST-03,2026-07-20,08:30,12:30
S102627,E1060,ST-02,2026-07-20,07:15,16:45
S102678,E1061,ST-01,2026-07-20,08:00,17:30
S102772,E1063,ST-05,2026-07-20,08:00,18:30
S102945,E1067,ST-06,2026-07-20,07:00,16:15
S102992,E1068,ST-01,2026-07-20,08:00,16:45
S103116,E1071,ST-02,2026-07-20,08:30,17:30
S103204,E1073,ST-01,2026-07-20,07:00,17:00
S103207,E1073,ST-03,2026-07-20,09:00,13:00
S103254,E1074,ST-05,2026-07-20,08:30,18:00
S103305,E1075,ST-06,2026-07-20,06:00,14:00
S103355,E1076,ST-03,2026-07-20,06:00,14:30
S103401,E1077,ST-04,2026-07-20,20:15,
S103483,E1079,ST-05,2026-07-20,08:30,18:00
S103565,E1081,ST-04,2026-07-20,20:15,09:15
S103639,E1083,ST-05,2026-07-20,19:00,07:15
S103679,E1084,ST-03,2026-07-20,08:00,
S103727,E1085,ST-04,2026-07-20,06:30,15:30
S103776,E1086,ST-03,2026-07-20,20:00,
S103869,E1088,ST-05,2026-07-20,06:00,14:30
S103921,E1089,ST-02,2026-07-20,06:30,15:30
S103982,E1091,ST-06,2026-07-20,08:00,17:30
S104029,E1092,ST-04,2026-07-20,08:30,19:15
S104075,E1093,ST-02,2026-07-20,08:00,17:15
S104165,E1095,ST-03,2026-07-20,07:00,15:15
S104216,E1096,ST-02,2026-07-20,07:00,16:00
S104276,E1097,ST-02,2026-07-20,08:00,18:15
S104425,E1101,ST-06,2026-07-20,08:00,19:30
S104506,E1103,ST-06,2026-07-20,08:30,19:00
S104551,E1104,ST-02,2026-07-20,08:30,17:45
S104602,E1105,ST-04,2026-07-20,06:30,15:30
S104692,E1107,ST-04,2026-07-20,07:15,16:00
S104743,E1108,ST-06,2026-07-20,07:00,16:30
S104833,E1110,ST-06,2026-07-20,06:30,15:00
S104879,E1111,ST-05,2026-07-20,06:15,16:00
S104920,E1112,ST-05,2026-07-20,09:00,21:45
S105012,E1114,ST-01,2026-07-20,07:00,16:45
S105060,E1115,ST-06,2026-07-20,06:15,15:15
S105101,E1116,ST-02,2026-07-20,08:00,20:15
S105144,E1117,ST-03,2026-07-20,09:30,19:45
S105293,E1120,ST-01,2026-07-20,08:00,17:45
S105337,E1121,ST-03,2026-07-20,20:15,07:30
S105390,E1122,ST-03,2026-07-20,09:00,18:15
S105445,E1123,ST-01,2026-07-20,08:00,18:45
S105493,E1124,ST-04,2026-07-20,06:00,14:45
S105648,E1128,ST-04,2026-07-20,09:30,22:00
S105739,E1130,ST-02,2026-07-20,09:30,18:45
S105787,E1131,ST-01,2026-07-20,08:00,18:00
S105878,E1133,ST-01,2026-07-20,07:00,16:30
S106022,E1136,ST-03,2026-07-20,07:30,16:45
S106111,E1138,ST-01,2026-07-20,20:15,08:45
S106150,E1139,ST-03,2026-07-20,20:15,07:30
S106232,E1141,ST-01,2026-07-20,08:00,19:45
S106271,E1142,ST-03,2026-07-20,06:30,18:45
S106351,E1144,ST-06,2026-07-20,06:00,15:00
S106423,E1146,ST-04,2026-07-20,18:15,06:30
S106458,E1147,ST-01,2026-07-20,06:30,18:45
S106496,E1148,ST-01,2026-07-20,09:00,18:15
S106536,E1149,ST-05,2026-07-20,09:15,22:15
S106715,E1153,ST-02,2026-07-20,06:30,15:45
S106853,E1156,ST-04,2026-07-20,09:15,18:15
S106941,E1158,ST-04,2026-07-20,06:00,16:15
S107161,E1163,ST-01,2026-07-20,08:15,17:30
S107211,E1164,ST-04,2026-07-20,06:00,15:30
S107440,E1169,ST-05,2026-07-20,08:30,17:15
S107533,E1171,ST-02,2026-07-20,06:00,16:00
S107626,E1173,ST-05,2026-07-20,06:15,14:45
S107676,E1174,ST-01,2026-07-20,09:00,17:00
S107720,E1175,ST-03,2026-07-20,06:15,17:45
S107857,E1178,ST-02,2026-07-20,08:00,12:00
S108015,E1182,ST-05,2026-07-20,19:15,07:00
S108056,E1183,ST-06,2026-07-20,20:15,08:15
S108151,E1185,ST-04,2026-07-20,09:30,19:30
S108235,E1187,ST-04,2026-07-20,06:30,16:45
S108324,E1189,ST-03,2026-07-20,08:00,16:30
S108368,E1190,ST-05,2026-07-20,09:00,21:00
S108417,E1191,ST-01,2026-07-20,06:00,14:15
S108510,E1193,ST-03,2026-07-20,06:00,15:00
S108513,E1194,ST-01,2026-07-20,08:30,16:45
S108565,E1195,ST-04,2026-07-20,08:00,18:00
S108608,E1196,ST-04,2026-07-20,19:00,06:45
S108707,E1198,ST-04,2026-07-20,06:00,16:00
S108760,E1199,ST-05,2026-07-20,06:00,15:15
S108813,E1200,ST-05,2026-07-20,07:00,11:00
S108889,E1202,ST-06,2026-07-20,18:00,06:00
S108933,E1203,ST-03,2026-07-20,09:00,17:45
S108981,E1204,ST-02,2026-07-20,08:00,17:30
S109032,E1205,ST-02,2026-07-20,06:00,15:30
S109080,E1206,ST-03,2026-07-20,07:30,16:15
S109125,E1207,ST-02,2026-07-20,08:00,17:30
S109173,E1208,ST-01,2026-07-20,09:00,18:45
S109222,E1209,ST-05,2026-07-20,08:00,18:15
S109386,E1213,ST-03,2026-07-20,06:15,15:15
S100081,E1002,ST-02,2026-07-21,06:00,15:30
S100176,E1004,ST-03,2026-07-21,18:00,05:00
S100225,E1005,ST-05,2026-07-21,06:00,14:30
S100269,E1006,ST-04,2026-07-21,09:00,21:15
S100341,E1008,ST-03,2026-07-21,06:30,18:45
S100559,E1013,ST-04,2026-07-21,06:00,18:45
S100637,E1015,ST-05,2026-07-21,06:00,15:30
S100689,E1016,ST-04,2026-07-21,07:15,16:30
S100808,E1019,ST-05,2026-07-21,06:00,14:45
S100888,E1021,ST-04,2026-07-21,08:15,20:15
S101022,E1024,ST-01,2026-07-21,07:00,16:15
S101158,E1027,ST-06,2026-07-21,08:15,17:45
S101254,E1029,ST-04,2026-07-21,06:30,16:45
S101302,E1030,ST-03,2026-07-21,08:15,16:00
S101347,E1031,ST-05,2026-07-21,06:00,
S101398,E1032,ST-01,2026-07-21,08:30,17:30
S101451,E1033,ST-01,2026-07-21,08:00,16:30
S101495,E1034,ST-02,2026-07-21,09:00,18:15
S101669,E1039,ST-04,2026-07-21,07:00,15:45
S101765,E1041,ST-03,2026-07-21,06:00,16:15
S101807,E1042,ST-03,2026-07-21,08:30,20:45
S101900,E1044,ST-02,2026-07-21,18:00,05:15
S101953,E1045,ST-02,2026-07-21,08:00,12:00
S102042,E1047,ST-06,2026-07-21,08:00,17:15
S102138,E1049,ST-01,2026-07-21,06:00,15:45
S102176,E1050,ST-01,2026-07-21,08:00,20:00
S102270,E1052,ST-01,2026-07-21,06:00,15:45
S102306,E1053,ST-01,2026-07-21,18:00,06:15
S102348,E1054,ST-03,2026-07-21,08:00,16:45
S102438,E1056,ST-03,2026-07-21,08:00,16:00
S102484,E1057,ST-01,2026-07-21,06:00,16:30
S102529,E1058,ST-04,2026-07-21,08:00,16:30
S102533,E1058,ST-03,2026-07-21,08:00,12:00
S102581,E1059,ST-05,2026-07-21,09:00,17:15
S102725,E1062,ST-05,2026-07-21,08:15,18:30
S102773,E1063,ST-05,2026-07-21,06:00,14:30
S102817,E1064,ST-04,2026-07-21,06:00,15:30
S102858,E1065,ST-03,2026-07-21,19:00,07:15
S102993,E1068,ST-01,2026-07-21,08:00,17:15
S103159,E1072,ST-06,2026-07-21,06:15,16:00
S103255,E1074,ST-05,2026-07-21,08:15,17:45
S103306,E1075,ST-06,2026-07-21,07:15,16:15
S103356,E1076,ST-03,2026-07-21,08:00,16:15
S103402,E1077,ST-04,2026-07-21,18:15,06:15
S103439,E1078,ST-03,2026-07-21,18:30,06:45
S103529,E1080,ST-04,2026-07-21,06:00,15:00
S103566,E1081,ST-04,2026-07-21,20:30,07:45
S103603,E1082,ST-04,2026-07-21,06:00,17:30
S103728,E1085,ST-04,2026-07-21,08:30,17:15
S103777,E1086,ST-03,2026-07-21,19:00,07:00
S103820,E1087,ST-02,2026-07-21,07:00,18:15
S103870,E1088,ST-05,2026-07-21,09:00,18:45
S103979,E1090,ST-05,2026-07-21,06:00,15:15
S103983,E1091,ST-06,2026-07-21,08:00,17:30
S104076,E1093,ST-02,2026-07-21,08:30,17:45
S104116,E1094,ST-04,2026-07-21,18:15,
S104217,E1096,ST-02,2026-07-21,07:30,17:15
S104277,E1097,ST-02,2026-07-21,07:15,18:15
S104330,E1099,ST-02,2026-07-21,18:30,
S104426,E1101,ST-06,2026-07-21,06:15,18:15
S104463,E1102,ST-04,2026-07-21,07:00,16:15
S104507,E1103,ST-06,2026-07-21,08:15,18:45
S104649,E1106,ST-03,2026-07-21,07:00,19:15
S104693,E1107,ST-04,2026-07-21,07:00,16:15
S104791,E1109,ST-05,2026-07-21,07:00,16:30
S104834,E1110,ST-06,2026-07-21,06:30,14:45
S104965,E1113,ST-02,2026-07-21,06:00,16:15
S105102,E1116,ST-02,2026-07-21,08:00,20:45
S105145,E1117,ST-03,2026-07-21,09:00,18:30
S105186,E1118,ST-03,2026-07-21,06:00,15:15
S105233,E1119,ST-02,2026-07-21,06:00,14:45
S105294,E1120,ST-01,2026-07-21,08:00,17:30
S105338,E1121,ST-03,2026-07-21,20:15,07:30
S105391,E1122,ST-03,2026-07-21,09:30,17:30
S105446,E1123,ST-01,2026-07-21,07:00,16:15
S105543,E1125,ST-05,2026-07-21,08:00,16:30
S105602,E1127,ST-04,2026-07-21,08:00,17:00
S105740,E1130,ST-02,2026-07-21,06:15,16:00
S105788,E1131,ST-01,2026-07-21,08:15,18:00
S105831,E1132,ST-02,2026-07-21,20:00,07:30
S105835,E1132,ST-05,2026-07-21,18:15,22:15
S105879,E1133,ST-01,2026-07-21,08:30,18:45
S105923,E1134,ST-04,2026-07-21,08:00,17:30
S105976,E1135,ST-05,2026-07-21,07:15,16:15
S106023,E1136,ST-03,2026-07-21,08:00,17:00
S106067,E1137,ST-05,2026-07-21,08:15,16:45
S106070,E1137,ST-06,2026-07-21,06:30,10:30
S106112,E1138,ST-01,2026-07-21,19:00,06:30
S106191,E1140,ST-04,2026-07-21,06:00,14:30
S106272,E1142,ST-03,2026-07-21,07:15,19:00
S106352,E1144,ST-06,2026-07-21,08:00,17:00
S106388,E1145,ST-03,2026-07-21,19:00,07:00
S106459,E1147,ST-01,2026-07-21,08:00,20:30
S106497,E1148,ST-01,2026-07-21,09:00,17:30
S106539,E1149,ST-01,2026-07-21,08:00,12:00
S106625,E1151,ST-04,2026-07-21,08:00,16:30
S106667,E1152,ST-06,2026-07-21,08:15,21:00
S106764,E1154,ST-04,2026-07-21,06:00,14:45
S107023,E1160,ST-01,2026-07-21,09:15,19:00
S107066,E1161,ST-05,2026-07-21,07:00,18:30
S107212,E1164,ST-04,2026-07-21,07:00,
S107259,E1165,ST-05,2026-07-21,07:30,17:45
S107308,E1166,ST-06,2026-07-21,08:15,18:30
S107393,E1168,ST-04,2026-07-21,08:30,18:30
S107441,E1169,ST-05,2026-07-21,07:00,16:30
S107487,E1170,ST-05,2026-07-21,06:00,17:00
S107579,E1172,ST-04,2026-07-21,06:15,16:45
S107583,E1172,ST-05,2026-07-21,08:30,12:30
S107627,E1173,ST-05,2026-07-21,09:00,18:45
S107677,E1174,ST-01,2026-07-21,08:00,17:00
S107761,E1176,ST-06,2026-07-21,20:30,08:15
S107804,E1177,ST-02,2026-07-21,08:00,18:00
S107853,E1178,ST-03,2026-07-21,08:00,17:15
S107896,E1179,ST-05,2026-07-21,07:30,19:30
S107941,E1180,ST-06,2026-07-21,08:00,17:00
S108016,E1182,ST-05,2026-07-21,18:15,
S108057,E1183,ST-06,2026-07-21,20:00,09:00
S108101,E1184,ST-06,2026-07-21,20:00,07:15
S108152,E1185,ST-04,2026-07-21,08:00,17:45
S108236,E1187,ST-04,2026-07-21,08:15,16:30
S108278,E1188,ST-02,2026-07-21,07:30,20:15
S108325,E1189,ST-03,2026-07-21,07:00,16:30
S108369,E1190,ST-05,2026-07-21,08:15,
S108418,E1191,ST-01,2026-07-21,07:00,14:00
S108458,E1192,ST-05,2026-07-21,07:30,19:15
S108566,E1195,ST-04,2026-07-21,06:15,16:00
S108651,E1197,ST-02,2026-07-21,08:00,17:00
S108708,E1198,ST-04,2026-07-21,09:15,18:30
S108761,E1199,ST-05,2026-07-21,09:00,17:45
S108808,E1200,ST-04,2026-07-21,06:15,16:45
S108814,E1200,ST-05,2026-07-21,08:00,12:00
S108851,E1201,ST-06,2026-07-21,07:00,
S108890,E1202,ST-06,2026-07-21,18:00,06:00
S108934,E1203,ST-03,2026-07-21,07:00,14:30
S108982,E1204,ST-02,2026-07-21,07:15,16:45
S109081,E1206,ST-03,2026-07-21,09:00,18:15
S109223,E1209,ST-05,2026-07-21,08:00,16:30
S109268,E1210,ST-03,2026-07-21,08:00,17:00
S109305,E1211,ST-01,2026-07-21,09:15,21:15
S109342,E1212,ST-06,2026-07-21,18:00,06:00
S100029,E1001,ST-01,2026-07-22,08:30,17:15
S100082,E1002,ST-02,2026-07-22,06:00,15:45
S100133,E1003,ST-03,2026-07-22,06:00,
S100177,E1004,ST-03,2026-07-22,18:15,06:15
S100270,E1006,ST-04,2026-07-22,06:00,18:30
S100379,E1009,ST-02,2026-07-22,09:00,21:45
S100429,E1010,ST-01,2026-07-22,07:00,17:00
S100476,E1011,ST-01,2026-07-22,06:00,14:45
S100560,E1013,ST-04,2026-07-22,08:00,19:45
S100638,E1015,ST-05,2026-07-22,08:00,18:30
S100809,E1019,ST-05,2026-07-22,08:00,16:15
S100850,E1020,ST-03,2026-07-22,06:00,15:45
S100853,E1020,ST-06,2026-07-22,08:15,12:15
S100932,E1022,ST-06,2026-07-22,08:00,17:00
S101070,E1025,ST-02,2026-07-22,09:00,19:15
S101113,E1026,ST-04,2026-07-22,08:00,12:00
S101203,E1028,ST-01,2026-07-22,07:00,17:30
S101255,E1029,ST-04,2026-07-22,08:15,18:30
S101303,E1030,ST-03,2026-07-22,07:00,15:30
S101348,E1031,ST-05,2026-07-22,07:30,18:00
S101399,E1032,ST-01,2026-07-22,08:00,17:15
S101496,E1034,ST-02,2026-07-22,06:00,15:45
S101620,E1038,ST-06,2026-07-22,08:15,20:45
S101670,E1039,ST-04,2026-07-22,06:30,13:30
S101721,E1040,ST-03,2026-07-22,08:00,18:00
S101766,E1041,ST-03,2026-07-22,06:30,15:15
S101855,E1043,ST-03,2026-07-22,06:15,14:45
S101901,E1044,ST-02,2026-07-22,18:00,05:45
S101948,E1045,ST-05,2026-07-22,07:00,16:45
S101954,E1045,ST-02,2026-07-22,06:00,10:00
S102043,E1047,ST-06,2026-07-22,06:30,17:45
S102177,E1050,ST-01,2026-07-22,06:15,18:30
S102349,E1054,ST-03,2026-07-22,06:15,15:00
S102391,E1055,ST-06,2026-07-22,18:00,05:30
S102439,E1056,ST-03,2026-07-22,09:00,18:45
S102485,E1057,ST-01,2026-07-22,07:30,17:00
S102530,E1058,ST-04,2026-07-22,06:15,16:00
S102582,E1059,ST-05,2026-07-22,06:15,14:30
S102628,E1060,ST-02,2026-07-22,08:30,18:30
S102679,E1061,ST-01,2026-07-22,07:00,16:45
S102726,E1062,ST-05,2026-07-22,09:00,18:30
S102774,E1063,ST-05,2026-07-22,06:00,16:00
S102818,E1064,ST-04,2026-07-22,08:00,17:00
S102859,E1065,ST-03,2026-07-22,20:15,08:15
S102946,E1067,ST-06,2026-07-22,06:00,16:00
S103071,E1070,ST-05,2026-07-22,18:15,06:45
S103117,E1071,ST-02,2026-07-22,08:00,17:45
S103205,E1073,ST-01,2026-07-22,07:00,16:30
S103208,E1073,ST-03,2026-07-22,08:00,12:00
S103307,E1075,ST-06,2026-07-22,07:30,16:15
S103484,E1079,ST-05,2026-07-22,06:15,16:15
S103604,E1082,ST-04,2026-07-22,09:00,21:45
S103821,E1087,ST-02,2026-07-22,06:00,17:30
S103871,E1088,ST-05,2026-07-22,08:00,17:00
S103984,E1091,ST-06,2026-07-22,06:00,15:00
S104030,E1092,ST-04,2026-07-22,06:00,17:45
S104166,E1095,ST-03,2026-07-22,06:30,15:30
S104218,E1096,ST-02,2026-07-22,09:15,18:30
S104278,E1097,ST-02,2026-07-22,06:00,15:45
S104280,E1098,ST-03,2026-07-22,06:30,16:15
S104331,E1099,ST-02,2026-07-22,18:00,
S104380,E1100,ST-06,2026-07-22,08:00,16:45
S104464,E1102,ST-04,2026-07-22,07:00,15:30
S104508,E1103,ST-06,2026-07-22,07:00,17:00
S104603,E1105,ST-04,2026-07-22,06:30,15:30
S104650,E1106,ST-03,2026-07-22,09:00,21:00
S104744,E1108,ST-06,2026-07-22,06:00,15:00
S104792,E1109,ST-05,2026-07-22,08:15,17:00
S104835,E1110,ST-06,2026-07-22,06:00,14:45
S104880,E1111,ST-05,2026-07-22,06:15,16:00
S104966,E1113,ST-02,2026-07-22,06:00,14:45
S105013,E1114,ST-01,2026-07-22,06:15,15:15
S105103,E1116,ST-02,2026-07-22,06:15,18:15
S105187,E1118,ST-03,2026-07-22,08:30,18:15
S105234,E1119,ST-02,2026-07-22,08:30,17:30
S105295,E1120,ST-01,2026-07-22,09:00,18:00
S105339,E1121,ST-03,2026-07-22,20:15,08:45
S105392,E1122,ST-03,2026-07-22,09:15,17:30
S105447,E1123,ST-01,2026-07-22,06:15,15:30
S105494,E1124,ST-04,2026-07-22,09:00,18:30
S105649,E1128,ST-04,2026-07-22,09:30,22:00
S105689,E1129,ST-04,2026-07-22,08:30,18:00
S105832,E1132,ST-02,2026-07-22,18:00,05:45
S105836,E1132,ST-05,2026-07-22,19:00,23:00
S105977,E1135,ST-05,2026-07-22,07:00,16:45
S106068,E1137,ST-05,2026-07-22,07:00,15:45
S106071,E1137,ST-06,2026-07-22,06:30,10:30
S106113,E1138,ST-01,2026-07-22,19:00,06:15
S106151,E1139,ST-03,2026-07-22,19:00,07:30
S106233,E1141,ST-01,2026-07-22,06:00,17:30
S106273,E1142,ST-03,2026-07-22,09:00,22:30
S106309,E1143,ST-02,2026-07-22,08:00,17:00
S106353,E1144,ST-06,2026-07-22,06:00,13:45
S106424,E1146,ST-04,2026-07-22,19:00,06:15
S106498,E1148,ST-01,2026-07-22,06:15,15:00
S106537,E1149,ST-05,2026-07-22,07:30,19:45
S106540,E1149,ST-01,2026-07-22,08:00,12:00
S106575,E1150,ST-06,2026-07-22,18:00,06:30
S106668,E1152,ST-06,2026-07-22,07:30,
S106716,E1153,ST-02,2026-07-22,06:00,15:00
S106765,E1154,ST-04,2026-07-22,09:00,17:15
S106809,E1155,ST-03,2026-07-22,09:00,21:30
S106854,E1156,ST-04,2026-07-22,06:00,14:30
S106899,E1157,ST-05,2026-07-22,08:00,20:15
S106984,E1159,ST-06,2026-07-22,20:00,07:30
S107067,E1161,ST-05,2026-07-22,07:30,19:15
S107110,E1162,ST-03,2026-07-22,06:00,16:00
S107162,E1163,ST-01,2026-07-22,08:00,16:30
S107349,E1167,ST-02,2026-07-22,09:00,20:45
S107442,E1169,ST-05,2026-07-22,09:30,18:15
S107534,E1171,ST-02,2026-07-22,06:00,16:30
S107580,E1172,ST-04,2026-07-22,08:15,18:30
S107678,E1174,ST-01,2026-07-22,08:30,17:45
S107762,E1176,ST-06,2026-07-22,20:30,07:45
S107805,E1177,ST-02,2026-07-22,06:15,16:00
S107854,E1178,ST-03,2026-07-22,08:00,18:30
S107858,E1178,ST-02,2026-07-22,08:00,12:00
S107897,E1179,ST-05,2026-07-22,08:30,21:30
S107980,E1181,ST-04,2026-07-22,18:00,05:45
S108102,E1184,ST-06,2026-07-22,18:30,06:30
S108189,E1186,ST-05,2026-07-22,07:00,18:00
S108279,E1188,ST-02,2026-07-22,06:30,18:00
S108370,E1190,ST-05,2026-07-22,08:00,20:00
S108419,E1191,ST-01,2026-07-22,08:00,17:45
S108459,E1192,ST-05,2026-07-22,08:00,20:30
S108609,E1196,ST-04,2026-07-22,20:15,09:00
S108709,E1198,ST-04,2026-07-22,06:00,15:45
S108809,E1200,ST-04,2026-07-22,08:30,17:45
S108935,E1203,ST-03,2026-07-22,06:15,15:30
S108983,E1204,ST-02,2026-07-22,06:15,15:30
S109033,E1205,ST-02,2026-07-22,09:00,18:45
S109126,E1207,ST-02,2026-07-22,08:00,17:45
S109174,E1208,ST-01,2026-07-22,09:15,17:45
S109306,E1211,ST-01,2026-07-22,06:30,18:45
S109343,E1212,ST-06,2026-07-22,18:15,05:15
S100030,E1001,ST-01,2026-07-23,06:15,15:00
S100178,E1004,ST-03,2026-07-23,18:00,04:15
S100226,E1005,ST-05,2026-07-23,08:15,16:30
S100307,E1007,ST-06,2026-07-23,08:30,20:00
S100380,E1009,ST-02,2026-07-23,06:00,
S100430,E1010,ST-01,2026-07-23,09:30,18:15
S100518,E1012,ST-04,2026-07-23,08:00,19:00
S100690,E1016,ST-04,2026-07-23,06:30,15:30
S100810,E1019,ST-05,2026-07-23,08:30,17:45
S100851,E1020,ST-03,2026-07-23,06:00,14:30
S100854,E1020,ST-06,2026-07-23,07:00,11:00
S100889,E1021,ST-04,2026-07-23,09:00,20:00
S100933,E1022,ST-06,2026-07-23,08:15,17:15
S100977,E1023,ST-01,2026-07-23,07:00,16:00
S101071,E1025,ST-02,2026-07-23,06:00,15:15
S101109,E1026,ST-05,2026-07-23,07:00,19:30
S101159,E1027,ST-06,2026-07-23,07:00,16:30
S101204,E1028,ST-01,2026-07-23,07:00,16:45
S101256,E1029,ST-04,2026-07-23,09:00,18:30
S101304,E1030,ST-03,2026-07-23,08:30,17:45
S101497,E1034,ST-02,2026-07-23,08:15,18:15
S101548,E1035,ST-01,2026-07-23,07:30,19:30
S101591,E1037,ST-03,2026-07-23,20:30,08:00
S101621,E1038,ST-06,2026-07-23,08:30,19:45
S101722,E1040,ST-03,2026-07-23,07:00,16:30
S101767,E1041,ST-03,2026-07-23,07:30,18:45
S101808,E1042,ST-03,2026-07-23,08:30,19:30
S101856,E1043,ST-03,2026-07-23,08:00,17:00
S101902,E1044,ST-02,2026-07-23,20:00,08:15
S101949,E1045,ST-05,2026-07-23,07:00,14:45
S102000,E1046,ST-03,2026-07-23,08:00,17:30
S102044,E1047,ST-06,2026-07-23,08:00,17:30
S102088,E1048,ST-01,2026-07-23,08:00,18:00
S102139,E1049,ST-01,2026-07-23,08:30,18:00
S102224,E1051,ST-04,2026-07-23,08:15,12:15
S102307,E1053,ST-01,2026-07-23,19:00,07:00
S102350,E1054,ST-03,2026-07-23,07:15,16:15
S102392,E1055,ST-06,2026-07-23,19:15,06:45
S102486,E1057,ST-01,2026-07-23,06:00,15:30
S102583,E1059,ST-05,2026-07-23,07:00,16:00
S102629,E1060,ST-02,2026-07-23,08:00,16:45
S102680,E1061,ST-01,2026-07-23,08:15,17:15
S102775,E1063,ST-05,2026-07-23,09:00,18:15
S102860,E1065,ST-03,2026-07-23,18:00,07:30
S102897,E1066,ST-05,2026-07-23,08:00,17:00
S102994,E1068,ST-01,2026-07-23,07:00,16:15
S103033,E1069,ST-05,2026-07-23,08:15,21:15
S103072,E1070,ST-05,2026-07-23,19:00,08:00
S103256,E1074,ST-05,2026-07-23,07:00,16:00
S103308,E1075,ST-06,2026-07-23,06:00,14:45
S103403,E1077,ST-04,2026-07-23,20:30,08:30
S103605,E1082,ST-04,2026-07-23,07:15,20:15
S103640,E1083,ST-05,2026-07-23,19:00,06:00
S103680,E1084,ST-03,2026-07-23,09:00,21:45
S103729,E1085,ST-04,2026-07-23,06:00,14:30
S103778,E1086,ST-03,2026-07-23,20:00,07:15
S103872,E1088,ST-05,2026-07-23,08:00,17:30
S103922,E1089,ST-02,2026-07-23,08:15,17:15
S103980,E1090,ST-05,2026-07-23,09:15,17:30
S104117,E1094,ST-04,2026-07-23,18:15,06:45
S104167,E1095,ST-03,2026-07-23,06:00,16:15
S104219,E1096,ST-02,2026-07-23,06:00,15:15
S104281,E1098,ST-03,2026-07-23,09:00,18:45
S104332,E1099,ST-02,2026-07-23,20:00,08:15
S104381,E1100,ST-06,2026-07-23,06:15,15:15
S104552,E1104,ST-02,2026-07-23,07:00,16:00
S104604,E1105,ST-04,2026-07-23,06:00,15:45
S104745,E1108,ST-06,2026-07-23,06:00,14:00
S104793,E1109,ST-05,2026-07-23,09:00,18:15
S104881,E1111,ST-05,2026-07-23,09:30,17:30
S104921,E1112,ST-05,2026-07-23,08:30,20:00
S104967,E1113,ST-02,2026-07-23,08:15,17:15
S105061,E1115,ST-06,2026-07-23,07:15,16:00
S105146,E1117,ST-03,2026-07-23,09:00,19:15
S105188,E1118,ST-03,2026-07-23,08:15,18:15
S105237,E1119,ST-04,2026-07-23,08:30,12:30
S105393,E1122,ST-03,2026-07-23,06:30,16:00
S105448,E1123,ST-01,2026-07-23,06:00,15:00
S105495,E1124,ST-04,2026-07-23,06:00,15:45
S105544,E1125,ST-05,2026-07-23,06:00,14:00
S105650,E1128,ST-04,2026-07-23,08:00,
S105690,E1129,ST-04,2026-07-23,08:00,18:00
S105741,E1130,ST-02,2026-07-23,07:15,17:30
S105789,E1131,ST-01,2026-07-23,08:00,17:30
S105924,E1134,ST-04,2026-07-23,08:00,17:15
S106024,E1136,ST-03,2026-07-23,08:00,17:30
S106114,E1138,ST-01,2026-07-23,19:15,06:15
S106234,E1141,ST-01,2026-07-23,08:30,22:00
S106389,E1145,ST-03,2026-07-23,19:00,06:30
S106538,E1149,ST-05,2026-07-23,08:30,22:00
S106576,E1150,ST-06,2026-07-23,18:30,07:15
S106626,E1151,ST-04,2026-07-23,06:15,15:15
S106669,E1152,ST-06,2026-07-23,06:15,17:45
S106855,E1156,ST-04,2026-07-23,06:00,14:45
S106942,E1158,ST-04,2026-07-23,07:30,17:45
S106985,E1159,ST-06,2026-07-23,18:15,06:30
S107024,E1160,ST-01,2026-07-23,08:00,18:45
S107070,E1161,ST-06,2026-07-23,07:30,11:30
S107111,E1162,ST-03,2026-07-23,08:00,17:30
S107163,E1163,ST-01,2026-07-23,06:00,14:45
S107213,E1164,ST-04,2026-07-23,08:15,17:15
S107260,E1165,ST-05,2026-07-23,07:00,17:00
S107309,E1166,ST-06,2026-07-23,06:00,16:45
S107350,E1167,ST-02,2026-07-23,06:00,17:45
S107488,E1170,ST-05,2026-07-23,06:00,15:15
S107535,E1171,ST-02,2026-07-23,08:15,18:45
S107581,E1172,ST-04,2026-07-23,08:00,17:00
S107679,E1174,ST-01,2026-07-23,06:00,14:45
S107721,E1175,ST-03,2026-07-23,08:30,20:45
S107763,E1176,ST-06,2026-07-23,19:00,08:00
S107898,E1179,ST-05,2026-07-23,09:15,21:30
S107942,E1180,ST-06,2026-07-23,08:00,16:45
S108058,E1183,ST-06,2026-07-23,19:00,06:45
S108103,E1184,ST-06,2026-07-23,19:00,06:30
S108153,E1185,ST-04,2026-07-23,08:00,17:30
S108190,E1186,ST-05,2026-07-23,08:30,19:30
S108280,E1188,ST-02,2026-07-23,06:00,18:00
S108326,E1189,ST-03,2026-07-23,09:30,17:30
S108420,E1191,ST-01,2026-07-23,06:00,15:15
S108460,E1192,ST-05,2026-07-23,08:00,20:00
S108511,E1193,ST-03,2026-07-23,08:00,16:45
S108514,E1194,ST-01,2026-07-23,08:15,17:00
S108567,E1195,ST-04,2026-07-23,07:00,16:15
S108652,E1197,ST-02,2026-07-23,09:00,18:15
S108710,E1198,ST-04,2026-07-23,06:00,15:30
S108762,E1199,ST-05,2026-07-23,08:15,16:45
S108852,E1201,ST-06,2026-07-23,08:30,
S108891,E1202,ST-06,2026-07-23,18:30,06:30
S109034,E1205,ST-02,2026-07-23,08:00,18:00
S109082,E1206,ST-03,2026-07-23,07:00,15:45
S109127,E1207,ST-02,2026-07-23,08:15,18:00
S109175,E1208,ST-01,2026-07-23,09:00,18:15
S109224,E1209,ST-05,2026-07-23,08:00,17:00
S109307,E1211,ST-01,2026-07-23,08:30,22:00
S100031,E1001,ST-01,2026-07-24,06:00,14:45
S100083,E1002,ST-02,2026-07-24,08:30,18:15
S100134,E1003,ST-03,2026-07-24,06:15,14:15
S100308,E1007,ST-06,2026-07-24,06:00,19:30
S100342,E1008,ST-03,2026-07-24,06:15,18:00
S100381,E1009,ST-02,2026-07-24,08:15,19:15
S100431,E1010,ST-01,2026-07-24,06:15,15:30
S100519,E1012,ST-04,2026-07-24,07:00,16:45
S100691,E1016,ST-04,2026-07-24,09:00,22:30
S100766,E1018,ST-01,2026-07-24,09:00,19:15
S100811,E1019,ST-05,2026-07-24,09:00,17:30
S100852,E1020,ST-03,2026-07-24,09:30,20:15
S101023,E1024,ST-01,2026-07-24,06:00,15:15
S101072,E1025,ST-02,2026-07-24,09:30,20:30
S101110,E1026,ST-05,2026-07-24,06:15,18:30
S101160,E1027,ST-06,2026-07-24,08:00,
S101349,E1031,ST-05,2026-07-24,06:00,14:45
S101400,E1032,ST-01,2026-07-24,06:00,15:30
S101452,E1033,ST-01,2026-07-24,06:00,16:00
S101498,E1034,ST-02,2026-07-24,06:00,11:45
S101552,E1036,ST-03,2026-07-24,06:00,18:30
S101592,E1037,ST-03,2026-07-24,20:15,09:45
S101622,E1038,ST-06,2026-07-24,09:00,15:15
S101671,E1039,ST-04,2026-07-24,08:30,16:45
S101723,E1040,ST-03,2026-07-24,06:00,15:15
S101768,E1041,ST-03,2026-07-24,07:15,17:30
S101809,E1042,ST-03,2026-07-24,08:00,19:45
S101857,E1043,ST-03,2026-07-24,08:00,17:15
S101950,E1045,ST-05,2026-07-24,08:00,15:45
S102001,E1046,ST-03,2026-07-24,09:00,17:15
S102089,E1048,ST-01,2026-07-24,08:00,18:00
S102140,E1049,ST-01,2026-07-24,06:00,15:30
S102178,E1050,ST-01,2026-07-24,06:30,20:00
S102221,E1051,ST-06,2026-07-24,06:00,15:00
S102225,E1051,ST-04,2026-07-24,08:30,12:30
S102271,E1052,ST-01,2026-07-24,09:00,17:45
S102308,E1053,ST-01,2026-07-24,18:00,06:15
S102351,E1054,ST-03,2026-07-24,06:00,15:45
S102440,E1056,ST-03,2026-07-24,07:00,15:45
S102584,E1059,ST-05,2026-07-24,07:00,14:45
S102630,E1060,ST-02,2026-07-24,08:00,17:45
S102681,E1061,ST-01,2026-07-24,08:00,18:00
S102727,E1062,ST-05,2026-07-24,09:30,18:45
S102776,E1063,ST-05,2026-07-24,06:30,16:30
S102819,E1064,ST-04,2026-07-24,08:15,18:30
S102898,E1066,ST-05,2026-07-24,08:00,17:30
S102947,E1067,ST-06,2026-07-24,08:00,17:45
S102995,E1068,ST-01,2026-07-24,06:15,16:30
S103034,E1069,ST-05,2026-07-24,08:00,20:30
S103160,E1072,ST-06,2026-07-24,08:00,18:45
S103257,E1074,ST-05,2026-07-24,06:00,14:45
S103357,E1076,ST-03,2026-07-24,06:15,15:00
S103404,E1077,ST-04,2026-07-24,20:30,09:30
S103440,E1078,ST-03,2026-07-24,18:15,05:30
S103530,E1080,ST-04,2026-07-24,06:15,16:00
S103567,E1081,ST-04,2026-07-24,20:00,08:00
S103606,E1082,ST-04,2026-07-24,09:15,18:30
S103641,E1083,ST-05,2026-07-24,19:00,06:30
S103681,E1084,ST-03,2026-07-24,09:00,21:00
S103730,E1085,ST-04,2026-07-24,07:15,16:15
S103779,E1086,ST-03,2026-07-24,19:15,08:15
S103923,E1089,ST-02,2026-07-24,07:30,15:30
S103981,E1090,ST-05,2026-07-24,07:00,19:45
S103985,E1091,ST-06,2026-07-24,08:15,13:30
S104077,E1093,ST-02,2026-07-24,09:00,18:30
S104118,E1094,ST-04,2026-07-24,20:00,08:30
S104220,E1096,ST-02,2026-07-24,08:00,16:45
S104279,E1097,ST-02,2026-07-24,09:00,15:00
S104382,E1100,ST-06,2026-07-24,08:00,17:45
S104427,E1101,ST-06,2026-07-24,06:00,19:30
S104465,E1102,ST-04,2026-07-24,06:00,15:30
S104553,E1104,ST-02,2026-07-24,06:30,16:45
S104605,E1105,ST-04,2026-07-24,09:30,19:30
S104651,E1106,ST-03,2026-07-24,06:00,17:45
S104694,E1107,ST-04,2026-07-24,06:00,14:30
S104746,E1108,ST-06,2026-07-24,08:15,16:30
S104882,E1111,ST-05,2026-07-24,09:30,19:45
S105014,E1114,ST-01,2026-07-24,06:30,15:45
S105147,E1117,ST-03,2026-07-24,08:15,19:00
S105189,E1118,ST-03,2026-07-24,07:30,21:00
S105296,E1120,ST-01,2026-07-24,08:00,18:45
S105394,E1122,ST-03,2026-07-24,06:15,14:45
S105599,E1126,ST-06,2026-07-24,08:00,17:45
S105651,E1128,ST-04,2026-07-24,06:00,17:45
S105880,E1133,ST-01,2026-07-24,09:00,18:00
S105925,E1134,ST-04,2026-07-24,09:00,18:30
S105978,E1135,ST-05,2026-07-24,07:00,17:00
S106152,E1139,ST-03,2026-07-24,18:00,03:30
S106192,E1140,ST-04,2026-07-24,06:30,15:30
S106310,E1143,ST-02,2026-07-24,06:00,15:30
S106627,E1151,ST-04,2026-07-24,08:00,17:30
S106717,E1153,ST-02,2026-07-24,08:30,17:15
S106766,E1154,ST-04,2026-07-24,08:30,17:00
S106900,E1157,ST-05,2026-07-24,07:00,18:30
S106943,E1158,ST-04,2026-07-24,09:30,19:15
S106986,E1159,ST-06,2026-07-24,20:00,09:30
S107071,E1161,ST-06,2026-07-24,07:00,11:00
S107112,E1162,ST-03,2026-07-24,06:30,16:15
S107164,E1163,ST-01,2026-07-24,08:00,17:45
S107214,E1164,ST-04,2026-07-24,08:00,17:30
S107261,E1165,ST-05,2026-07-24,09:00,18:15
S107310,E1166,ST-06,2026-07-24,08:15,17:45
S107351,E1167,ST-02,2026-07-24,09:00,21:45
S107394,E1168,ST-04,2026-07-24,06:00,15:45
S107536,E1171,ST-02,2026-07-24,06:30,16:00
S107584,E1172,ST-05,2026-07-24,06:00,10:00
S107628,E1173,ST-05,2026-07-24,07:30,16:45
S107722,E1175,ST-03,2026-07-24,09:00,21:45
S107764,E1176,ST-06,2026-07-24,18:30,02:45
S107806,E1177,ST-02,2026-07-24,07:00,16:00
S107943,E1180,ST-06,2026-07-24,06:00,14:30
S107981,E1181,ST-04,2026-07-24,18:00,06:00
S108017,E1182,ST-05,2026-07-24,18:00,06:15
S108059,E1183,ST-06,2026-07-24,20:15,09:00
S108104,E1184,ST-06,2026-07-24,18:15,06:00
S108327,E1189,ST-03,2026-07-24,08:00,17:00
S108371,E1190,ST-05,2026-07-24,07:15,
S108461,E1192,ST-05,2026-07-24,08:30,17:15
S108653,E1197,ST-02,2026-07-24,07:00,15:00
S108763,E1199,ST-05,2026-07-24,07:00,15:30
S108810,E1200,ST-04,2026-07-24,06:15,14:30
S108853,E1201,ST-06,2026-07-24,09:00,21:45
S108892,E1202,ST-06,2026-07-24,18:30,08:00
S109128,E1207,ST-02,2026-07-24,08:30,17:45
S109176,E1208,ST-01,2026-07-24,06:15,15:15
S109225,E1209,ST-05,2026-07-24,06:30,16:45
S109269,E1210,ST-03,2026-07-24,07:15,16:15
S109344,E1212,ST-06,2026-07-24,18:00,07:00
S109387,E1213,ST-03,2026-07-24,09:15,17:30
S100032,E1001,ST-01,2026-07-25,06:00,19:30
S100084,E1002,ST-02,2026-07-25,07:30,14:30
S100135,E1003,ST-03,2026-07-25,06:00,14:15
S100227,E1005,ST-05,2026-07-25,06:15,15:00
S100382,E1009,ST-02,2026-07-25,09:00,21:15
S100432,E1010,ST-01,2026-07-25,08:00,17:00
S100477,E1011,ST-01,2026-07-25,06:30,16:00
S100520,E1012,ST-04,2026-07-25,07:30,17:45
S100561,E1013,ST-04,2026-07-25,06:30,15:30
S100596,E1014,ST-03,2026-07-25,06:00,18:00
S100639,E1015,ST-05,2026-07-25,06:00,16:15
S100727,E1017,ST-05,2026-07-25,08:00,19:45
S100767,E1018,ST-01,2026-07-25,06:00,15:45
S100812,E1019,ST-05,2026-07-25,08:30,22:00
S100978,E1023,ST-01,2026-07-25,09:00,17:30
S101024,E1024,ST-01,2026-07-25,06:00,19:00
S101205,E1028,ST-01,2026-07-25,06:00,15:15
S101305,E1030,ST-03,2026-07-25,07:30,
S101350,E1031,ST-05,2026-07-25,06:30,12:15
S101401,E1032,ST-01,2026-07-25,08:30,16:45
S101453,E1033,ST-01,2026-07-25,07:00,16:00
S101549,E1035,ST-01,2026-07-25,06:00,17:30
S101672,E1039,ST-04,2026-07-25,07:00,16:15
S101724,E1040,ST-03,2026-07-25,08:00,14:30
S101858,E1043,ST-03,2026-07-25,08:15,15:45
S101903,E1044,ST-02,2026-07-25,18:30,07:15
S101951,E1045,ST-05,2026-07-25,07:15,15:00
S102090,E1048,ST-01,2026-07-25,08:00,16:45
S102222,E1051,ST-06,2026-07-25,08:00,18:00
S102272,E1052,ST-01,2026-07-25,09:15,20:15
S102393,E1055,ST-06,2026-07-25,20:00,02:30
S102487,E1057,ST-01,2026-07-25,06:00,15:15
S102531,E1058,ST-04,2026-07-25,09:30,18:45
S102585,E1059,ST-05,2026-07-25,08:30,19:00
S102682,E1061,ST-01,2026-07-25,06:15,16:30
S102728,E1062,ST-05,2026-07-25,09:15,18:45
S102820,E1064,ST-04,2026-07-25,07:00,16:15
S102899,E1066,ST-05,2026-07-25,06:15,14:45
S102996,E1068,ST-01,2026-07-25,07:15,13:00
S103035,E1069,ST-05,2026-07-25,09:15,20:15
S103073,E1070,ST-05,2026-07-25,20:15,08:30
S103118,E1071,ST-02,2026-07-25,06:15,16:15
S103161,E1072,ST-06,2026-07-25,09:15,19:15
S103206,E1073,ST-01,2026-07-25,07:00,19:00
S103209,E1073,ST-03,2026-07-25,07:15,10:45
S103309,E1075,ST-06,2026-07-25,09:15,18:30
S103358,E1076,ST-03,2026-07-25,08:00,16:30
S103441,E1078,ST-03,2026-07-25,19:00,07:15
S103485,E1079,ST-05,2026-07-25,08:00,18:00
S103531,E1080,ST-04,2026-07-25,08:30,17:15
S103642,E1083,ST-05,2026-07-25,19:00,03:45
S103731,E1085,ST-04,2026-07-25,08:00,15:15
S103780,E1086,ST-03,2026-07-25,18:00,07:30
S103822,E1087,ST-02,2026-07-25,08:00,19:15
S103873,E1088,ST-05,2026-07-25,06:00,15:00
S103924,E1089,ST-02,2026-07-25,08:15,16:15
S104031,E1092,ST-04,2026-07-25,06:00,15:45
S104078,E1093,ST-02,2026-07-25,06:00,18:00
S104119,E1094,ST-04,2026-07-25,18:30,06:45
S104221,E1096,ST-02,2026-07-25,08:00,13:15
S104333,E1099,ST-02,2026-07-25,18:15,
S104383,E1100,ST-06,2026-07-25,06:00,15:30
S104466,E1102,ST-04,2026-07-25,06:00,17:30
S104554,E1104,ST-02,2026-07-25,06:00,16:00
S104606,E1105,ST-04,2026-07-25,08:00,16:00
S104652,E1106,ST-03,2026-07-25,08:00,16:30
S104695,E1107,ST-04,2026-07-25,06:30,14:15
S104747,E1108,ST-06,2026-07-25,06:00,15:15
S104794,E1109,ST-05,2026-07-25,06:00,18:30
S104883,E1111,ST-05,2026-07-25,08:00,14:15
S104922,E1112,ST-05,2026-07-25,07:00,20:30
S104968,E1113,ST-02,2026-07-25,08:15,17:45
S105015,E1114,ST-01,2026-07-25,06:00,15:45
S105062,E1115,ST-06,2026-07-25,09:15,17:45
S105104,E1116,ST-02,2026-07-25,06:00,16:45
S105235,E1119,ST-02,2026-07-25,08:00,17:15
S105238,E1119,ST-04,2026-07-25,07:30,11:30
S105340,E1121,ST-03,2026-07-25,18:15,07:30
S105395,E1122,ST-03,2026-07-25,07:30,16:15
S105496,E1124,ST-04,2026-07-25,06:30,
S105545,E1125,ST-05,2026-07-25,06:30,15:45
S105600,E1126,ST-06,2026-07-25,09:15,
S105603,E1127,ST-04,2026-07-25,08:15,17:30
S105652,E1128,ST-04,2026-07-25,08:00,16:30
S105691,E1129,ST-04,2026-07-25,06:00,14:45
S105833,E1132,ST-02,2026-07-25,20:00,08:30
S105881,E1133,ST-01,2026-07-25,06:30,14:45
S105926,E1134,ST-04,2026-07-25,08:30,17:45
S105979,E1135,ST-05,2026-07-25,09:00,19:00
S106025,E1136,ST-03,2026-07-25,07:00,16:00
S106115,E1138,ST-01,2026-07-25,18:00,03:00
S106193,E1140,ST-04,2026-07-25,09:00,16:00
S106311,E1143,ST-02,2026-07-25,08:30,17:30
S106499,E1148,ST-01,2026-07-25,07:00,15:30
S106577,E1150,ST-06,2026-07-25,18:00,07:30
S106628,E1151,ST-04,2026-07-25,07:15,16:15
S106670,E1152,ST-06,2026-07-25,09:00,18:00
S106718,E1153,ST-02,2026-07-25,06:00,14:15
S106767,E1154,ST-04,2026-07-25,06:00,14:45
S106810,E1155,ST-03,2026-07-25,08:00,20:45
S106856,E1156,ST-04,2026-07-25,07:15,15:15
S106901,E1157,ST-05,2026-07-25,09:15,21:15
S107025,E1160,ST-01,2026-07-25,06:00,15:30
S107068,E1161,ST-05,2026-07-25,06:30,18:45
S107165,E1163,ST-01,2026-07-25,06:00,13:30
S107215,E1164,ST-04,2026-07-25,07:00,12:30
S107262,E1165,ST-05,2026-07-25,08:00,18:00
S107311,E1166,ST-06,2026-07-25,06:30,17:00
S107395,E1168,ST-04,2026-07-25,07:00,17:15
S107443,E1169,ST-05,2026-07-25,06:15,19:30
S107489,E1170,ST-05,2026-07-25,08:00,18:30
S107537,E1171,ST-02,2026-07-25,09:00,14:30
S107582,E1172,ST-04,2026-07-25,08:00,12:00
S107629,E1173,ST-05,2026-07-25,08:00,18:30
S107723,E1175,ST-03,2026-07-25,06:30,20:00
S107855,E1178,ST-03,2026-07-25,09:30,18:15
S108154,E1185,ST-04,2026-07-25,06:30,16:15
S108191,E1186,ST-05,2026-07-25,07:00,20:30
S108237,E1187,ST-04,2026-07-25,08:00,17:00
S108281,E1188,ST-02,2026-07-25,08:00,14:45
S108512,E1193,ST-03,2026-07-25,08:30,15:45
S108515,E1194,ST-01,2026-07-25,08:00,16:15
S108568,E1195,ST-04,2026-07-25,07:15,17:30
S108610,E1196,ST-04,2026-07-25,18:15,07:45
S108654,E1197,ST-02,2026-07-25,07:30,17:00
S108711,E1198,ST-04,2026-07-25,08:00,18:00
S108811,E1200,ST-04,2026-07-25,08:00,16:15
S108936,E1203,ST-03,2026-07-25,08:00,20:45
S109035,E1205,ST-02,2026-07-25,06:30,15:45
S109083,E1206,ST-03,2026-07-25,09:15,17:45
S109177,E1208,ST-01,2026-07-25,09:15,17:45
S109270,E1210,ST-03,2026-07-25,06:30,16:15
S109345,E1212,ST-06,2026-07-25,18:30,05:45
S109388,E1213,ST-03,2026-07-25,08:00,18:45
S100085,E1002,ST-02,2026-07-26,07:00,11:00
S100136,E1003,ST-03,2026-07-26,08:00,16:45
S100228,E1005,ST-05,2026-07-26,07:15,16:00
S100271,E1006,ST-04,2026-07-26,09:15,22:45
S100343,E1008,ST-03,2026-07-26,08:00,21:30
S100383,E1009,ST-02,2026-07-26,06:00,12:30
S100433,E1010,ST-01,2026-07-26,08:00,14:15
S100478,E1011,ST-01,2026-07-26,06:00,14:00
S100521,E1012,ST-04,2026-07-26,07:00,14:45
S100597,E1014,ST-03,2026-07-26,06:15,19:45
S100640,E1015,ST-05,2026-07-26,06:00,18:15
S100728,E1017,ST-05,2026-07-26,08:00,21:30
S100768,E1018,ST-01,2026-07-26,08:00,20:15
S100890,E1021,ST-04,2026-07-26,09:00,22:00
S100934,E1022,ST-06,2026-07-26,08:00,19:30
S100979,E1023,ST-01,2026-07-26,09:15,22:30
S101073,E1025,ST-02,2026-07-26,08:30,15:30
S101111,E1026,ST-05,2026-07-26,06:15,16:45
S101161,E1027,ST-06,2026-07-26,06:30,14:00
S101206,E1028,ST-01,2026-07-26,07:00,16:45
S101257,E1029,ST-04,2026-07-26,07:00,15:15
S101402,E1032,ST-01,2026-07-26,08:30,17:15
S101454,E1033,ST-01,2026-07-26,07:15,20:30
S101550,E1035,ST-01,2026-07-26,08:00,12:00
S101553,E1036,ST-03,2026-07-26,08:00,15:00
S101673,E1039,ST-04,2026-07-26,07:00,20:30
S101769,E1041,ST-03,2026-07-26,06:00,19:30
S101810,E1042,ST-03,2026-07-26,08:30,16:00
S101904,E1044,ST-02,2026-07-26,19:00,01:45
S101952,E1045,ST-05,2026-07-26,06:00,16:45
S102002,E1046,ST-03,2026-07-26,07:00,20:30
S102045,E1047,ST-06,2026-07-26,08:00,14:15
S102091,E1048,ST-01,2026-07-26,07:15,16:00
S102141,E1049,ST-01,2026-07-26,08:00,14:15
S102223,E1051,ST-06,2026-07-26,06:15,11:45
S102273,E1052,ST-01,2026-07-26,06:15,15:00
S102309,E1053,ST-01,2026-07-26,19:00,07:00
S102352,E1054,ST-03,2026-07-26,06:15,13:45
S102441,E1056,ST-03,2026-07-26,08:00,20:30
S102631,E1060,ST-02,2026-07-26,06:00,19:00
S102683,E1061,ST-01,2026-07-26,07:00,17:15
S102777,E1063,ST-05,2026-07-26,07:15,14:30
S102900,E1066,ST-05,2026-07-26,06:30,20:00
S102948,E1067,ST-06,2026-07-26,06:00,19:00
S103036,E1069,ST-05,2026-07-26,07:00,20:30
S103074,E1070,ST-05,2026-07-26,20:30,10:00
S103119,E1071,ST-02,2026-07-26,07:00,20:15
S103162,E1072,ST-06,2026-07-26,06:30,12:15
S103258,E1074,ST-05,2026-07-26,07:30,13:00
S103359,E1076,ST-03,2026-07-26,06:15,14:45
S103442,E1078,ST-03,2026-07-26,19:00,02:30
S103486,E1079,ST-05,2026-07-26,07:00,20:30
S103532,E1080,ST-04,2026-07-26,09:30,19:15
S103682,E1084,ST-03,2026-07-26,09:00,19:45
S103823,E1087,ST-02,2026-07-26,09:00,22:30
S103874,E1088,ST-05,2026-07-26,06:00,10:45
S103925,E1089,ST-02,2026-07-26,06:15,15:15
S104032,E1092,ST-04,2026-07-26,08:00,13:00
S104120,E1094,ST-04,2026-07-26,18:00,01:45
S104168,E1095,ST-03,2026-07-26,06:00,14:00
S104282,E1098,ST-03,2026-07-26,06:15,16:45
S104334,E1099,ST-02,2026-07-26,18:15,01:00
S104384,E1100,ST-06,2026-07-26,07:15,14:00
S104509,E1103,ST-06,2026-07-26,06:30,15:30
S104555,E1104,ST-02,2026-07-26,08:15,15:30
S104607,E1105,ST-04,2026-07-26,06:00,11:15
S104696,E1107,ST-04,2026-07-26,07:00,14:15
S104748,E1108,ST-06,2026-07-26,09:00,21:30
S104836,E1110,ST-06,2026-07-26,08:00,18:45
S104969,E1113,ST-02,2026-07-26,06:00,10:30
S105016,E1114,ST-01,2026-07-26,06:00,14:00
S105063,E1115,ST-06,2026-07-26,09:30,20:45
S105148,E1117,ST-03,2026-07-26,06:30,10:45
S105236,E1119,ST-02,2026-07-26,07:00,16:00
S105239,E1119,ST-04,2026-07-26,06:00,09:30
S105396,E1122,ST-03,2026-07-26,07:15,16:00
S105449,E1123,ST-01,2026-07-26,09:00,
S105546,E1125,ST-05,2026-07-26,08:00,19:00
S105601,E1126,ST-06,2026-07-26,08:00,17:30
S105604,E1127,ST-04,2026-07-26,06:15,15:15
S105692,E1129,ST-04,2026-07-26,06:00,14:30
S105742,E1130,ST-02,2026-07-26,09:00,22:00
S105790,E1131,ST-01,2026-07-26,08:00,21:30
S105834,E1132,ST-02,2026-07-26,18:30,08:00
S105882,E1133,ST-01,2026-07-26,08:00,14:15
S105980,E1135,ST-05,2026-07-26,06:00,10:30
S106026,E1136,ST-03,2026-07-26,08:00,15:00
S106069,E1137,ST-05,2026-07-26,07:30,19:45
S106194,E1140,ST-04,2026-07-26,08:00,
S106312,E1143,ST-02,2026-07-26,07:00,12:00
S106354,E1144,ST-06,2026-07-26,06:30,20:00
S106390,E1145,ST-03,2026-07-26,20:30,10:00
S106425,E1146,ST-04,2026-07-26,20:15,09:45
S106460,E1147,ST-01,2026-07-26,07:00,20:30
S106500,E1148,ST-01,2026-07-26,09:30,18:30
S106629,E1151,ST-04,2026-07-26,08:00,18:45
S106719,E1153,ST-02,2026-07-26,08:00,17:00
S106768,E1154,ST-04,2026-07-26,08:00,14:15
S106811,E1155,ST-03,2026-07-26,08:00,21:30
S106857,E1156,ST-04,2026-07-26,07:00,20:30
S106902,E1157,ST-05,2026-07-26,08:30,18:15
S106944,E1158,ST-04,2026-07-26,08:00,18:15
S107026,E1160,ST-01,2026-07-26,09:00,17:15
S107069,E1161,ST-05,2026-07-26,09:30,23:00
S107113,E1162,ST-03,2026-07-26,07:30,19:30
S107263,E1165,ST-05,2026-07-26,06:30,12:45
S107312,E1166,ST-06,2026-07-26,08:00,16:45
S107352,E1167,ST-02,2026-07-26,06:00,14:30
S107396,E1168,ST-04,2026-07-26,07:15,19:15
S107490,E1170,ST-05,2026-07-26,08:15,17:30
S107630,E1173,ST-05,2026-07-26,06:00,15:30
S107680,E1174,ST-01,2026-07-26,08:15,20:30
S107807,E1177,ST-02,2026-07-26,08:30,17:00
S107856,E1178,ST-03,2026-07-26,08:30,17:30
S107899,E1179,ST-05,2026-07-26,09:00,15:00
S107944,E1180,ST-06,2026-07-26,06:15,19:45
S107982,E1181,ST-04,2026-07-26,18:00,07:15
S108018,E1182,ST-05,2026-07-26,18:30,02:00
S108105,E1184,ST-06,2026-07-26,19:00,08:30
S108155,E1185,ST-04,2026-07-26,09:15,14:45
S108238,E1187,ST-04,2026-07-26,07:00,19:45
S108328,E1189,ST-03,2026-07-26,09:15,22:45
S108421,E1191,ST-01,2026-07-26,07:00,15:00
S108516,E1194,ST-01,2026-07-26,06:00,12:45
S108569,E1195,ST-04,2026-07-26,09:00,13:30
S108655,E1197,ST-02,2026-07-26,07:00,15:30
S108764,E1199,ST-05,2026-07-26,08:30,19:00
S108812,E1200,ST-04,2026-07-26,06:15,18:30
S108854,E1201,ST-06,2026-07-26,09:15,16:15
S108984,E1204,ST-02,2026-07-26,06:15,18:15
S109036,E1205,ST-02,2026-07-26,07:00,16:45
S109084,E1206,ST-03,2026-07-26,08:15,17:30
S109129,E1207,ST-02,2026-07-26,08:15,14:00
S109178,E1208,ST-01,2026-07-26,06:00,16:15
S109226,E1209,ST-05,2026-07-26,06:15,14:30
S109271,E1210,ST-03,2026-07-26,09:15,22:45
S109346,E1212,ST-06,2026-07-26,19:15,02:30
S109389,E1213,ST-03,2026-07-26,07:30,13:30
S100033,E1001,ST-01,2026-07-27,06:00,15:15
S100086,E1002,ST-02,2026-07-27,08:00,17:15
S100229,E1005,ST-05,2026-07-27,09:15,18:30
S100309,E1007,ST-06,2026-07-27,07:00,19:15
S100344,E1008,ST-03,2026-07-27,09:15,20:45
S100384,E1009,ST-02,2026-07-27,08:00,20:30
S100598,E1014,ST-03,2026-07-27,08:00,20:30
S100641,E1015,ST-05,2026-07-27,08:00,17:45
S100692,E1016,ST-04,2026-07-27,09:15,19:30
S100769,E1018,ST-01,2026-07-27,09:15,19:45
S100855,E1020,ST-03,2026-07-27,08:15,17:30
S100935,E1022,ST-06,2026-07-27,07:00,15:45
S100980,E1023,ST-01,2026-07-27,07:15,15:30
S101162,E1027,ST-06,2026-07-27,07:00,16:15
S101258,E1029,ST-04,2026-07-27,08:00,18:15
S101351,E1031,ST-05,2026-07-27,06:00,15:45
S101403,E1032,ST-01,2026-07-27,06:00,14:30
S101455,E1033,ST-01,2026-07-27,06:00,16:00
S101499,E1034,ST-02,2026-07-27,07:15,16:30
S101725,E1040,ST-03,2026-07-27,06:15,15:15
S101811,E1042,ST-03,2026-07-27,06:00,18:15
S101905,E1044,ST-02,2026-07-27,19:15,07:15
S101955,E1045,ST-05,2026-07-27,09:00,17:45
S102003,E1046,ST-03,2026-07-27,06:15,14:30
S102046,E1047,ST-06,2026-07-27,06:00,16:30
S102092,E1048,ST-01,2026-07-27,09:00,18:00
S102274,E1052,ST-01,2026-07-27,06:00,15:45
S102310,E1053,ST-01,2026-07-27,18:30,05:45
S102442,E1056,ST-03,2026-07-27,07:15,17:00
S102586,E1059,ST-05,2026-07-27,08:15,17:00
S102632,E1060,ST-02,2026-07-27,07:00,16:30
S102688,E1061,ST-02,2026-07-27,06:00,10:00
S102901,E1066,ST-05,2026-07-27,09:00,18:30
S102949,E1067,ST-06,2026-07-27,08:15,18:45
S102997,E1068,ST-01,2026-07-27,08:30,16:30
S103075,E1070,ST-05,2026-07-27,18:15,06:15
S103120,E1071,ST-02,2026-07-27,06:15,16:15
S103163,E1072,ST-06,2026-07-27,06:00,16:15
S103210,E1073,ST-01,2026-07-27,07:30,17:45
S103310,E1075,ST-06,2026-07-27,08:30,16:45
S103360,E1076,ST-03,2026-07-27,06:00,15:45
S103405,E1077,ST-04,2026-07-27,19:15,07:45
S103443,E1078,ST-03,2026-07-27,18:30,06:30
S103533,E1080,ST-04,2026-07-27,07:15,16:30
S103568,E1081,ST-04,2026-07-27,19:30,08:00
S103683,E1084,ST-03,2026-07-27,06:00,17:45
S103732,E1085,ST-04,2026-07-27,06:00,15:00
S103875,E1088,ST-05,2026-07-27,08:30,17:45
S103926,E1089,ST-02,2026-07-27,08:00,18:00
S104033,E1092,ST-04,2026-07-27,06:15,16:00
S104121,E1094,ST-04,2026-07-27,18:00,06:00
S104169,E1095,ST-03,2026-07-27,08:30,17:15
S104222,E1096,ST-02,2026-07-27,07:30,16:15
S104286,E1098,ST-03,2026-07-27,08:00,18:30
S104385,E1100,ST-06,2026-07-27,07:00,17:30
S104467,E1102,ST-04,2026-07-27,07:00,16:15
S104556,E1104,ST-02,2026-07-27,09:00,19:15
S104608,E1105,ST-04,2026-07-27,06:15,16:00
S104697,E1107,ST-04,2026-07-27,06:30,15:00
S104749,E1108,ST-06,2026-07-27,09:00,18:00
S104884,E1111,ST-05,2026-07-27,09:00,17:30
S104970,E1113,ST-02,2026-07-27,07:00,15:00
S105105,E1116,ST-02,2026-07-27,06:00,17:45
S105190,E1118,ST-03,2026-07-27,06:30,16:30
S105240,E1119,ST-02,2026-07-27,08:30,16:30
S105297,E1120,ST-01,2026-07-27,08:00,16:00
S105341,E1121,ST-03,2026-07-27,18:00,05:00
S105450,E1123,ST-01,2026-07-27,08:00,18:15
S105608,E1127,ST-04,2026-07-27,06:00,15:30
S105693,E1129,ST-04,2026-07-27,06:15,15:30
S105743,E1130,ST-02,2026-07-27,08:30,18:30
S105883,E1133,ST-01,2026-07-27,08:00,17:30
S105927,E1134,ST-04,2026-07-27,07:00,14:45
S105931,E1134,ST-01,2026-07-27,07:00,11:00
S105981,E1135,ST-05,2026-07-27,08:00,17:15
S106027,E1136,ST-03,2026-07-27,08:00,18:45
S106116,E1138,ST-01,2026-07-27,20:00,08:15
S106153,E1139,ST-03,2026-07-27,18:15,06:15
S106195,E1140,ST-04,2026-07-27,07:00,15:45
S106235,E1141,ST-01,2026-07-27,07:30,18:15
S106313,E1143,ST-02,2026-07-27,07:30,17:00
S106355,E1144,ST-06,2026-07-27,06:00,15:00
S106461,E1147,ST-01,2026-07-27,06:00,18:15
S106501,E1148,ST-01,2026-07-27,08:30,18:00
S106541,E1149,ST-05,2026-07-27,06:30,18:45
S106578,E1150,ST-06,2026-07-27,18:00,06:00
S106630,E1151,ST-04,2026-07-27,06:00,15:00
S106769,E1154,ST-04,2026-07-27,09:30,18:15
S106945,E1158,ST-04,2026-07-27,09:00,18:30
S107027,E1160,ST-01,2026-07-27,06:30,16:15
S107114,E1162,ST-03,2026-07-27,06:15,16:30
S107216,E1164,ST-04,2026-07-27,08:30,17:15
S107264,E1165,ST-05,2026-07-27,09:00,18:30
S107313,E1166,ST-06,2026-07-27,08:00,19:00
S107353,E1167,ST-02,2026-07-27,06:30,18:45
S107444,E1169,ST-05,2026-07-27,09:00,18:30
S107538,E1171,ST-02,2026-07-27,08:00,18:15
S107585,E1172,ST-04,2026-07-27,06:15,15:00
S107681,E1174,ST-01,2026-07-27,08:00,17:00
S107724,E1175,ST-03,2026-07-27,08:00,20:30
S107765,E1176,ST-06,2026-07-27,18:15,06:00
S107808,E1177,ST-02,2026-07-27,08:00,18:30
S107859,E1178,ST-03,2026-07-27,08:00,17:30
S107900,E1179,ST-05,2026-07-27,08:30,21:15
S107945,E1180,ST-06,2026-07-27,06:00,15:00
S108019,E1182,ST-05,2026-07-27,20:15,08:15
S108192,E1186,ST-05,2026-07-27,06:30,19:15
S108282,E1188,ST-02,2026-07-27,06:30,18:15
S108329,E1189,ST-03,2026-07-27,07:15,15:45
S108372,E1190,ST-05,2026-07-27,06:00,18:00
S108422,E1191,ST-01,2026-07-27,08:00,16:45
S108517,E1193,ST-03,2026-07-27,09:00,19:15
S108520,E1194,ST-01,2026-07-27,08:30,17:30
S108570,E1195,ST-04,2026-07-27,08:30,17:00
S108611,E1196,ST-04,2026-07-27,19:00,06:45
S108656,E1197,ST-02,2026-07-27,06:30,13:45
S108815,E1200,ST-04,2026-07-27,09:00,17:15
S108855,E1201,ST-06,2026-07-27,09:30,21:45
S108893,E1202,ST-06,2026-07-27,19:00,07:15
S108937,E1203,ST-03,2026-07-27,08:30,17:45
S108985,E1204,ST-02,2026-07-27,08:00,17:00
S109037,E1205,ST-02,2026-07-27,08:15,16:30
S109085,E1206,ST-03,2026-07-27,06:15,14:00
S109179,E1208,ST-01,2026-07-27,06:15,15:15
S109227,E1209,ST-05,2026-07-27,08:00,16:45
S109347,E1212,ST-06,2026-07-27,18:30,06:15
S100034,E1001,ST-01,2026-07-28,06:15,15:15
S100087,E1002,ST-02,2026-07-28,08:00,16:30
S100137,E1003,ST-03,2026-07-28,06:00,14:15
S100179,E1004,ST-03,2026-07-28,20:15,08:45
S100272,E1006,ST-04,2026-07-28,07:00,19:45
S100522,E1012,ST-04,2026-07-28,08:00,18:00
S100562,E1013,ST-04,2026-07-28,08:00,19:45
S100599,E1014,ST-03,2026-07-28,06:15,18:30
S100729,E1017,ST-05,2026-07-28,07:15,19:00
S100770,E1018,ST-01,2026-07-28,07:00,16:15
S100813,E1019,ST-05,2026-07-28,09:00,18:00
S100891,E1021,ST-04,2026-07-28,07:15,
S100936,E1022,ST-06,2026-07-28,07:00,16:30
S100981,E1023,ST-01,2026-07-28,08:00,17:00
S101025,E1024,ST-01,2026-07-28,07:00,16:30
S101114,E1026,ST-05,2026-07-28,07:00,20:00
S101163,E1027,ST-06,2026-07-28,07:00,15:00
S101207,E1028,ST-01,2026-07-28,06:00,15:15
S101259,E1029,ST-04,2026-07-28,09:15,17:45
S101306,E1030,ST-03,2026-07-28,08:00,16:30
S101355,E1031,ST-04,2026-07-28,08:00,12:00
S101557,E1036,ST-03,2026-07-28,06:15,18:15
S101674,E1039,ST-04,2026-07-28,06:15,14:15
S101726,E1040,ST-03,2026-07-28,07:15,17:15
S101859,E1043,ST-03,2026-07-28,06:30,16:15
S101906,E1044,ST-02,2026-07-28,18:00,05:15
S101956,E1045,ST-05,2026-07-28,08:00,18:00
S102047,E1047,ST-06,2026-07-28,06:30,15:45
S102093,E1048,ST-01,2026-07-28,06:00,15:30
S102142,E1049,ST-01,2026-07-28,06:00,16:30
S102179,E1050,ST-01,2026-07-28,06:30,18:15
S102226,E1051,ST-06,2026-07-28,06:00,15:30
S102353,E1054,ST-03,2026-07-28,08:00,16:45
S102443,E1056,ST-03,2026-07-28,08:00,17:30
S102534,E1058,ST-04,2026-07-28,06:30,16:30
S102587,E1059,ST-05,2026-07-28,08:00,17:00
S102633,E1060,ST-02,2026-07-28,06:15,15:15
S102689,E1061,ST-02,2026-07-28,08:15,12:15
S102729,E1062,ST-05,2026-07-28,08:30,19:00
S102778,E1063,ST-05,2026-07-28,06:00,16:00
S102821,E1064,ST-04,2026-07-28,07:00,15:45
S102902,E1066,ST-05,2026-07-28,07:30,16:30
S102998,E1068,ST-01,2026-07-28,06:15,16:30
S103121,E1071,ST-02,2026-07-28,09:15,18:30
S103164,E1072,ST-06,2026-07-28,06:15,16:00
S103259,E1074,ST-05,2026-07-28,09:00,17:15
S103361,E1076,ST-03,2026-07-28,08:00,17:00
S103406,E1077,ST-04,2026-07-28,18:00,07:00
S103487,E1079,ST-05,2026-07-28,08:00,19:00
S103607,E1082,ST-04,2026-07-28,09:00,20:45
S103643,E1083,ST-05,2026-07-28,19:00,06:00
S103733,E1085,ST-04,2026-07-28,09:15,18:30
S103736,E1085,ST-01,2026-07-28,08:00,12:00
S103781,E1086,ST-03,2026-07-28,18:00,07:00
S103876,E1088,ST-05,2026-07-28,08:15,17:15
S103989,E1091,ST-06,2026-07-28,09:30,18:00
S104079,E1093,ST-02,2026-07-28,09:00,18:15
S104122,E1094,ST-04,2026-07-28,18:00,
S104170,E1095,ST-03,2026-07-28,06:00,15:15
S104223,E1096,ST-02,2026-07-28,08:15,17:00
S104283,E1097,ST-02,2026-07-28,06:00,15:30
S104335,E1099,ST-02,2026-07-28,18:00,04:30
S104386,E1100,ST-06,2026-07-28,07:15,16:30
S104468,E1102,ST-04,2026-07-28,08:00,17:00
S104510,E1103,ST-06,2026-07-28,09:30,20:00
S104653,E1106,ST-03,2026-07-28,09:00,21:30
S104750,E1108,ST-06,2026-07-28,08:15,17:15
S104837,E1110,ST-06,2026-07-28,09:00,17:15
S104885,E1111,ST-05,2026-07-28,09:15,19:15
S104923,E1112,ST-05,2026-07-28,08:00,18:45
S105017,E1114,ST-01,2026-07-28,08:00,16:45
S105106,E1116,ST-02,2026-07-28,06:15,18:15
S105149,E1117,ST-03,2026-07-28,08:00,17:45
S105191,E1118,ST-03,2026-07-28,06:00,17:15
S105241,E1119,ST-02,2026-07-28,07:00,15:45
S105342,E1121,ST-03,2026-07-28,18:30,05:45
S105397,E1122,ST-03,2026-07-28,06:00,14:15
S105547,E1125,ST-05,2026-07-28,06:00,14:45
S105605,E1126,ST-06,2026-07-28,07:00,16:30
S105609,E1127,ST-04,2026-07-28,08:30,18:30
S105694,E1129,ST-04,2026-07-28,06:00,15:00
S105744,E1130,ST-02,2026-07-28,09:30,18:00
S105791,E1131,ST-01,2026-07-28,08:00,17:30
S105884,E1133,ST-01,2026-07-28,08:00,17:30
S105928,E1134,ST-04,2026-07-28,06:00,15:45
S105982,E1135,ST-05,2026-07-28,06:00,15:00
S106028,E1136,ST-03,2026-07-28,08:00,18:15
S106117,E1138,ST-01,2026-07-28,18:15,06:30
S106154,E1139,ST-03,2026-07-28,18:00,06:00
S106196,E1140,ST-04,2026-07-28,06:15,16:00
S106199,E1140,ST-02,2026-07-28,06:30,10:30
S106314,E1143,ST-02,2026-07-28,06:15,15:00
S106356,E1144,ST-06,2026-07-28,08:15,17:30
S106391,E1145,ST-03,2026-07-28,20:00,08:15
S106462,E1147,ST-01,2026-07-28,09:00,20:45
S106542,E1149,ST-05,2026-07-28,09:00,21:15
S106579,E1150,ST-06,2026-07-28,18:00,06:00
S106720,E1153,ST-02,2026-07-28,09:15,19:30
S106770,E1154,ST-04,2026-07-28,09:00,18:15
S106812,E1155,ST-03,2026-07-28,07:00,19:15
S106858,E1156,ST-04,2026-07-28,07:00,14:45
S106903,E1157,ST-05,2026-07-28,08:00,20:00
S106946,E1158,ST-04,2026-07-28,07:15,15:45
S106987,E1159,ST-06,2026-07-28,18:15,07:15
S107028,E1160,ST-01,2026-07-28,07:30,16:15
S107166,E1163,ST-01,2026-07-28,08:30,17:30
S107217,E1164,ST-04,2026-07-28,08:00,16:15
S107265,E1165,ST-05,2026-07-28,06:00,15:15
S107314,E1166,ST-06,2026-07-28,09:00,20:45
S107397,E1168,ST-04,2026-07-28,08:00,18:30
S107445,E1169,ST-05,2026-07-28,07:00,16:45
S107491,E1170,ST-05,2026-07-28,08:30,19:30
S107539,E1171,ST-02,2026-07-28,08:00,18:45
S107586,E1172,ST-04,2026-07-28,06:00,16:30
S107682,E1174,ST-01,2026-07-28,06:00,14:00
S107725,E1175,ST-03,2026-07-28,09:00,20:00
S107766,E1176,ST-06,2026-07-28,19:00,07:15
S107809,E1177,ST-02,2026-07-28,06:15,15:00
S107860,E1178,ST-03,2026-07-28,07:00,17:00
S108020,E1182,ST-05,2026-07-28,20:00,08:15
S108060,E1183,ST-06,2026-07-28,19:00,06:30
S108106,E1184,ST-06,2026-07-28,18:00,06:30
S108156,E1185,ST-04,2026-07-28,06:00,14:15
S108239,E1187,ST-04,2026-07-28,08:00,17:15
S108283,E1188,ST-02,2026-07-28,08:15,19:45
S108330,E1189,ST-03,2026-07-28,06:00,15:45
S108423,E1191,ST-01,2026-07-28,06:30,15:15
S108462,E1192,ST-05,2026-07-28,08:15,21:15
S108571,E1195,ST-04,2026-07-28,06:30,15:30
S108612,E1196,ST-04,2026-07-28,20:15,08:00
S108765,E1199,ST-05,2026-07-28,08:30,17:30
S108894,E1202,ST-06,2026-07-28,18:15,06:30
S108986,E1204,ST-02,2026-07-28,08:00,17:15
S109086,E1206,ST-03,2026-07-28,09:00,18:30
S109180,E1208,ST-01,2026-07-28,06:00,15:15
S109272,E1210,ST-03,2026-07-28,07:00,
S109308,E1211,ST-01,2026-07-28,06:00,17:30
S109348,E1212,ST-06,2026-07-28,19:00,08:00
S109390,E1213,ST-03,2026-07-28,07:15,16:45
S100088,E1002,ST-02,2026-07-29,09:00,19:15
S100180,E1004,ST-03,2026-07-29,19:00,07:45
S100230,E1005,ST-05,2026-07-29,06:15,14:45
S100273,E1006,ST-04,2026-07-29,06:30,18:30
S100310,E1007,ST-06,2026-07-29,08:15,21:15
S100434,E1010,ST-01,2026-07-29,08:15,16:30
S100479,E1011,ST-01,2026-07-29,09:00,17:30
S100563,E1013,ST-04,2026-07-29,08:00,20:00
S100642,E1015,ST-05,2026-07-29,08:15,18:15
S100693,E1016,ST-04,2026-07-29,08:15,19:00
S100730,E1017,ST-05,2026-07-29,06:00,17:45
S100814,E1019,ST-05,2026-07-29,06:00,14:45
S100856,E1020,ST-03,2026-07-29,08:00,17:15
S101026,E1024,ST-01,2026-07-29,06:15,15:30
S101074,E1025,ST-02,2026-07-29,09:00,18:30
S101115,E1026,ST-05,2026-07-29,06:30,19:15
S101164,E1027,ST-06,2026-07-29,06:00,15:15
S101404,E1032,ST-01,2026-07-29,08:00,17:15
S101456,E1033,ST-01,2026-07-29,07:00,17:15
S101500,E1034,ST-02,2026-07-29,06:00,17:15
S101554,E1035,ST-01,2026-07-29,08:30,20:30
S101593,E1037,ST-03,2026-07-29,20:00,08:15
S101623,E1038,ST-06,2026-07-29,09:00,20:30
S101675,E1039,ST-04,2026-07-29,06:00,14:45
S101727,E1040,ST-03,2026-07-29,07:30,17:15
S101770,E1041,ST-03,2026-07-29,07:00,17:30
S101812,E1042,ST-03,2026-07-29,06:00,17:15
S101860,E1043,ST-03,2026-07-29,07:00,15:00
S102004,E1046,ST-03,2026-07-29,07:30,17:00
S102048,E1047,ST-06,2026-07-29,08:00,18:00
S102143,E1049,ST-01,2026-07-29,08:00,18:00
S102180,E1050,ST-01,2026-07-29,06:00,18:15
S102227,E1051,ST-06,2026-07-29,08:00,16:30
S102275,E1052,ST-01,2026-07-29,09:00,17:15
S102311,E1053,ST-01,2026-07-29,18:30,07:00
S102354,E1054,ST-03,2026-07-29,06:00,15:30
S102444,E1056,ST-03,2026-07-29,06:00,16:00
S102488,E1057,ST-01,2026-07-29,07:30,16:45
S102535,E1058,ST-04,2026-07-29,07:00,16:45
S102634,E1060,ST-02,2026-07-29,08:00,17:30
S102684,E1061,ST-01,2026-07-29,07:00,17:15
S102730,E1062,ST-05,2026-07-29,09:15,19:45
S102779,E1063,ST-05,2026-07-29,08:30,17:30
S102822,E1064,ST-04,2026-07-29,08:00,16:15
S102903,E1066,ST-05,2026-07-29,06:00,16:30
S102999,E1068,ST-01,2026-07-29,09:00,19:15
S103037,E1069,ST-05,2026-07-29,09:15,21:30
S103076,E1070,ST-05,2026-07-29,18:30,05:45
S103122,E1071,ST-02,2026-07-29,08:30,17:45
S103260,E1074,ST-05,2026-07-29,09:00,18:15
S103311,E1075,ST-06,2026-07-29,08:30,17:30
S103362,E1076,ST-03,2026-07-29,09:15,18:30
S103488,E1079,ST-05,2026-07-29,08:00,19:00
S103534,E1080,ST-04,2026-07-29,09:30,18:45
S103569,E1081,ST-04,2026-07-29,19:00,08:00
S103608,E1082,ST-04,2026-07-29,08:00,20:45
S103684,E1084,ST-03,2026-07-29,08:00,19:15
S103782,E1086,ST-03,2026-07-29,18:00,05:30
S103990,E1091,ST-06,2026-07-29,08:00,17:15
S104034,E1092,ST-04,2026-07-29,06:00,17:00
S104080,E1093,ST-02,2026-07-29,09:00,18:30
S104123,E1094,ST-04,2026-07-29,19:00,08:00
S104387,E1100,ST-06,2026-07-29,09:00,17:45
S104469,E1102,ST-04,2026-07-29,07:30,17:30
S104511,E1103,ST-06,2026-07-29,06:00,16:00
S104557,E1104,ST-02,2026-07-29,08:00,17:30
S104609,E1105,ST-04,2026-07-29,07:30,16:15
S104751,E1108,ST-06,2026-07-29,06:30,15:15
S104795,E1109,ST-05,2026-07-29,08:15,17:00
S104886,E1111,ST-05,2026-07-29,06:00,15:45
S104924,E1112,ST-05,2026-07-29,09:15,21:15
S104971,E1113,ST-02,2026-07-29,06:00,14:30
S105018,E1114,ST-01,2026-07-29,06:00,14:30
S105064,E1115,ST-06,2026-07-29,08:00,17:30
S105107,E1116,ST-02,2026-07-29,06:00,17:30
S105150,E1117,ST-03,2026-07-29,08:00,18:00
S105298,E1120,ST-01,2026-07-29,06:30,14:30
S105451,E1123,ST-01,2026-07-29,08:00,18:00
S105497,E1124,ST-04,2026-07-29,08:00,17:45
S105653,E1128,ST-04,2026-07-29,08:00,19:15
S105792,E1131,ST-01,2026-07-29,06:00,15:15
S105837,E1132,ST-02,2026-07-29,18:00,06:00
S105885,E1133,ST-01,2026-07-29,08:00,16:45
S105932,E1134,ST-01,2026-07-29,06:00,10:00
S105983,E1135,ST-05,2026-07-29,08:30,16:30
S106118,E1138,ST-01,2026-07-29,18:00,05:45
S106155,E1139,ST-03,2026-07-29,18:15,06:45
S106200,E1140,ST-02,2026-07-29,08:00,12:00
S106236,E1141,ST-01,2026-07-29,07:15,
S106274,E1142,ST-03,2026-07-29,07:00,19:15
S106357,E1144,ST-06,2026-07-29,06:00,15:15
S106392,E1145,ST-03,2026-07-29,19:00,07:30
S106426,E1146,ST-04,2026-07-29,20:30,08:30
S106631,E1151,ST-04,2026-07-29,06:00,14:30
S106671,E1152,ST-06,2026-07-29,06:00,16:45
S106721,E1153,ST-02,2026-07-29,09:00,18:30
S106771,E1154,ST-04,2026-07-29,09:00,18:00
S106813,E1155,ST-03,2026-07-29,06:15,18:15
S106859,E1156,ST-04,2026-07-29,09:30,18:30
S106988,E1159,ST-06,2026-07-29,19:30,06:45
S107115,E1162,ST-03,2026-07-29,06:00,16:00
S107167,E1163,ST-01,2026-07-29,07:00,15:30
S107218,E1164,ST-04,2026-07-29,06:30,15:45
S107266,E1165,ST-05,2026-07-29,06:00,16:00
S107315,E1166,ST-06,2026-07-29,08:15,19:30
S107492,E1170,ST-05,2026-07-29,09:00,19:15
S107540,E1171,ST-02,2026-07-29,09:00,18:45
S107631,E1173,ST-05,2026-07-29,08:00,17:15
S107810,E1177,ST-02,2026-07-29,09:15,18:30
S107861,E1178,ST-03,2026-07-29,08:00,18:15
S107983,E1181,ST-04,2026-07-29,19:00,06:45
S108061,E1183,ST-06,2026-07-29,18:00,
S108107,E1184,ST-06,2026-07-29,20:00,07:30
S108157,E1185,ST-04,2026-07-29,09:30,19:30
S108240,E1187,ST-04,2026-07-29,07:00,16:45
S108284,E1188,ST-02,2026-07-29,08:00,20:30
S108331,E1189,ST-03,2026-07-29,06:30,15:30
S108424,E1191,ST-01,2026-07-29,07:00,15:00
S108518,E1193,ST-03,2026-07-29,09:30,19:00
S108657,E1197,ST-02,2026-07-29,08:00,18:30
S108712,E1198,ST-04,2026-07-29,09:15,18:15
S108766,E1199,ST-05,2026-07-29,08:00,17:45
S108816,E1200,ST-04,2026-07-29,09:00,17:45
S108856,E1201,ST-06,2026-07-29,06:00,17:45
S108987,E1204,ST-02,2026-07-29,06:30,15:00
S109038,E1205,ST-02,2026-07-29,08:30,17:45
S109087,E1206,ST-03,2026-07-29,06:15,14:00
S109181,E1208,ST-01,2026-07-29,06:00,15:15
S109228,E1209,ST-05,2026-07-29,06:00,14:45
S109349,E1212,ST-06,2026-07-29,18:00,06:00
S109391,E1213,ST-03,2026-07-29,06:00,14:45
S100035,E1001,ST-01,2026-07-30,08:00,16:30
S100089,E1002,ST-02,2026-07-30,06:30,15:45
S100138,E1003,ST-03,2026-07-30,06:00,15:00
S100181,E1004,ST-03,2026-07-30,19:00,06:30
S100231,E1005,ST-05,2026-07-30,08:00,17:15
S100345,E1008,ST-03,2026-07-30,06:30,18:45
S100385,E1009,ST-02,2026-07-30,07:00,19:00
S100435,E1010,ST-01,2026-07-30,06:00,15:00
S100480,E1011,ST-01,2026-07-30,07:30,17:30
S100523,E1012,ST-04,2026-07-30,06:00,17:00
S100731,E1017,ST-05,2026-07-30,08:15,20:45
S100771,E1018,ST-01,2026-07-30,06:00,17:15
S100815,E1019,ST-05,2026-07-30,06:00,16:30
S100857,E1020,ST-03,2026-07-30,06:00,15:00
S100937,E1022,ST-06,2026-07-30,06:00,15:15
S101027,E1024,ST-01,2026-07-30,08:00,17:45
S101075,E1025,ST-02,2026-07-30,07:00,17:30
S101165,E1027,ST-06,2026-07-30,07:00,16:30
S101208,E1028,ST-01,2026-07-30,08:00,17:00
S101307,E1030,ST-03,2026-07-30,09:30,18:00
S101352,E1031,ST-05,2026-07-30,08:00,17:45
S101405,E1032,ST-01,2026-07-30,09:30,18:15
S101457,E1033,ST-01,2026-07-30,08:30,17:45
S101555,E1035,ST-01,2026-07-30,08:00,19:45
S101558,E1036,ST-03,2026-07-30,06:00,12:45
S101594,E1037,ST-03,2026-07-30,19:00,07:15
S101676,E1039,ST-04,2026-07-30,08:00,16:00
S101728,E1040,ST-03,2026-07-30,09:00,17:45
S101813,E1042,ST-03,2026-07-30,08:00,19:30
S101861,E1043,ST-03,2026-07-30,06:00,14:45
S101907,E1044,ST-02,2026-07-30,19:15,07:15
S101957,E1045,ST-05,2026-07-30,07:15,15:30
S102094,E1048,ST-01,2026-07-30,08:00,17:45
S102144,E1049,ST-01,2026-07-30,07:00,17:15
S102181,E1050,ST-01,2026-07-30,06:00,18:00
S102394,E1055,ST-06,2026-07-30,18:00,06:30
S102445,E1056,ST-03,2026-07-30,09:15,20:00
S102489,E1057,ST-01,2026-07-30,07:00,17:00
S102536,E1058,ST-04,2026-07-30,08:00,17:30
S102588,E1059,ST-05,2026-07-30,06:00,15:00
S102635,E1060,ST-02,2026-07-30,08:15,21:45
S102685,E1061,ST-01,2026-07-30,08:30,17:45
S102861,E1065,ST-03,2026-07-30,18:00,06:30
S102904,E1066,ST-05,2026-07-30,07:30,16:15
S102950,E1067,ST-06,2026-07-30,06:00,16:30
S103077,E1070,ST-05,2026-07-30,18:15,06:30
S103123,E1071,ST-02,2026-07-30,07:00,15:30
S103211,E1073,ST-01,2026-07-30,06:15,15:30
S103312,E1075,ST-06,2026-07-30,06:00,15:00
S103407,E1077,ST-04,2026-07-30,20:15,08:45
S103489,E1079,ST-05,2026-07-30,09:00,18:00
S103535,E1080,ST-04,2026-07-30,06:30,16:00
S103644,E1083,ST-05,2026-07-30,19:00,
S103685,E1084,ST-03,2026-07-30,08:00,20:00
S103737,E1085,ST-01,2026-07-30,08:15,12:15
S103824,E1087,ST-02,2026-07-30,08:00,20:00
S103877,E1088,ST-05,2026-07-30,06:00,
S103927,E1089,ST-02,2026-07-30,06:00,15:45
S104081,E1093,ST-02,2026-07-30,08:15,19:30
S104224,E1096,ST-02,2026-07-30,09:00,19:30
S104287,E1098,ST-03,2026-07-30,08:00,16:45
S104336,E1099,ST-02,2026-07-30,20:00,
S104388,E1100,ST-06,2026-07-30,07:15,15:45
S104512,E1103,ST-06,2026-07-30,06:15,15:45
S104558,E1104,ST-02,2026-07-30,07:15,18:30
S104610,E1105,ST-04,2026-07-30,06:00,13:30
S104654,E1106,ST-03,2026-07-30,09:30,21:30
S104698,E1107,ST-04,2026-07-30,07:00,16:45
S104796,E1109,ST-05,2026-07-30,08:00,15:30
S104838,E1110,ST-06,2026-07-30,06:30,15:15
S104887,E1111,ST-05,2026-07-30,06:15,15:15
S104925,E1112,ST-05,2026-07-30,09:00,21:15
S105019,E1114,ST-01,2026-07-30,08:15,17:00
S105108,E1116,ST-02,2026-07-30,08:00,21:30
S105242,E1119,ST-02,2026-07-30,06:00,15:15
S105299,E1120,ST-01,2026-07-30,08:30,18:15
S105398,E1122,ST-03,2026-07-30,08:00,17:45
S105452,E1123,ST-01,2026-07-30,06:00,16:00
S105498,E1124,ST-04,2026-07-30,08:00,17:00
S105548,E1125,ST-05,2026-07-30,08:30,18:00
S105654,E1128,ST-04,2026-07-30,06:00,17:45
S105695,E1129,ST-04,2026-07-30,09:30,18:30
S105745,E1130,ST-02,2026-07-30,08:30,18:45
S105838,E1132,ST-02,2026-07-30,20:15,
S106029,E1136,ST-03,2026-07-30,06:00,14:15
S106072,E1137,ST-05,2026-07-30,06:00,14:30
S106275,E1142,ST-03,2026-07-30,08:30,21:15
S106315,E1143,ST-02,2026-07-30,06:30,16:00
S106358,E1144,ST-06,2026-07-30,08:00,16:45
S106393,E1145,ST-03,2026-07-30,18:00,05:30
S106427,E1146,ST-04,2026-07-30,18:15,06:30
S106463,E1147,ST-01,2026-07-30,07:00,18:15
S106502,E1148,ST-01,2026-07-30,08:30,17:45
S106580,E1150,ST-06,2026-07-30,18:00,05:30
S106632,E1151,ST-04,2026-07-30,06:00,15:30
S106672,E1152,ST-06,2026-07-30,09:15,19:45
S106722,E1153,ST-02,2026-07-30,09:00,18:45
S106904,E1157,ST-05,2026-07-30,06:00,17:45
S106947,E1158,ST-04,2026-07-30,08:00,17:45
S107072,E1161,ST-05,2026-07-30,08:00,19:00
S107116,E1162,ST-03,2026-07-30,08:15,18:00
S107168,E1163,ST-01,2026-07-30,06:30,14:45
S107267,E1165,ST-05,2026-07-30,07:00,17:15
S107316,E1166,ST-06,2026-07-30,07:00,15:45
S107354,E1167,ST-02,2026-07-30,06:30,18:15
S107398,E1168,ST-04,2026-07-30,06:00,15:00
S107446,E1169,ST-05,2026-07-30,08:15,17:15
S107587,E1172,ST-04,2026-07-30,06:00,15:00
S107632,E1173,ST-05,2026-07-30,07:00,16:45
S107683,E1174,ST-01,2026-07-30,09:00,18:15
S107726,E1175,ST-03,2026-07-30,07:00,20:00
S107811,E1177,ST-02,2026-07-30,09:00,18:15
S107862,E1178,ST-03,2026-07-30,08:00,17:45
S107901,E1179,ST-05,2026-07-30,09:00,20:00
S107946,E1180,ST-06,2026-07-30,06:00,15:30
S107984,E1181,ST-04,2026-07-30,18:30,06:30
S108062,E1183,ST-06,2026-07-30,18:00,06:15
S108108,E1184,ST-06,2026-07-30,18:00,07:00
S108425,E1191,ST-01,2026-07-30,06:00,15:00
S108463,E1192,ST-05,2026-07-30,09:00,21:30
S108521,E1194,ST-01,2026-07-30,06:00,15:00
S108572,E1195,ST-04,2026-07-30,08:00,16:45
S108713,E1198,ST-04,2026-07-30,09:00,18:00
S108767,E1199,ST-05,2026-07-30,06:30,16:00
S108895,E1202,ST-06,2026-07-30,18:00,06:00
S108938,E1203,ST-03,2026-07-30,09:00,17:15
S109039,E1205,ST-02,2026-07-30,09:30,19:15
S109088,E1206,ST-03,2026-07-30,06:00,15:30
S109130,E1207,ST-02,2026-07-30,09:15,19:00
S109182,E1208,ST-01,2026-07-30,06:00,14:45
S109273,E1210,ST-03,2026-07-30,06:00,15:00
S109309,E1211,ST-01,2026-07-30,08:00,20:30
S109350,E1212,ST-06,2026-07-30,19:00,01:45
S109392,E1213,ST-03,2026-07-30,09:30,18:45
S100036,E1001,ST-01,2026-07-31,08:00,18:45
S100274,E1006,ST-04,2026-07-31,09:00,22:00
S100311,E1007,ST-06,2026-07-31,07:00,20:30
S100386,E1009,ST-02,2026-07-31,07:00,19:00
S100436,E1010,ST-01,2026-07-31,09:00,19:00
S100481,E1011,ST-01,2026-07-31,08:00,16:00
S100564,E1013,ST-04,2026-07-31,07:00,19:45
S100643,E1015,ST-05,2026-07-31,06:00,16:45
S100694,E1016,ST-04,2026-07-31,07:30,17:00
S100732,E1017,ST-05,2026-07-31,06:00,12:45
S100816,E1019,ST-05,2026-07-31,06:00,14:45
S100892,E1021,ST-04,2026-07-31,09:30,21:00
S100938,E1022,ST-06,2026-07-31,08:00,17:45
S100982,E1023,ST-01,2026-07-31,07:30,17:15
S101028,E1024,ST-01,2026-07-31,06:15,14:45
S101076,E1025,ST-02,2026-07-31,08:00,17:45
S101116,E1026,ST-05,2026-07-31,07:00,20:30
S101166,E1027,ST-06,2026-07-31,08:30,18:30
S101209,E1028,ST-01,2026-07-31,06:00,15:30
S101260,E1029,ST-04,2026-07-31,06:15,15:00
S101308,E1030,ST-03,2026-07-31,08:00,17:00
S101353,E1031,ST-05,2026-07-31,08:00,18:15
S101356,E1031,ST-04,2026-07-31,08:00,12:00
S101406,E1032,ST-01,2026-07-31,08:00,16:30
S101501,E1034,ST-02,2026-07-31,08:15,18:30
S101556,E1035,ST-01,2026-07-31,06:00,11:15
S101624,E1038,ST-06,2026-07-31,08:00,21:00
S101771,E1041,ST-03,2026-07-31,06:30,16:15
S101814,E1042,ST-03,2026-07-31,07:15,19:45
S101908,E1044,ST-02,2026-07-31,19:15,07:15
S101958,E1045,ST-05,2026-07-31,08:00,17:15
S102005,E1046,ST-03,2026-07-31,08:00,17:15
S102095,E1048,ST-01,2026-07-31,08:00,17:15
S102228,E1051,ST-06,2026-07-31,08:00,16:45
S102312,E1053,ST-01,2026-07-31,18:15,07:45
S102355,E1054,ST-03,2026-07-31,07:30,15:00
S102395,E1055,ST-06,2026-07-31,20:30,
S102490,E1057,ST-01,2026-07-31,08:00,17:30
S102537,E1058,ST-04,2026-07-31,09:00,17:45
S102589,E1059,ST-05,2026-07-31,06:00,14:45
S102731,E1062,ST-05,2026-07-31,07:30,17:30
S102733,E1062,ST-06,2026-07-31,08:00,12:00
S102780,E1063,ST-05,2026-07-31,09:00,18:30
S102862,E1065,ST-03,2026-07-31,18:30,06:30
S102905,E1066,ST-05,2026-07-31,06:00,15:45
S102951,E1067,ST-06,2026-07-31,08:30,18:15
S103000,E1068,ST-01,2026-07-31,09:00,18:30
S103038,E1069,ST-05,2026-07-31,09:00,21:15
S103078,E1070,ST-05,2026-07-31,20:00,06:15
S103124,E1071,ST-02,2026-07-31,06:00,14:45
S103261,E1074,ST-05,2026-07-31,09:00,17:30
S103313,E1075,ST-06,2026-07-31,07:00,16:45
S103363,E1076,ST-03,2026-07-31,09:00,17:30
S103444,E1078,ST-03,2026-07-31,20:30,07:45
S103490,E1079,ST-05,2026-07-31,08:00,18:00
S103536,E1080,ST-04,2026-07-31,06:00,14:45
S103645,E1083,ST-05,2026-07-31,19:00,07:00
S103734,E1085,ST-04,2026-07-31,08:15,17:30
S103783,E1086,ST-03,2026-07-31,18:15,
S103825,E1087,ST-02,2026-07-31,08:00,20:00
S103878,E1088,ST-05,2026-07-31,08:15,17:15
S103928,E1089,ST-02,2026-07-31,06:15,15:30
S103986,E1090,ST-05,2026-07-31,09:00,18:15
S103991,E1091,ST-06,2026-07-31,09:15,15:30
S104035,E1092,ST-04,2026-07-31,08:00,17:30
S104171,E1095,ST-03,2026-07-31,08:00,16:45
S104284,E1097,ST-02,2026-07-31,08:00,16:45
S104337,E1099,ST-02,2026-07-31,19:15,06:30
S104389,E1100,ST-06,2026-07-31,06:15,15:30
S104428,E1101,ST-06,2026-07-31,06:00,18:30
S104513,E1103,ST-06,2026-07-31,08:15,17:30
S104559,E1104,ST-02,2026-07-31,08:30,18:45
S104611,E1105,ST-04,2026-07-31,08:15,18:00
S104655,E1106,ST-03,2026-07-31,06:00,18:00
S104699,E1107,ST-04,2026-07-31,08:30,18:00
S104797,E1109,ST-05,2026-07-31,07:30,17:15
S104839,E1110,ST-06,2026-07-31,09:00,17:45
S104926,E1112,ST-05,2026-07-31,06:30,14:45
S104972,E1113,ST-02,2026-07-31,06:00,14:15
S105065,E1115,ST-06,2026-07-31,06:30,15:30
S105151,E1117,ST-03,2026-07-31,06:00,17:00
S105300,E1120,ST-01,2026-07-31,09:00,17:45
S105343,E1121,ST-03,2026-07-31,20:15,09:00
S105399,E1122,ST-03,2026-07-31,08:00,16:15
S105499,E1124,ST-04,2026-07-31,09:00,18:00
S105610,E1127,ST-04,2026-07-31,07:00,16:00
S105655,E1128,ST-04,2026-07-31,08:00,20:45
S105746,E1130,ST-02,2026-07-31,07:00,16:45
S105793,E1131,ST-01,2026-07-31,06:15,16:15
S105839,E1132,ST-02,2026-07-31,20:00,07:15
S105886,E1133,ST-01,2026-07-31,08:00,17:00
S105929,E1134,ST-04,2026-07-31,09:00,17:30
S106030,E1136,ST-03,2026-07-31,08:00,14:30
S106073,E1137,ST-05,2026-07-31,06:00,15:00
S106197,E1140,ST-04,2026-07-31,06:00,15:00
S106276,E1142,ST-03,2026-07-31,09:00,21:00
S106394,E1145,ST-03,2026-07-31,18:15,
S106464,E1147,ST-01,2026-07-31,09:00,18:00
S106503,E1148,ST-01,2026-07-31,09:00,18:15
S106581,E1150,ST-06,2026-07-31,18:15,04:00
S106673,E1152,ST-06,2026-07-31,07:15,19:15
S106723,E1153,ST-02,2026-07-31,09:15,17:45
S106860,E1156,ST-04,2026-07-31,07:15,16:00
S106905,E1157,ST-05,2026-07-31,08:00,19:45
S106948,E1158,ST-04,2026-07-31,06:30,16:45
S106989,E1159,ST-06,2026-07-31,20:00,07:45
S107029,E1160,ST-01,2026-07-31,08:00,17:00
S107073,E1161,ST-05,2026-07-31,06:00,18:15
S107219,E1164,ST-04,2026-07-31,09:00,19:15
S107317,E1166,ST-06,2026-07-31,07:15,11:15
S107355,E1167,ST-02,2026-07-31,06:15,18:15
S107399,E1168,ST-04,2026-07-31,07:00,17:00
S107447,E1169,ST-05,2026-07-31,06:00,15:00
S107493,E1170,ST-05,2026-07-31,07:00,17:15
S107633,E1173,ST-05,2026-07-31,08:15,17:45
S107684,E1174,ST-01,2026-07-31,07:00,15:15
S107767,E1176,ST-06,2026-07-31,18:15,06:15
S107863,E1178,ST-03,2026-07-31,09:00,15:15
S107947,E1180,ST-06,2026-07-31,09:00,16:45
S108021,E1182,ST-05,2026-07-31,19:15,07:15
S108158,E1185,ST-04,2026-07-31,07:00,17:00
S108241,E1187,ST-04,2026-07-31,08:00,16:45
S108285,E1188,ST-02,2026-07-31,09:00,16:30
S108332,E1189,ST-03,2026-07-31,07:00,16:00
S108519,E1193,ST-03,2026-07-31,07:30,18:15
S108573,E1195,ST-04,2026-07-31,08:00,18:15
S108658,E1197,ST-02,2026-07-31,08:00,16:15
S108714,E1198,ST-04,2026-07-31,06:15,16:15
S108768,E1199,ST-05,2026-07-31,06:15,15:15
S108817,E1200,ST-04,2026-07-31,06:00,15:15
S108857,E1201,ST-06,2026-07-31,06:15,17:45
S108896,E1202,ST-06,2026-07-31,20:30,10:00
S108939,E1203,ST-03,2026-07-31,06:15,15:15
S108988,E1204,ST-02,2026-07-31,06:00,14:00
S109040,E1205,ST-02,2026-07-31,08:00,17:30
S109089,E1206,ST-03,2026-07-31,06:00,16:30
S109131,E1207,ST-02,2026-07-31,08:00,17:15
S109229,E1209,ST-05,2026-07-31,07:00,16:30
S109274,E1210,ST-03,2026-07-31,07:00,16:15
S109393,E1213,ST-03,2026-07-31,09:15,17:45
S100090,E1002,ST-02,2026-08-01,08:00,17:00
S100139,E1003,ST-03,2026-08-01,06:30,14:45
S100232,E1005,ST-05,2026-08-01,08:00,16:30
S100346,E1008,ST-03,2026-08-01,07:00,19:45
S100437,E1010,ST-01,2026-08-01,09:30,18:45
S100524,E1012,ST-04,2026-08-01,08:00,18:15
S100644,E1015,ST-05,2026-08-01,06:00,15:15
S100695,E1016,ST-04,2026-08-01,06:00,15:00
S100858,E1020,ST-03,2026-08-01,06:00,10:30
S101077,E1025,ST-02,2026-08-01,06:00,16:45
S101167,E1027,ST-06,2026-08-01,06:00,10:30
S101210,E1028,ST-01,2026-08-01,06:30,17:30
S101261,E1029,ST-04,2026-08-01,09:00,18:30
S101309,E1030,ST-03,2026-08-01,08:00,17:15
S101354,E1031,ST-05,2026-08-01,09:00,14:30
S101407,E1032,ST-01,2026-08-01,07:00,14:45
S101625,E1038,ST-06,2026-08-01,07:30,18:45
S101677,E1039,ST-04,2026-08-01,06:30,16:45
S101772,E1041,ST-03,2026-08-01,09:00,18:30
S101862,E1043,ST-03,2026-08-01,08:00,15:45
S101959,E1045,ST-05,2026-08-01,07:30,15:00
S102006,E1046,ST-03,2026-08-01,09:30,18:15
S102049,E1047,ST-06,2026-08-01,07:15,20:00
S102096,E1048,ST-01,2026-08-01,08:00,14:15
S102145,E1049,ST-01,2026-08-01,06:30,15:00
S102229,E1051,ST-06,2026-08-01,06:15,16:00
S102276,E1052,ST-01,2026-08-01,06:30,16:15
S102396,E1055,ST-06,2026-08-01,18:30,08:00
S102491,E1057,ST-01,2026-08-01,08:00,17:30
S102590,E1059,ST-05,2026-08-01,06:15,15:15
S102686,E1061,ST-01,2026-08-01,09:00,18:45
S102734,E1062,ST-06,2026-08-01,06:30,10:30
S102781,E1063,ST-05,2026-08-01,07:00,16:15
S102823,E1064,ST-04,2026-08-01,06:00,14:15
S102863,E1065,ST-03,2026-08-01,18:00,07:30
S102906,E1066,ST-05,2026-08-01,07:00,11:45
S102952,E1067,ST-06,2026-08-01,08:00,18:00
S103039,E1069,ST-05,2026-08-01,08:00,21:30
S103125,E1071,ST-02,2026-08-01,06:00,14:45
S103165,E1072,ST-06,2026-08-01,06:00,15:15
S103212,E1073,ST-01,2026-08-01,08:30,19:00
S103262,E1074,ST-05,2026-08-01,09:00,19:00
S103314,E1075,ST-06,2026-08-01,06:00,13:30
S103408,E1077,ST-04,2026-08-01,19:00,03:15
S103445,E1078,ST-03,2026-08-01,18:00,06:15
S103570,E1081,ST-04,2026-08-01,18:30,04:00
S103609,E1082,ST-04,2026-08-01,08:15,21:45
S103646,E1083,ST-05,2026-08-01,19:00,03:00
S103826,E1087,ST-02,2026-08-01,06:00,18:45
S103929,E1089,ST-02,2026-08-01,08:00,16:15
S103987,E1090,ST-05,2026-08-01,08:15,16:45
S104172,E1095,ST-03,2026-08-01,07:00,19:45
S104225,E1096,ST-02,2026-08-01,07:15,16:30
S104285,E1097,ST-02,2026-08-01,07:00,18:15
S104288,E1098,ST-03,2026-08-01,08:00,14:30
S104338,E1099,ST-02,2026-08-01,20:15,08:15
S104390,E1100,ST-06,2026-08-01,06:15,16:00
S104429,E1101,ST-06,2026-08-01,06:00,19:00
S104470,E1102,ST-04,2026-08-01,06:00,12:30
S104514,E1103,ST-06,2026-08-01,08:00,17:30
S104560,E1104,ST-02,2026-08-01,07:30,19:00
S104612,E1105,ST-04,2026-08-01,09:00,18:30
S104700,E1107,ST-04,2026-08-01,07:00,15:30
S104752,E1108,ST-06,2026-08-01,08:00,17:30
S104798,E1109,ST-05,2026-08-01,06:00,14:30
S104840,E1110,ST-06,2026-08-01,06:30,16:15
S104888,E1111,ST-05,2026-08-01,09:00,18:30
S104973,E1113,ST-02,2026-08-01,08:30,17:45
S105020,E1114,ST-01,2026-08-01,08:00,18:45
S105066,E1115,ST-06,2026-08-01,06:15,13:15
S105152,E1117,ST-03,2026-08-01,08:00,16:30
S105192,E1118,ST-03,2026-08-01,08:00,18:00
S105243,E1119,ST-02,2026-08-01,08:00,17:15
S105301,E1120,ST-01,2026-08-01,06:15,17:45
S105344,E1121,ST-03,2026-08-01,18:30,07:00
S105400,E1122,ST-03,2026-08-01,07:00,15:30
S105549,E1125,ST-05,2026-08-01,06:00,14:15
S105606,E1126,ST-06,2026-08-01,09:00,17:45
S105656,E1128,ST-04,2026-08-01,08:30,15:30
S105696,E1129,ST-04,2026-08-01,06:00,18:45
S105747,E1130,ST-02,2026-08-01,08:00,17:00
S105794,E1131,ST-01,2026-08-01,06:00,17:15
S105840,E1132,ST-02,2026-08-01,19:30,09:00
S105887,E1133,ST-01,2026-08-01,08:30,14:45
S105930,E1134,ST-04,2026-08-01,08:00,15:15
S105984,E1135,ST-05,2026-08-01,08:00,17:00
S106074,E1137,ST-05,2026-08-01,08:00,16:30
S106119,E1138,ST-01,2026-08-01,18:15,06:45
S106504,E1148,ST-01,2026-08-01,06:00,15:00
S106633,E1151,ST-04,2026-08-01,08:00,17:15
S106674,E1152,ST-06,2026-08-01,06:15,19:45
S106724,E1153,ST-02,2026-08-01,06:30,13:00
S106772,E1154,ST-04,2026-08-01,07:15,16:45
S106814,E1155,ST-03,2026-08-01,06:00,17:30
S106861,E1156,ST-04,2026-08-01,07:15,17:15
S107030,E1160,ST-01,2026-08-01,09:00,19:30
S107074,E1161,ST-05,2026-08-01,06:00,19:30
S107117,E1162,ST-03,2026-08-01,06:00,16:15
S107169,E1163,ST-01,2026-08-01,06:30,16:00
S107220,E1164,ST-04,2026-08-01,07:00,11:15
S107356,E1167,ST-02,2026-08-01,09:00,19:15
S107448,E1169,ST-05,2026-08-01,08:15,15:15
S107494,E1170,ST-05,2026-08-01,07:00,16:45
S107541,E1171,ST-02,2026-08-01,08:00,18:15
S107634,E1173,ST-05,2026-08-01,06:00,16:30
S107685,E1174,ST-01,2026-08-01,09:30,18:30
S107727,E1175,ST-03,2026-08-01,09:00,21:15
S107948,E1180,ST-06,2026-08-01,08:00,17:15
S108022,E1182,ST-05,2026-08-01,18:00,03:15
S108109,E1184,ST-06,2026-08-01,18:30,06:00
S108159,E1185,ST-04,2026-08-01,06:00,16:45
S108193,E1186,ST-05,2026-08-01,08:00,20:00
S108242,E1187,ST-04,2026-08-01,06:00,15:15
S108373,E1190,ST-05,2026-08-01,06:00,18:00
S108426,E1191,ST-01,2026-08-01,09:00,17:30
S108464,E1192,ST-05,2026-08-01,06:30,19:30
S108659,E1197,ST-02,2026-08-01,09:15,17:45
S108715,E1198,ST-04,2026-08-01,07:30,17:30
S108858,E1201,ST-06,2026-08-01,06:00,17:45
S108940,E1203,ST-03,2026-08-01,09:00,17:45
S108989,E1204,ST-02,2026-08-01,08:30,17:00
S109041,E1205,ST-02,2026-08-01,06:15,15:15
S109132,E1207,ST-02,2026-08-01,07:30,17:45
S109183,E1208,ST-01,2026-08-01,06:00,15:30
S109230,E1209,ST-05,2026-08-01,07:00,16:00
S109310,E1211,ST-01,2026-08-01,06:00,19:30
S100091,E1002,ST-02,2026-08-02,06:00,11:15
S100140,E1003,ST-03,2026-08-02,06:00,19:00
S100182,E1004,ST-03,2026-08-02,18:15,06:15
S100233,E1005,ST-05,2026-08-02,07:15,18:30
S100275,E1006,ST-04,2026-08-02,06:00,10:30
S100347,E1008,ST-03,2026-08-02,08:30,14:45
S100387,E1009,ST-02,2026-08-02,08:00,21:30
S100438,E1010,ST-01,2026-08-02,07:15,16:15
S100482,E1011,ST-01,2026-08-02,06:30,18:30
S100525,E1012,ST-04,2026-08-02,08:00,20:30
S100565,E1013,ST-04,2026-08-02,07:00,17:45
S100600,E1014,ST-03,2026-08-02,06:00,19:30
S100645,E1015,ST-05,2026-08-02,09:30,20:30
S100696,E1016,ST-04,2026-08-02,09:15,17:15
S100772,E1018,ST-01,2026-08-02,09:00,
S100893,E1021,ST-04,2026-08-02,08:00,20:00
S100983,E1023,ST-01,2026-08-02,06:15,19:15
S101029,E1024,ST-01,2026-08-02,08:15,12:45
S101078,E1025,ST-02,2026-08-02,07:00,11:30
S101262,E1029,ST-04,2026-08-02,08:00,16:15
S101310,E1030,ST-03,2026-08-02,07:30,14:45
S101357,E1031,ST-04,2026-08-02,09:00,12:30
S101408,E1032,ST-01,2026-08-02,08:15,20:15
S101458,E1033,ST-01,2026-08-02,06:30,18:45
S101502,E1034,ST-02,2026-08-02,07:00,18:00
S101559,E1036,ST-03,2026-08-02,07:30,11:30
S101595,E1037,ST-03,2026-08-02,18:15,04:00
S101678,E1039,ST-04,2026-08-02,06:15,19:15
S101729,E1040,ST-03,2026-08-02,06:30,13:15
S101773,E1041,ST-03,2026-08-02,07:00,19:00
S101815,E1042,ST-03,2026-08-02,09:00,17:30
S101863,E1043,ST-03,2026-08-02,09:00,16:30
S101960,E1045,ST-05,2026-08-02,06:00,17:00
S102007,E1046,ST-03,2026-08-02,06:00,12:15
S102182,E1050,ST-01,2026-08-02,06:00,19:30
S102230,E1051,ST-06,2026-08-02,06:00,10:30
S102277,E1052,ST-01,2026-08-02,09:30,23:00
S102356,E1054,ST-03,2026-08-02,09:15,22:45
S102492,E1057,ST-01,2026-08-02,07:15,20:45
S102538,E1058,ST-04,2026-08-02,07:00,12:45
S102687,E1061,ST-01,2026-08-02,06:15,13:45
S102732,E1062,ST-05,2026-08-02,06:00,17:45
S102782,E1063,ST-05,2026-08-02,08:00,16:30
S102824,E1064,ST-04,2026-08-02,07:00,19:30
S102953,E1067,ST-06,2026-08-02,07:15,11:30
S103001,E1068,ST-01,2026-08-02,08:15,16:30
S103166,E1072,ST-06,2026-08-02,06:00,15:45
S103213,E1073,ST-01,2026-08-02,06:00,19:30
S103263,E1074,ST-05,2026-08-02,08:00,15:00
S103364,E1076,ST-03,2026-08-02,08:30,16:45
S103446,E1078,ST-03,2026-08-02,20:00,05:15
S103491,E1079,ST-05,2026-08-02,07:00,11:00
S103537,E1080,ST-04,2026-08-02,08:30,18:00
S103686,E1084,ST-03,2026-08-02,07:30,19:15
S103735,E1085,ST-04,2026-08-02,06:15,15:45
S103784,E1086,ST-03,2026-08-02,20:30,06:15
S103827,E1087,ST-02,2026-08-02,08:30,
S103879,E1088,ST-05,2026-08-02,07:00,14:15
S103930,E1089,ST-02,2026-08-02,06:00,12:00
S103988,E1090,ST-05,2026-08-02,06:00,17:30
S104036,E1092,ST-04,2026-08-02,06:00,13:00
S104082,E1093,ST-02,2026-08-02,09:00,19:45
S104124,E1094,ST-04,2026-08-02,18:30,04:30
S104226,E1096,ST-02,2026-08-02,08:00,13:15
S104339,E1099,ST-02,2026-08-02,18:00,03:30
S104430,E1101,ST-06,2026-08-02,07:30,21:00
S104515,E1103,ST-06,2026-08-02,07:00,16:15
S104656,E1106,ST-03,2026-08-02,06:00,14:15
S104701,E1107,ST-04,2026-08-02,06:15,11:45
S104753,E1108,ST-06,2026-08-02,08:15,17:15
S104799,E1109,ST-05,2026-08-02,09:15,16:00
S104974,E1113,ST-02,2026-08-02,08:15,18:00
S105021,E1114,ST-01,2026-08-02,08:00,14:45
S105067,E1115,ST-06,2026-08-02,06:00,19:30
S105193,E1118,ST-03,2026-08-02,09:00,21:00
S105244,E1119,ST-02,2026-08-02,08:00,16:15
S105401,E1122,ST-03,2026-08-02,08:00,21:30
S105453,E1123,ST-01,2026-08-02,09:30,22:00
S105500,E1124,ST-04,2026-08-02,06:30,16:15
S105550,E1125,ST-05,2026-08-02,08:00,21:30
S105607,E1126,ST-06,2026-08-02,06:00,15:15
S105748,E1130,ST-02,2026-08-02,08:00,18:45
S105985,E1135,ST-05,2026-08-02,07:00,14:15
S106075,E1137,ST-05,2026-08-02,08:00,16:30
S106120,E1138,ST-01,2026-08-02,18:30,02:30
S106156,E1139,ST-03,2026-08-02,19:00,03:15
S106198,E1140,ST-04,2026-08-02,08:00,13:00
S106237,E1141,ST-01,2026-08-02,06:15,19:45
S106277,E1142,ST-03,2026-08-02,06:15,11:30
S106316,E1143,ST-02,2026-08-02,07:15,17:00
S106428,E1146,ST-04,2026-08-02,18:00,07:30
S106505,E1148,ST-01,2026-08-02,07:30,17:00
S106543,E1149,ST-05,2026-08-02,09:30,23:00
S106634,E1151,ST-04,2026-08-02,07:00,13:45
S106773,E1154,ST-04,2026-08-02,08:00,18:00
S106815,E1155,ST-03,2026-08-02,06:00,16:15
S106862,E1156,ST-04,2026-08-02,09:30,17:30
S106906,E1157,ST-05,2026-08-02,06:00,17:45
S106990,E1159,ST-06,2026-08-02,20:00,02:15
S107118,E1162,ST-03,2026-08-02,06:00,18:00
S107170,E1163,ST-01,2026-08-02,08:00,18:45
S107268,E1165,ST-05,2026-08-02,08:00,15:45
S107400,E1168,ST-04,2026-08-02,08:15,21:45
S107449,E1169,ST-05,2026-08-02,07:00,15:00
S107542,E1171,ST-02,2026-08-02,09:30,16:00
S107588,E1172,ST-04,2026-08-02,06:30,15:15
S107635,E1173,ST-05,2026-08-02,06:15,14:15
S107728,E1175,ST-03,2026-08-02,08:00,17:45
S107768,E1176,ST-06,2026-08-02,19:00,03:30
S107812,E1177,ST-02,2026-08-02,09:15,15:00
S107902,E1179,ST-05,2026-08-02,07:30,21:00
S107949,E1180,ST-06,2026-08-02,07:30,16:45
S107985,E1181,ST-04,2026-08-02,19:15,08:45
S108063,E1183,ST-06,2026-08-02,20:15,04:15
S108110,E1184,ST-06,2026-08-02,18:30,00:15
S108160,E1185,ST-04,2026-08-02,08:15,16:45
S108194,E1186,ST-05,2026-08-02,08:30,22:00
S108243,E1187,ST-04,2026-08-02,07:30,11:30
S108333,E1189,ST-03,2026-08-02,08:00,17:45
S108374,E1190,ST-05,2026-08-02,06:00,19:30
S108465,E1192,ST-05,2026-08-02,09:00,22:30
S108522,E1194,ST-01,2026-08-02,07:30,18:45
S108574,E1195,ST-04,2026-08-02,09:15,18:30
S108613,E1196,ST-04,2026-08-02,19:00,08:30
S108660,E1197,ST-02,2026-08-02,06:00,19:30
S108716,E1198,ST-04,2026-08-02,07:30,20:30
S108769,E1199,ST-05,2026-08-02,09:30,16:00
S108818,E1200,ST-04,2026-08-02,07:00,19:00
S109042,E1205,ST-02,2026-08-02,08:00,12:00
S109133,E1207,ST-02,2026-08-02,08:30,20:15
S109184,E1208,ST-01,2026-08-02,08:00,
S109231,E1209,ST-05,2026-08-02,06:15,11:00
S109275,E1210,ST-03,2026-08-02,08:30,19:45
S100092,E1002,ST-02,2026-08-03,06:15,15:15
S100234,E1005,ST-05,2026-08-03,08:00,16:15
S100276,E1006,ST-04,2026-08-03,06:30,19:00
S100439,E1010,ST-01,2026-08-03,08:00,16:45
S100566,E1013,ST-04,2026-08-03,06:00,18:00
S100601,E1014,ST-03,2026-08-03,09:00,20:45
S100646,E1015,ST-05,2026-08-03,09:00,19:00
S100697,E1016,ST-04,2026-08-03,06:00,17:15
S100773,E1018,ST-01,2026-08-03,08:00,18:15
S100894,E1021,ST-04,2026-08-03,08:00,20:00
S100939,E1022,ST-06,2026-08-03,07:00,16:30
S101030,E1024,ST-01,2026-08-03,09:00,17:15
S101079,E1025,ST-02,2026-08-03,09:30,18:30
S101117,E1026,ST-05,2026-08-03,08:00,19:45
S101168,E1027,ST-06,2026-08-03,08:00,17:15
S101311,E1030,ST-03,2026-08-03,09:00,18:00
S101358,E1031,ST-05,2026-08-03,08:00,17:30
S101409,E1032,ST-01,2026-08-03,08:15,17:00
S101459,E1033,ST-01,2026-08-03,06:30,15:30
S101503,E1034,ST-02,2026-08-03,08:00,18:30
S101560,E1035,ST-01,2026-08-03,06:15,18:45
S101563,E1036,ST-03,2026-08-03,07:15,19:30
S101679,E1039,ST-04,2026-08-03,06:00,14:45
S101774,E1041,ST-03,2026-08-03,06:15,16:00
S101816,E1042,ST-03,2026-08-03,09:30,21:45
S101864,E1043,ST-03,2026-08-03,08:00,17:15
S101961,E1045,ST-05,2026-08-03,06:30,14:45
S102008,E1046,ST-03,2026-08-03,09:15,19:30
S102097,E1048,ST-01,2026-08-03,06:00,15:30
S102278,E1052,ST-01,2026-08-03,08:15,16:15
S102357,E1054,ST-03,2026-08-03,08:00,16:15
S102397,E1055,ST-06,2026-08-03,19:00,07:30
S102539,E1058,ST-04,2026-08-03,08:00,18:15
S102636,E1060,ST-02,2026-08-03,06:15,15:45
S102907,E1066,ST-05,2026-08-03,09:00,18:00
S102954,E1067,ST-06,2026-08-03,08:00,17:30
S103002,E1068,ST-01,2026-08-03,09:30,18:45
S103040,E1069,ST-05,2026-08-03,08:00,20:30
S103079,E1070,ST-05,2026-08-03,19:30,07:00
S103167,E1072,ST-06,2026-08-03,07:15,16:45
S103214,E1073,ST-01,2026-08-03,08:00,17:15
S103264,E1074,ST-05,2026-08-03,07:00,15:30
S103365,E1076,ST-03,2026-08-03,08:15,17:00
S103409,E1077,ST-04,2026-08-03,19:00,06:15
S103492,E1079,ST-05,2026-08-03,06:00,15:15
S103538,E1080,ST-04,2026-08-03,08:15,18:30
S103571,E1081,ST-04,2026-08-03,18:30,07:00
S103610,E1082,ST-04,2026-08-03,08:00,20:30
S103738,E1085,ST-04,2026-08-03,06:00,15:45
S103785,E1086,ST-03,2026-08-03,19:15,06:45
S103885,E1088,ST-04,2026-08-03,06:00,10:00
S103931,E1089,ST-02,2026-08-03,09:00,18:15
S103995,E1091,ST-06,2026-08-03,06:00,14:30
S104037,E1092,ST-04,2026-08-03,08:30,18:45
S104083,E1093,ST-02,2026-08-03,06:00,15:45
S104173,E1095,ST-03,2026-08-03,09:00,17:00
S104177,E1095,ST-02,2026-08-03,07:15,11:15
S104227,E1096,ST-02,2026-08-03,06:00,14:00
S104289,E1097,ST-02,2026-08-03,07:30,16:45
S104292,E1098,ST-03,2026-08-03,08:00,16:30
S104391,E1100,ST-06,2026-08-03,09:00,18:00
S104431,E1101,ST-06,2026-08-03,09:30,20:30
S104471,E1102,ST-04,2026-08-03,06:00,15:00
S104613,E1105,ST-04,2026-08-03,06:00,15:15
S104657,E1106,ST-03,2026-08-03,07:00,
S104702,E1107,ST-04,2026-08-03,08:30,16:45
S104754,E1108,ST-06,2026-08-03,06:30,15:30
S104800,E1109,ST-05,2026-08-03,08:00,17:00
S104841,E1110,ST-06,2026-08-03,09:00,19:30
S104889,E1111,ST-05,2026-08-03,09:00,18:45
S104927,E1112,ST-05,2026-08-03,06:00,18:30
S104975,E1113,ST-02,2026-08-03,06:15,14:30
S105022,E1114,ST-01,2026-08-03,08:00,18:00
S105068,E1115,ST-06,2026-08-03,08:00,16:15
S105153,E1117,ST-03,2026-08-03,06:00,15:15
S105194,E1118,ST-03,2026-08-03,09:30,19:45
S105245,E1119,ST-02,2026-08-03,06:00,14:45
S105302,E1120,ST-01,2026-08-03,06:00,14:45
S105345,E1121,ST-03,2026-08-03,18:30,06:15
S105402,E1122,ST-03,2026-08-03,08:30,17:15
S105454,E1123,ST-01,2026-08-03,09:15,20:00
S105501,E1124,ST-04,2026-08-03,08:30,18:15
S105551,E1125,ST-05,2026-08-03,08:15,17:15
S105611,E1126,ST-06,2026-08-03,08:30,17:45
S105614,E1127,ST-04,2026-08-03,09:30,19:15
S105697,E1129,ST-04,2026-08-03,06:15,14:45
S105749,E1130,ST-02,2026-08-03,08:30,18:30
S105795,E1131,ST-01,2026-08-03,08:00,17:30
S105986,E1135,ST-05,2026-08-03,07:30,16:45
S106076,E1137,ST-05,2026-08-03,09:30,18:00
S106238,E1141,ST-01,2026-08-03,08:00,20:15
S106278,E1142,ST-03,2026-08-03,06:00,17:30
S106359,E1144,ST-06,2026-08-03,09:00,17:45
S106395,E1145,ST-03,2026-08-03,19:30,
S106465,E1147,ST-01,2026-08-03,06:00,18:30
S106544,E1149,ST-05,2026-08-03,09:15,
S106582,E1150,ST-06,2026-08-03,19:00,07:15
S106586,E1150,ST-02,2026-08-03,18:15,22:15
S106635,E1151,ST-04,2026-08-03,07:00,15:30
S106675,E1152,ST-06,2026-08-03,08:00,20:00
S106725,E1153,ST-02,2026-08-03,06:00,15:30
S106816,E1155,ST-03,2026-08-03,07:00,18:45
S106863,E1156,ST-04,2026-08-03,07:00,15:45
S106907,E1157,ST-05,2026-08-03,08:00,19:15
S106949,E1158,ST-04,2026-08-03,06:15,15:45
S107031,E1160,ST-01,2026-08-03,09:00,19:30
S107221,E1164,ST-04,2026-08-03,08:00,17:30
S107273,E1165,ST-02,2026-08-03,08:15,12:15
S107357,E1167,ST-02,2026-08-03,06:15,17:30
S107401,E1168,ST-04,2026-08-03,06:00,16:00
S107450,E1169,ST-05,2026-08-03,07:00,16:00
S107543,E1171,ST-02,2026-08-03,09:30,18:30
S107589,E1172,ST-04,2026-08-03,08:30,17:45
S107636,E1173,ST-05,2026-08-03,06:00,15:30
S107729,E1175,ST-03,2026-08-03,09:15,21:30
S107769,E1176,ST-06,2026-08-03,18:15,06:45
S107772,E1176,ST-04,2026-08-03,18:15,22:15
S107813,E1177,ST-02,2026-08-03,09:00,17:30
S107903,E1179,ST-05,2026-08-03,07:15,19:00
S107950,E1180,ST-06,2026-08-03,07:00,17:00
S107986,E1181,ST-04,2026-08-03,20:00,08:30
S108067,E1183,ST-01,2026-08-03,18:00,22:00
S108161,E1185,ST-04,2026-08-03,09:00,18:00
S108244,E1187,ST-04,2026-08-03,09:00,18:45
S108286,E1188,ST-02,2026-08-03,09:15,21:30
S108375,E1190,ST-05,2026-08-03,06:15,
S108466,E1192,ST-05,2026-08-03,09:00,20:45
S108523,E1193,ST-03,2026-08-03,08:00,16:45
S108661,E1197,ST-02,2026-08-03,07:00,15:30
S108717,E1198,ST-04,2026-08-03,06:00,15:15
S108770,E1199,ST-05,2026-08-03,08:00,17:15
S108774,E1199,ST-02,2026-08-03,08:00,12:00
S108822,E1200,ST-06,2026-08-03,08:00,12:00
S108859,E1201,ST-06,2026-08-03,07:00,20:00
S108897,E1202,ST-06,2026-08-03,19:15,07:45
S108941,E1203,ST-03,2026-08-03,07:00,15:45
S109043,E1205,ST-02,2026-08-03,09:00,18:15
S109090,E1206,ST-03,2026-08-03,09:00,17:45
S109134,E1207,ST-02,2026-08-03,09:00,18:00
S109185,E1208,ST-01,2026-08-03,08:00,17:30
S109232,E1209,ST-05,2026-08-03,06:30,16:15
S109311,E1211,ST-01,2026-08-03,07:15,18:45
S109351,E1212,ST-06,2026-08-03,20:00,07:00
S100037,E1001,ST-01,2026-08-04,06:00,15:45
S100093,E1002,ST-02,2026-08-04,08:00,17:45
S100183,E1004,ST-03,2026-08-04,20:00,07:45
S100235,E1005,ST-05,2026-08-04,08:15,17:00
S100277,E1006,ST-04,2026-08-04,07:15,18:45
S100440,E1010,ST-01,2026-08-04,09:30,18:45
S100526,E1012,ST-04,2026-08-04,08:30,19:45
S100602,E1014,ST-03,2026-08-04,06:00,17:45
S100698,E1016,ST-04,2026-08-04,08:30,17:30
S100817,E1019,ST-05,2026-08-04,06:00,14:30
S100859,E1020,ST-03,2026-08-04,07:30,16:15
S100895,E1021,ST-04,2026-08-04,06:30,17:30
S100940,E1022,ST-06,2026-08-04,06:00,14:45
S100984,E1023,ST-01,2026-08-04,06:15,15:45
S101031,E1024,ST-01,2026-08-04,06:15,15:30
S101080,E1025,ST-02,2026-08-04,08:00,17:45
S101169,E1027,ST-06,2026-08-04,08:15,17:00
S101211,E1028,ST-01,2026-08-04,09:15,18:30
S101359,E1031,ST-05,2026-08-04,08:00,17:15
S101410,E1032,ST-01,2026-08-04,08:00,17:45
S101460,E1033,ST-01,2026-08-04,08:30,17:30
S101504,E1034,ST-02,2026-08-04,09:15,19:45
S101626,E1038,ST-06,2026-08-04,06:15,
S101680,E1039,ST-04,2026-08-04,08:15,16:15
S101730,E1040,ST-03,2026-08-04,06:00,15:15
S101865,E1043,ST-03,2026-08-04,09:00,19:30
S101962,E1045,ST-05,2026-08-04,06:00,15:00
S102050,E1047,ST-06,2026-08-04,06:00,17:15
S102146,E1049,ST-01,2026-08-04,08:00,17:45
S102183,E1050,ST-01,2026-08-04,06:00,17:45
S102231,E1051,ST-06,2026-08-04,08:00,17:45
S102279,E1052,ST-01,2026-08-04,08:15,17:30
S102313,E1053,ST-01,2026-08-04,20:15,07:30
S102358,E1054,ST-03,2026-08-04,09:15,18:45
S102446,E1056,ST-03,2026-08-04,06:30,16:15
S102540,E1058,ST-04,2026-08-04,08:00,16:15
S102591,E1059,ST-05,2026-08-04,07:00,15:30
S102637,E1060,ST-02,2026-08-04,09:15,18:00
S102690,E1061,ST-01,2026-08-04,08:00,16:00
S102735,E1062,ST-05,2026-08-04,09:30,20:00
S102783,E1063,ST-05,2026-08-04,08:00,18:00
S102825,E1064,ST-04,2026-08-04,06:00,14:30
S102864,E1065,ST-03,2026-08-04,19:00,08:00
S103003,E1068,ST-01,2026-08-04,06:00,14:45
S103041,E1069,ST-05,2026-08-04,07:00,18:45
S103080,E1070,ST-05,2026-08-04,19:00,
S103126,E1071,ST-02,2026-08-04,06:00,16:00
S103168,E1072,ST-06,2026-08-04,09:00,19:15
S103265,E1074,ST-05,2026-08-04,08:00,16:30
S103315,E1075,ST-06,2026-08-04,07:00,15:30
S103366,E1076,ST-03,2026-08-04,09:00,18:30
S103447,E1078,ST-03,2026-08-04,20:00,
S103493,E1079,ST-05,2026-08-04,09:00,19:30
S103539,E1080,ST-04,2026-08-04,06:00,15:00
S103647,E1083,ST-05,2026-08-04,19:00,06:15
S103687,E1084,ST-03,2026-08-04,08:00,21:00
S103739,E1085,ST-04,2026-08-04,08:15,17:00
S103786,E1086,ST-03,2026-08-04,19:30,07:30
S103828,E1087,ST-02,2026-08-04,06:15,17:45
S103880,E1088,ST-05,2026-08-04,09:00,17:45
S103992,E1090,ST-05,2026-08-04,08:30,17:00
S104040,E1092,ST-06,2026-08-04,08:00,12:00
S104084,E1093,ST-02,2026-08-04,07:15,16:15
S104125,E1094,ST-04,2026-08-04,18:00,05:15
S104228,E1096,ST-02,2026-08-04,06:00,14:15
S104340,E1099,ST-02,2026-08-04,18:00,06:30
S104392,E1100,ST-06,2026-08-04,09:00,18:00
S104516,E1103,ST-06,2026-08-04,06:00,16:15
S104614,E1105,ST-04,2026-08-04,08:30,
S104658,E1106,ST-03,2026-08-04,08:00,19:45
S104703,E1107,ST-04,2026-08-04,08:00,17:00
S104755,E1108,ST-06,2026-08-04,08:00,17:45
S104890,E1111,ST-05,2026-08-04,08:00,16:30
S104976,E1113,ST-02,2026-08-04,06:00,14:30
S105069,E1115,ST-06,2026-08-04,09:00,18:00
S105109,E1116,ST-02,2026-08-04,09:15,20:00
S105195,E1118,ST-03,2026-08-04,06:00,15:45
S105246,E1119,ST-02,2026-08-04,06:15,14:45
S105303,E1120,ST-01,2026-08-04,07:30,17:00
S105346,E1121,ST-03,2026-08-04,20:15,08:15
S105612,E1126,ST-06,2026-08-04,08:00,18:45
S105657,E1128,ST-04,2026-08-04,08:00,19:00
S105698,E1129,ST-04,2026-08-04,08:00,16:45
S105750,E1130,ST-02,2026-08-04,08:00,17:45
S105933,E1134,ST-04,2026-08-04,08:00,16:30
S105987,E1135,ST-05,2026-08-04,06:15,15:45
S106031,E1136,ST-03,2026-08-04,09:15,18:45
S106077,E1137,ST-05,2026-08-04,08:15,17:15
S106121,E1138,ST-01,2026-08-04,18:00,06:15
S106157,E1139,ST-03,2026-08-04,18:30,05:45
S106201,E1140,ST-04,2026-08-04,07:00,16:00
S106239,E1141,ST-01,2026-08-04,06:00,17:00
S106466,E1147,ST-01,2026-08-04,08:15,20:45
S106506,E1148,ST-01,2026-08-04,06:00,15:00
S106583,E1150,ST-06,2026-08-04,18:00,05:15
S106587,E1150,ST-02,2026-08-04,18:30,22:30
S106636,E1151,ST-04,2026-08-04,06:15,15:15
S106774,E1154,ST-04,2026-08-04,08:15,18:15
S106817,E1155,ST-03,2026-08-04,08:15,20:45
S106864,E1156,ST-04,2026-08-04,08:00,17:15
S106908,E1157,ST-05,2026-08-04,07:00,19:45
S106950,E1158,ST-04,2026-08-04,08:15,17:30
S106991,E1159,ST-06,2026-08-04,18:00,06:00
S107075,E1161,ST-05,2026-08-04,07:30,20:00
S107119,E1162,ST-03,2026-08-04,09:00,19:30
S107171,E1163,ST-01,2026-08-04,06:30,15:30
S107222,E1164,ST-04,2026-08-04,07:15,16:15
S107269,E1165,ST-05,2026-08-04,06:00,14:45
S107318,E1166,ST-06,2026-08-04,06:00,15:15
S107451,E1169,ST-05,2026-08-04,06:15,14:45
S107544,E1171,ST-02,2026-08-04,09:00,19:30
S107637,E1173,ST-05,2026-08-04,08:15,17:00
S107730,E1175,ST-03,2026-08-04,09:00,
S107987,E1181,ST-04,2026-08-04,18:00,05:45
S108023,E1182,ST-05,2026-08-04,18:00,05:15
S108068,E1183,ST-01,2026-08-04,19:00,23:00
S108111,E1184,ST-06,2026-08-04,19:00,06:15
S108115,E1184,ST-03,2026-08-04,20:00,00:00
S108195,E1186,ST-05,2026-08-04,06:00,18:30
S108334,E1189,ST-03,2026-08-04,07:00,15:15
S108376,E1190,ST-05,2026-08-04,08:00,20:00
S108427,E1191,ST-01,2026-08-04,08:00,16:45
S108524,E1193,ST-03,2026-08-04,08:15,17:00
S108527,E1194,ST-01,2026-08-04,06:00,15:00
S108575,E1195,ST-04,2026-08-04,07:30,16:45
S108614,E1196,ST-04,2026-08-04,18:15,05:15
S108662,E1197,ST-02,2026-08-04,08:00,16:30
S108718,E1198,ST-04,2026-08-04,09:30,18:45
S108771,E1199,ST-05,2026-08-04,07:00,16:00
S108990,E1204,ST-02,2026-08-04,06:00,14:00
S108994,E1204,ST-04,2026-08-04,08:00,12:00
S109044,E1205,ST-02,2026-08-04,07:30,17:15
S109091,E1206,ST-03,2026-08-04,09:30,19:00
S109135,E1207,ST-02,2026-08-04,09:15,17:45
S109186,E1208,ST-01,2026-08-04,08:15,
S109276,E1210,ST-03,2026-08-04,08:30,17:00
S109394,E1213,ST-03,2026-08-04,06:00,14:15
S100038,E1001,ST-01,2026-08-05,08:00,17:00
S100094,E1002,ST-02,2026-08-05,06:00,15:00
S100141,E1003,ST-03,2026-08-05,07:00,15:15
S100278,E1006,ST-04,2026-08-05,07:00,
S100312,E1007,ST-06,2026-08-05,09:00,22:00
S100348,E1008,ST-03,2026-08-05,09:00,21:00
S100388,E1009,ST-02,2026-08-05,06:00,17:15
S100527,E1012,ST-04,2026-08-05,08:15,18:15
S100567,E1013,ST-04,2026-08-05,06:15,18:45
S100647,E1015,ST-05,2026-08-05,06:00,16:15
S100699,E1016,ST-04,2026-08-05,06:30,16:30
S100733,E1017,ST-05,2026-08-05,08:00,20:45
S100818,E1019,ST-05,2026-08-05,06:15,15:45
S100820,E1019,ST-02,2026-08-05,08:15,12:15
S100897,E1021,ST-06,2026-08-05,06:00,10:00
S100985,E1023,ST-01,2026-08-05,06:15,16:00
S101032,E1024,ST-01,2026-08-05,06:30,15:15
S101118,E1026,ST-05,2026-08-05,06:00,18:45
S101212,E1028,ST-01,2026-08-05,08:00,17:15
S101263,E1029,ST-04,2026-08-05,07:00,15:30
S101312,E1030,ST-03,2026-08-05,09:30,19:00
S101411,E1032,ST-01,2026-08-05,09:30,18:30
S101461,E1033,ST-01,2026-08-05,06:15,15:30
S101505,E1034,ST-02,2026-08-05,08:00,18:00
S101561,E1035,ST-01,2026-08-05,08:00,19:45
S101627,E1038,ST-06,2026-08-05,09:15,20:45
S101681,E1039,ST-04,2026-08-05,09:00,18:00
S101731,E1040,ST-03,2026-08-05,06:00,16:45
S101866,E1043,ST-03,2026-08-05,06:15,15:15
S101963,E1045,ST-05,2026-08-05,08:00,17:15
S102009,E1046,ST-03,2026-08-05,08:00,17:00
S102098,E1048,ST-01,2026-08-05,09:00,
S102147,E1049,ST-01,2026-08-05,06:00,15:45
S102232,E1051,ST-06,2026-08-05,09:30,19:00
S102280,E1052,ST-01,2026-08-05,06:30,16:30
S102314,E1053,ST-01,2026-08-05,20:00,07:15
S102359,E1054,ST-03,2026-08-05,07:00,16:00
S102447,E1056,ST-03,2026-08-05,07:00,15:45
S102541,E1058,ST-04,2026-08-05,08:00,15:45
S102638,E1060,ST-02,2026-08-05,08:00,16:45
S102736,E1062,ST-05,2026-08-05,08:00,17:15
S102826,E1064,ST-04,2026-08-05,06:00,14:15
S102865,E1065,ST-03,2026-08-05,20:15,07:45
S102908,E1066,ST-05,2026-08-05,09:15,18:45
S102955,E1067,ST-06,2026-08-05,06:15,15:15
S103042,E1069,ST-05,2026-08-05,08:00,20:45
S103127,E1071,ST-02,2026-08-05,09:15,19:00
S103169,E1072,ST-06,2026-08-05,07:15,17:00
S103215,E1073,ST-01,2026-08-05,08:00,17:00
S103266,E1074,ST-05,2026-08-05,06:30,15:15
S103316,E1075,ST-06,2026-08-05,06:00,15:45
S103367,E1076,ST-03,2026-08-05,07:30,15:45
S103494,E1079,ST-05,2026-08-05,06:30,15:45
S103648,E1083,ST-05,2026-08-05,18:00,06:15
S103881,E1088,ST-05,2026-08-05,06:00,15:15
S103932,E1089,ST-02,2026-08-05,06:15,15:15
S103996,E1091,ST-06,2026-08-05,08:30,17:30
S104085,E1093,ST-02,2026-08-05,08:00,17:30
S104229,E1096,ST-02,2026-08-05,06:15,15:15
S104472,E1102,ST-04,2026-08-05,08:30,18:15
S104561,E1104,ST-02,2026-08-05,09:30,18:30
S104704,E1107,ST-04,2026-08-05,07:00,16:30
S104801,E1109,ST-05,2026-08-05,06:15,15:45
S104891,E1111,ST-05,2026-08-05,06:00,15:30
S104977,E1113,ST-02,2026-08-05,08:00,17:15
S105023,E1114,ST-01,2026-08-05,08:00,17:15
S105110,E1116,ST-02,2026-08-05,09:30,21:00
S105112,E1116,ST-03,2026-08-05,06:30,10:30
S105154,E1117,ST-03,2026-08-05,06:00,15:30
S105196,E1118,ST-03,2026-08-05,06:00,15:45
S105247,E1119,ST-02,2026-08-05,06:00,14:15
S105304,E1120,ST-01,2026-08-05,07:15,16:00
S105403,E1122,ST-03,2026-08-05,08:00,16:30
S105455,E1123,ST-01,2026-08-05,07:00,16:30
S105502,E1124,ST-04,2026-08-05,09:00,19:15
S105552,E1125,ST-05,2026-08-05,08:15,18:00
S105658,E1128,ST-04,2026-08-05,09:30,20:30
S105751,E1130,ST-02,2026-08-05,08:00,17:30
S105796,E1131,ST-01,2026-08-05,08:30,17:30
S105841,E1132,ST-02,2026-08-05,20:00,07:45
S105888,E1133,ST-01,2026-08-05,06:15,15:00
S105934,E1134,ST-04,2026-08-05,06:15,15:30
S106032,E1136,ST-03,2026-08-05,08:00,17:45
S106034,E1136,ST-04,2026-08-05,06:15,10:15
S106078,E1137,ST-05,2026-08-05,08:00,16:30
S106158,E1139,ST-03,2026-08-05,20:15,08:00
S106202,E1140,ST-04,2026-08-05,08:30,18:30
S106317,E1143,ST-02,2026-08-05,08:00,16:30
S106360,E1144,ST-06,2026-08-05,09:30,19:15
S106429,E1146,ST-04,2026-08-05,18:00,05:30
S106545,E1149,ST-05,2026-08-05,08:15,19:15
S106584,E1150,ST-06,2026-08-05,19:00,06:45
S106676,E1152,ST-06,2026-08-05,06:15,17:30
S106726,E1153,ST-02,2026-08-05,08:00,17:15
S106775,E1154,ST-04,2026-08-05,06:00,15:15
S106865,E1156,ST-04,2026-08-05,09:30,19:45
S106909,E1157,ST-05,2026-08-05,06:15,18:30
S106951,E1158,ST-04,2026-08-05,09:00,19:00
S106992,E1159,ST-06,2026-08-05,18:00,05:30
S107172,E1163,ST-01,2026-08-05,06:30,16:15
S107223,E1164,ST-04,2026-08-05,06:00,15:15
S107270,E1165,ST-05,2026-08-05,09:00,17:45
S107274,E1165,ST-02,2026-08-05,07:00,11:00
S107452,E1169,ST-05,2026-08-05,08:00,17:30
S107545,E1171,ST-02,2026-08-05,09:00,19:30
S107590,E1172,ST-04,2026-08-05,08:30,18:30
S107686,E1174,ST-01,2026-08-05,06:00,15:15
S107770,E1176,ST-06,2026-08-05,20:15,09:15
S107864,E1178,ST-03,2026-08-05,09:00,19:15
S107951,E1180,ST-06,2026-08-05,06:00,14:00
S108196,E1186,ST-05,2026-08-05,08:30,19:30
S108245,E1187,ST-04,2026-08-05,08:00,17:00
S108287,E1188,ST-02,2026-08-05,08:00,21:00
S108428,E1191,ST-01,2026-08-05,06:00,14:00
S108576,E1195,ST-04,2026-08-05,06:00,15:15
S108663,E1197,ST-02,2026-08-05,08:30,19:00
S108719,E1198,ST-04,2026-08-05,08:15,17:30
S108772,E1199,ST-05,2026-08-05,08:15,17:00
S108823,E1200,ST-06,2026-08-05,06:30,10:30
S108860,E1201,ST-06,2026-08-05,09:15,21:00
S108898,E1202,ST-06,2026-08-05,20:00,
S108991,E1204,ST-02,2026-08-05,07:00,16:00
S108995,E1204,ST-04,2026-08-05,08:00,12:00
S109045,E1205,ST-02,2026-08-05,07:15,15:45
S109092,E1206,ST-03,2026-08-05,06:30,14:45
S109136,E1207,ST-02,2026-08-05,06:00,15:00
S109187,E1208,ST-01,2026-08-05,08:00,17:15
S109277,E1210,ST-03,2026-08-05,09:30,19:30
S109352,E1212,ST-06,2026-08-05,19:00,07:45
S100039,E1001,ST-01,2026-08-06,08:00,17:15
S100095,E1002,ST-02,2026-08-06,09:00,17:30
S100142,E1003,ST-03,2026-08-06,07:15,15:30
S100184,E1004,ST-03,2026-08-06,20:30,07:45
S100236,E1005,ST-05,2026-08-06,06:00,15:30
S100349,E1008,ST-03,2026-08-06,07:00,17:45
S100389,E1009,ST-02,2026-08-06,06:00,18:00
S100483,E1011,ST-01,2026-08-06,08:00,16:45
S100528,E1012,ST-04,2026-08-06,06:00,16:15
S100568,E1013,ST-04,2026-08-06,06:00,17:45
S100648,E1015,ST-05,2026-08-06,06:00,16:00
S100734,E1017,ST-05,2026-08-06,09:30,21:45
S100821,E1019,ST-02,2026-08-06,06:00,10:00
S100860,E1020,ST-03,2026-08-06,06:00,14:30
S101033,E1024,ST-01,2026-08-06,09:15,17:30
S101081,E1025,ST-02,2026-08-06,09:00,19:00
S101170,E1027,ST-06,2026-08-06,06:30,15:30
S101213,E1028,ST-01,2026-08-06,06:00,16:15
S101264,E1029,ST-04,2026-08-06,06:30,16:15
S101313,E1030,ST-03,2026-08-06,08:00,17:30
S101360,E1031,ST-05,2026-08-06,08:00,18:30
S101506,E1034,ST-02,2026-08-06,06:30,15:45
S101562,E1035,ST-01,2026-08-06,07:30,16:15
S101564,E1036,ST-03,2026-08-06,06:00,17:00
S101596,E1037,ST-03,2026-08-06,18:30,07:30
S101682,E1039,ST-04,2026-08-06,09:30,18:15
S101775,E1041,ST-03,2026-08-06,08:00,17:45
S101817,E1042,ST-03,2026-08-06,06:00,18:15
S101867,E1043,ST-03,2026-08-06,06:15,14:45
S101909,E1044,ST-02,2026-08-06,20:30,08:00
S102010,E1046,ST-03,2026-08-06,06:00,15:45
S102051,E1047,ST-06,2026-08-06,08:15,18:45
S102099,E1048,ST-01,2026-08-06,08:00,18:00
S102233,E1051,ST-06,2026-08-06,06:00,15:30
S102315,E1053,ST-01,2026-08-06,18:15,06:00
S102398,E1055,ST-06,2026-08-06,20:30,08:15
S102448,E1056,ST-03,2026-08-06,08:15,17:45
S102493,E1057,ST-01,2026-08-06,06:00,15:30
S102592,E1059,ST-05,2026-08-06,09:00,18:15
S102691,E1061,ST-01,2026-08-06,06:00,16:00
S102784,E1063,ST-05,2026-08-06,08:00,18:15
S102909,E1066,ST-05,2026-08-06,08:00,16:45
S103128,E1071,ST-02,2026-08-06,08:00,18:00
S103170,E1072,ST-06,2026-08-06,08:15,17:45
S103216,E1073,ST-01,2026-08-06,06:30,16:30
S103267,E1074,ST-05,2026-08-06,08:15,17:30
S103410,E1077,ST-04,2026-08-06,18:00,07:00
S103495,E1079,ST-05,2026-08-06,06:30,17:15
S103540,E1080,ST-04,2026-08-06,06:30,15:15
S103572,E1081,ST-04,2026-08-06,19:00,07:30
S103611,E1082,ST-04,2026-08-06,06:00,18:00
S103649,E1083,ST-05,2026-08-06,19:15,08:00
S103688,E1084,ST-03,2026-08-06,08:00,19:30
S103740,E1085,ST-04,2026-08-06,06:30,
S103787,E1086,ST-03,2026-08-06,20:15,07:45
S103829,E1087,ST-02,2026-08-06,08:30,19:45
S103882,E1088,ST-05,2026-08-06,07:30,16:45
S103886,E1088,ST-04,2026-08-06,06:15,10:15
S103933,E1089,ST-02,2026-08-06,08:00,18:15
S103997,E1091,ST-06,2026-08-06,09:00,22:15
S104041,E1092,ST-06,2026-08-06,08:15,12:15
S104086,E1093,ST-02,2026-08-06,08:00,17:00
S104126,E1094,ST-04,2026-08-06,18:00,06:45
S104230,E1096,ST-02,2026-08-06,07:15,16:45
S104290,E1097,ST-02,2026-08-06,06:30,16:15
S104293,E1098,ST-03,2026-08-06,09:00,18:45
S104393,E1100,ST-06,2026-08-06,08:00,17:00
S104517,E1103,ST-06,2026-08-06,07:00,16:15
S104562,E1104,ST-02,2026-08-06,09:00,18:15
S104615,E1105,ST-04,2026-08-06,07:30,17:45
S104705,E1107,ST-04,2026-08-06,06:00,15:15
S104756,E1108,ST-06,2026-08-06,08:15,16:45
S104802,E1109,ST-05,2026-08-06,06:00,15:15
S104842,E1110,ST-06,2026-08-06,09:00,18:00
S104892,E1111,ST-05,2026-08-06,06:00,15:45
S104978,E1113,ST-02,2026-08-06,07:30,16:45
S105113,E1116,ST-03,2026-08-06,08:00,12:00
S105155,E1117,ST-03,2026-08-06,08:30,18:30
S105248,E1119,ST-02,2026-08-06,08:15,17:00
S105347,E1121,ST-03,2026-08-06,20:15,07:45
S105456,E1123,ST-01,2026-08-06,06:00,16:00
S105503,E1124,ST-04,2026-08-06,07:00,16:30
S105615,E1127,ST-04,2026-08-06,08:00,17:30
S105659,E1128,ST-04,2026-08-06,08:30,21:00
S105797,E1131,ST-01,2026-08-06,07:00,17:30
S105889,E1133,ST-01,2026-08-06,08:00,18:00
S105935,E1134,ST-04,2026-08-06,07:15,17:30
S105988,E1135,ST-05,2026-08-06,07:00,15:45
S106035,E1136,ST-04,2026-08-06,09:30,13:30
S106079,E1137,ST-05,2026-08-06,06:00,15:30
S106159,E1139,ST-03,2026-08-06,20:00,09:30
S106203,E1140,ST-04,2026-08-06,08:30,16:45
S106279,E1142,ST-03,2026-08-06,06:30,19:30
S106318,E1143,ST-02,2026-08-06,06:30,15:00
S106396,E1145,ST-03,2026-08-06,20:00,09:00
S106507,E1148,ST-01,2026-08-06,08:00,18:00
S106677,E1152,ST-06,2026-08-06,06:00,18:00
S106729,E1153,ST-01,2026-08-06,08:00,12:00
S106776,E1154,ST-04,2026-08-06,06:00,15:00
S106910,E1157,ST-05,2026-08-06,08:00,15:00
S106993,E1159,ST-06,2026-08-06,18:00,06:00
S107032,E1160,ST-01,2026-08-06,08:00,17:45
S107076,E1161,ST-05,2026-08-06,07:00,18:30
S107120,E1162,ST-03,2026-08-06,08:00,18:00
S107271,E1165,ST-05,2026-08-06,06:00,14:15
S107275,E1165,ST-02,2026-08-06,06:00,09:30
S107319,E1166,ST-06,2026-08-06,06:30,17:00
S107358,E1167,ST-02,2026-08-06,08:00,20:15
S107402,E1168,ST-04,2026-08-06,08:15,18:45
S107453,E1169,ST-05,2026-08-06,08:00,17:00
S107495,E1170,ST-05,2026-08-06,08:30,18:45
S107638,E1173,ST-05,2026-08-06,06:00,16:45
S107687,E1174,ST-01,2026-08-06,08:15,17:45
S107731,E1175,ST-03,2026-08-06,06:00,17:30
S107814,E1177,ST-02,2026-08-06,08:30,17:30
S107904,E1179,ST-05,2026-08-06,06:15,18:15
S107952,E1180,ST-06,2026-08-06,09:15,18:30
S108024,E1182,ST-05,2026-08-06,18:15,
S108064,E1183,ST-06,2026-08-06,18:30,05:45
S108112,E1184,ST-06,2026-08-06,20:00,08:30
S108116,E1184,ST-03,2026-08-06,18:15,22:15
S108162,E1185,ST-04,2026-08-06,06:00,15:45
S108246,E1187,ST-04,2026-08-06,07:00,16:30
S108288,E1188,ST-02,2026-08-06,09:30,21:45
S108335,E1189,ST-03,2026-08-06,08:30,17:30
S108377,E1190,ST-05,2026-08-06,06:15,
S108429,E1191,ST-01,2026-08-06,06:00,16:30
S108525,E1193,ST-03,2026-08-06,08:00,17:45
S108528,E1194,ST-01,2026-08-06,08:00,15:30
S108577,E1195,ST-04,2026-08-06,08:30,18:30
S108615,E1196,ST-04,2026-08-06,18:00,05:45
S108720,E1198,ST-04,2026-08-06,07:00,16:00
S108773,E1199,ST-05,2026-08-06,06:30,16:45
S108819,E1200,ST-04,2026-08-06,06:30,14:15
S108899,E1202,ST-06,2026-08-06,20:00,07:45
S108942,E1203,ST-03,2026-08-06,06:15,15:30
S108992,E1204,ST-02,2026-08-06,08:30,17:00
S109046,E1205,ST-02,2026-08-06,07:15,16:30
S109093,E1206,ST-03,2026-08-06,06:00,15:00
S109233,E1209,ST-05,2026-08-06,08:00,16:15
S109278,E1210,ST-03,2026-08-06,06:00,14:45
S109395,E1213,ST-03,2026-08-06,06:00,15:15
S100040,E1001,ST-01,2026-08-07,08:30,17:00
S100096,E1002,ST-02,2026-08-07,08:00,16:45
S100143,E1003,ST-03,2026-08-07,06:15,15:15
S100185,E1004,ST-03,2026-08-07,18:00,06:30
S100237,E1005,ST-05,2026-08-07,06:30,16:00
S100313,E1007,ST-06,2026-08-07,09:30,21:30
S100350,E1008,ST-03,2026-08-07,07:00,20:30
S100390,E1009,ST-02,2026-08-07,09:30,21:00
S100441,E1010,ST-01,2026-08-07,08:00,17:15
S100484,E1011,ST-01,2026-08-07,07:00,16:00
S100529,E1012,ST-04,2026-08-07,07:00,16:15
S100569,E1013,ST-04,2026-08-07,06:00,16:15
S100649,E1015,ST-05,2026-08-07,07:00,19:45
S100700,E1016,ST-04,2026-08-07,07:00,19:00
S100735,E1017,ST-05,2026-08-07,08:15,20:15
S100774,E1018,ST-01,2026-08-07,09:00,18:30
S100861,E1020,ST-03,2026-08-07,07:30,17:00
S100896,E1021,ST-04,2026-08-07,08:00,13:15
S100898,E1021,ST-06,2026-08-07,07:00,11:00
S100986,E1023,ST-01,2026-08-07,06:00,14:00
S101034,E1024,ST-01,2026-08-07,06:00,15:45
S101265,E1029,ST-04,2026-08-07,09:00,18:30
S101314,E1030,ST-03,2026-08-07,09:15,18:15
S101412,E1032,ST-01,2026-08-07,09:15,18:45
S101597,E1037,ST-03,2026-08-07,18:15,06:30
S101628,E1038,ST-06,2026-08-07,07:15,16:15
S101732,E1040,ST-03,2026-08-07,06:30,15:00
S101818,E1042,ST-03,2026-08-07,09:00,21:15
S101910,E1044,ST-02,2026-08-07,20:00,07:45
S101964,E1045,ST-05,2026-08-07,06:00,14:15
S102052,E1047,ST-06,2026-08-07,07:30,18:00
S102100,E1048,ST-01,2026-08-07,08:15,18:15
S102184,E1050,ST-01,2026-08-07,07:00,18:30
S102281,E1052,ST-01,2026-08-07,06:15,19:45
S102316,E1053,ST-01,2026-08-07,18:15,02:00
S102360,E1054,ST-03,2026-08-07,08:30,19:30
S102399,E1055,ST-06,2026-08-07,18:30,08:00
S102449,E1056,ST-03,2026-08-07,08:00,17:45
S102494,E1057,ST-01,2026-08-07,09:00,18:45
S102542,E1058,ST-04,2026-08-07,07:00,17:00
S102593,E1059,ST-05,2026-08-07,06:00,15:30
S102692,E1061,ST-01,2026-08-07,08:15,18:30
S102737,E1062,ST-05,2026-08-07,08:30,18:45
S102785,E1063,ST-05,2026-08-07,08:00,
S102827,E1064,ST-04,2026-08-07,08:00,16:45
S102956,E1067,ST-06,2026-08-07,07:30,18:15
S103129,E1071,ST-02,2026-08-07,09:00,18:00
S103217,E1073,ST-01,2026-08-07,06:30,20:00
S103268,E1074,ST-05,2026-08-07,09:00,16:15
S103317,E1075,ST-06,2026-08-07,07:00,15:15
S103368,E1076,ST-03,2026-08-07,08:30,17:45
S103541,E1080,ST-04,2026-08-07,07:00,15:15
S103689,E1084,ST-03,2026-08-07,08:15,20:45
S103883,E1088,ST-05,2026-08-07,06:00,15:00
S103934,E1089,ST-02,2026-08-07,08:30,18:00
S103993,E1090,ST-05,2026-08-07,08:00,15:15
S104042,E1092,ST-06,2026-08-07,09:30,13:00
S104127,E1094,ST-04,2026-08-07,20:30,09:15
S104174,E1095,ST-03,2026-08-07,08:00,16:45
S104178,E1095,ST-02,2026-08-07,06:00,10:00
S104231,E1096,ST-02,2026-08-07,07:00,13:45
S104341,E1099,ST-02,2026-08-07,18:00,06:00
S104394,E1100,ST-06,2026-08-07,06:30,16:15
S104432,E1101,ST-06,2026-08-07,08:00,19:45
S104473,E1102,ST-04,2026-08-07,08:15,17:00
S104518,E1103,ST-06,2026-08-07,07:15,16:15
S104563,E1104,ST-02,2026-08-07,09:00,19:30
S104843,E1110,ST-06,2026-08-07,09:30,18:45
S104893,E1111,ST-05,2026-08-07,08:30,18:45
S104928,E1112,ST-05,2026-08-07,06:30,19:15
S105024,E1114,ST-01,2026-08-07,06:00,14:15
S105070,E1115,ST-06,2026-08-07,08:00,16:45
S105249,E1119,ST-02,2026-08-07,06:00,14:30
S105305,E1120,ST-01,2026-08-07,08:30,18:00
S105348,E1121,ST-03,2026-08-07,18:15,06:30
S105404,E1122,ST-03,2026-08-07,06:30,15:15
S105457,E1123,ST-01,2026-08-07,06:15,15:30
S105504,E1124,ST-04,2026-08-07,06:30,16:15
S105553,E1125,ST-05,2026-08-07,09:00,18:45
S105613,E1126,ST-06,2026-08-07,07:00,18:30
S105752,E1130,ST-02,2026-08-07,06:30,15:15
S105798,E1131,ST-01,2026-08-07,07:00,17:15
S105842,E1132,ST-02,2026-08-07,19:15,07:30
S105989,E1135,ST-05,2026-08-07,06:00,15:30
S106080,E1137,ST-05,2026-08-07,08:00,18:00
S106122,E1138,ST-01,2026-08-07,20:30,09:15
S106240,E1141,ST-01,2026-08-07,06:30,18:15
S106319,E1143,ST-02,2026-08-07,08:15,16:45
S106361,E1144,ST-06,2026-08-07,09:00,17:30
S106430,E1146,ST-04,2026-08-07,20:30,09:15
S106467,E1147,ST-01,2026-08-07,06:00,17:00
S106546,E1149,ST-05,2026-08-07,08:00,21:30
S106585,E1150,ST-06,2026-08-07,19:00,03:45
S106637,E1151,ST-04,2026-08-07,06:30,14:45
S106818,E1155,ST-03,2026-08-07,06:00,19:00
S106866,E1156,ST-04,2026-08-07,06:00,15:00
S106952,E1158,ST-04,2026-08-07,08:00,17:15
S107077,E1161,ST-05,2026-08-07,08:15,20:30
S107121,E1162,ST-03,2026-08-07,08:00,16:45
S107173,E1163,ST-01,2026-08-07,08:15,17:30
S107224,E1164,ST-04,2026-08-07,08:00,17:00
S107359,E1167,ST-02,2026-08-07,07:15,19:45
S107403,E1168,ST-04,2026-08-07,09:00,19:45
S107496,E1170,ST-05,2026-08-07,06:00,16:00
S107591,E1172,ST-04,2026-08-07,08:15,17:15
S107688,E1174,ST-01,2026-08-07,08:00,16:30
S107732,E1175,ST-03,2026-08-07,07:30,17:30
S107771,E1176,ST-06,2026-08-07,18:00,07:30
S107815,E1177,ST-02,2026-08-07,07:00,16:30
S107865,E1178,ST-03,2026-08-07,08:30,17:45
S107905,E1179,ST-05,2026-08-07,06:15,18:00
S107953,E1180,ST-06,2026-08-07,08:15,17:45
S108025,E1182,ST-05,2026-08-07,20:30,08:00
S108065,E1183,ST-06,2026-08-07,18:00,07:00
S108113,E1184,ST-06,2026-08-07,18:00,06:30
S108163,E1185,ST-04,2026-08-07,06:00,14:45
S108336,E1189,ST-03,2026-08-07,08:15,17:30
S108378,E1190,ST-05,2026-08-07,07:00,18:45
S108526,E1193,ST-03,2026-08-07,08:00,13:15
S108529,E1194,ST-01,2026-08-07,06:30,15:15
S108578,E1195,ST-04,2026-08-07,07:30,
S108664,E1197,ST-02,2026-08-07,07:00,15:30
S108721,E1198,ST-04,2026-08-07,08:00,16:45
S108775,E1199,ST-02,2026-08-07,06:00,10:00
S108861,E1201,ST-06,2026-08-07,06:00,18:00
S108943,E1203,ST-03,2026-08-07,07:00,16:30
S109047,E1205,ST-02,2026-08-07,06:30,11:30
S109188,E1208,ST-01,2026-08-07,08:00,17:15
S109353,E1212,ST-06,2026-08-07,19:00,06:30
S100041,E1001,ST-01,2026-08-08,07:00,15:15
S100186,E1004,ST-03,2026-08-08,20:15,06:30
S100279,E1006,ST-04,2026-08-08,06:00,19:30
S100391,E1009,ST-02,2026-08-08,06:00,18:00
S100442,E1010,ST-01,2026-08-08,06:00,15:00
S100485,E1011,ST-01,2026-08-08,07:00,17:00
S100530,E1012,ST-04,2026-08-08,06:30,11:00
S100736,E1017,ST-05,2026-08-08,06:00,12:15
S100775,E1018,ST-01,2026-08-08,09:30,19:15
S100862,E1020,ST-03,2026-08-08,08:00,14:45
S100941,E1022,ST-06,2026-08-08,09:00,18:45
S100987,E1023,ST-01,2026-08-08,08:00,18:15
S101119,E1026,ST-05,2026-08-08,08:00,20:15
S101266,E1029,ST-04,2026-08-08,07:30,17:00
S101315,E1030,ST-03,2026-08-08,06:00,10:45
S101413,E1032,ST-01,2026-08-08,06:00,15:00
S101462,E1033,ST-01,2026-08-08,08:00,17:45
S101565,E1036,ST-03,2026-08-08,06:15,10:15
S101598,E1037,ST-03,2026-08-08,19:00,08:30
S101683,E1039,ST-04,2026-08-08,06:00,15:45
S101733,E1040,ST-03,2026-08-08,07:00,15:30
S101776,E1041,ST-03,2026-08-08,06:00,14:45
S101868,E1043,ST-03,2026-08-08,08:15,14:00
S101911,E1044,ST-02,2026-08-08,20:00,09:30
S101965,E1045,ST-05,2026-08-08,06:15,15:45
S102011,E1046,ST-03,2026-08-08,09:30,19:00
S102148,E1049,ST-01,2026-08-08,06:00,14:15
S102234,E1051,ST-06,2026-08-08,06:00,14:15
S102450,E1056,ST-03,2026-08-08,09:30,
S102495,E1057,ST-01,2026-08-08,08:00,18:45
S102543,E1058,ST-04,2026-08-08,08:30,17:30
S102594,E1059,ST-05,2026-08-08,06:00,18:45
S102693,E1061,ST-01,2026-08-08,06:00,16:15
S102828,E1064,ST-04,2026-08-08,08:00,16:30
S102866,E1065,ST-03,2026-08-08,19:00,06:30
S102910,E1066,ST-05,2026-08-08,07:00,15:45
S102957,E1067,ST-06,2026-08-08,08:00,21:30
S103004,E1068,ST-01,2026-08-08,06:00,14:15
S103043,E1069,ST-05,2026-08-08,06:00,12:30
S103081,E1070,ST-05,2026-08-08,18:00,05:45
S103130,E1071,ST-02,2026-08-08,06:00,16:15
S103318,E1075,ST-06,2026-08-08,08:15,17:15
S103411,E1077,ST-04,2026-08-08,20:00,09:00
S103448,E1078,ST-03,2026-08-08,18:00,05:30
S103612,E1082,ST-04,2026-08-08,06:15,18:15
S103690,E1084,ST-03,2026-08-08,07:00,16:00
S103741,E1085,ST-04,2026-08-08,07:15,16:30
S103788,E1086,ST-03,2026-08-08,19:00,06:45
S103830,E1087,ST-02,2026-08-08,08:15,19:30
S103884,E1088,ST-05,2026-08-08,06:00,12:00
S103994,E1090,ST-05,2026-08-08,09:15,16:00
S104038,E1092,ST-04,2026-08-08,06:30,16:45
S104128,E1094,ST-04,2026-08-08,20:00,08:00
S104175,E1095,ST-03,2026-08-08,06:00,15:00
S104294,E1098,ST-03,2026-08-08,06:00,13:45
S104342,E1099,ST-02,2026-08-08,20:15,08:30
S104395,E1100,ST-06,2026-08-08,06:00,15:00
S104519,E1103,ST-06,2026-08-08,06:00,19:30
S104564,E1104,ST-02,2026-08-08,06:30,17:00
S104616,E1105,ST-04,2026-08-08,08:15,16:30
S104659,E1106,ST-03,2026-08-08,09:00,22:30
S104706,E1107,ST-04,2026-08-08,08:00,17:00
S104803,E1109,ST-05,2026-08-08,09:15,21:30
S104929,E1112,ST-05,2026-08-08,08:00,20:45
S105025,E1114,ST-01,2026-08-08,09:00,22:30
S105111,E1116,ST-02,2026-08-08,07:00,20:30
S105114,E1116,ST-03,2026-08-08,08:00,11:30
S105156,E1117,ST-03,2026-08-08,07:30,18:30
S105250,E1119,ST-02,2026-08-08,07:00,16:00
S105349,E1121,ST-03,2026-08-08,19:00,02:30
S105405,E1122,ST-03,2026-08-08,06:00,13:45
S105458,E1123,ST-01,2026-08-08,08:00,15:30
S105554,E1125,ST-05,2026-08-08,07:00,16:00
S105616,E1127,ST-04,2026-08-08,08:00,17:45
S105660,E1128,ST-04,2026-08-08,07:30,20:30
S105699,E1129,ST-04,2026-08-08,06:00,14:45
S105753,E1130,ST-02,2026-08-08,06:00,
S105843,E1132,ST-02,2026-08-08,20:00,07:45
S105890,E1133,ST-01,2026-08-08,08:30,16:15
S105936,E1134,ST-04,2026-08-08,07:30,17:15
S105990,E1135,ST-05,2026-08-08,08:00,12:00
S106033,E1136,ST-03,2026-08-08,07:15,18:15
S106081,E1137,ST-05,2026-08-08,06:00,10:45
S106204,E1140,ST-04,2026-08-08,08:30,18:00
S106320,E1143,ST-02,2026-08-08,07:15,15:30
S106362,E1144,ST-06,2026-08-08,06:30,14:00
S106508,E1148,ST-01,2026-08-08,06:00,15:30
S106638,E1151,ST-04,2026-08-08,07:30,
S106727,E1153,ST-02,2026-08-08,07:00,16:00
S106730,E1153,ST-01,2026-08-08,06:30,10:30
S106777,E1154,ST-04,2026-08-08,08:00,17:15
S106819,E1155,ST-03,2026-08-08,06:00,12:00
S106953,E1158,ST-04,2026-08-08,08:00,13:45
S107033,E1160,ST-01,2026-08-08,08:30,17:15
S107078,E1161,ST-05,2026-08-08,08:30,14:45
S107122,E1162,ST-03,2026-08-08,06:00,15:45
S107174,E1163,ST-01,2026-08-08,07:00,15:45
S107225,E1164,ST-04,2026-08-08,09:00,17:45
S107272,E1165,ST-05,2026-08-08,06:00,19:30
S107320,E1166,ST-06,2026-08-08,06:30,16:00
S107404,E1168,ST-04,2026-08-08,07:15,18:45
S107497,E1170,ST-05,2026-08-08,06:30,16:15
S107546,E1171,ST-02,2026-08-08,08:30,19:15
S107639,E1173,ST-05,2026-08-08,06:00,16:00
S107689,E1174,ST-01,2026-08-08,06:00,15:45
S107773,E1176,ST-04,2026-08-08,18:30,22:30
S107866,E1178,ST-03,2026-08-08,09:15,18:00
S107906,E1179,ST-05,2026-08-08,06:00,13:15
S107954,E1180,ST-06,2026-08-08,09:30,15:15
S107988,E1181,ST-04,2026-08-08,19:00,08:30
S108114,E1184,ST-06,2026-08-08,18:30,00:45
S108164,E1185,ST-04,2026-08-08,09:30,23:00
S108247,E1187,ST-04,2026-08-08,09:00,17:45
S108337,E1189,ST-03,2026-08-08,09:30,18:15
S108430,E1191,ST-01,2026-08-08,06:00,14:45
S108467,E1192,ST-05,2026-08-08,07:00,18:30
S108665,E1197,ST-02,2026-08-08,08:30,20:30
S108722,E1198,ST-04,2026-08-08,06:15,16:15
S108820,E1200,ST-04,2026-08-08,06:30,15:45
S108824,E1200,ST-06,2026-08-08,07:15,10:45
S108862,E1201,ST-06,2026-08-08,09:00,17:00
S108944,E1203,ST-03,2026-08-08,07:15,15:45
S108993,E1204,ST-02,2026-08-08,07:00,19:00
S109094,E1206,ST-03,2026-08-08,06:00,15:30
S109137,E1207,ST-02,2026-08-08,06:15,19:45
S109189,E1208,ST-01,2026-08-08,09:00,17:45
S109234,E1209,ST-05,2026-08-08,08:00,16:30
S109279,E1210,ST-03,2026-08-08,06:30,20:00
S109312,E1211,ST-01,2026-08-08,09:15,20:00
S109354,E1212,ST-06,2026-08-08,18:15,06:45
S109396,E1213,ST-03,2026-08-08,08:00,16:30
S100042,E1001,ST-01,2026-08-09,06:30,13:30
S100097,E1002,ST-02,2026-08-09,06:00,12:00
S100144,E1003,ST-03,2026-08-09,06:15,19:30
S100238,E1005,ST-05,2026-08-09,07:30,19:00
S100314,E1007,ST-06,2026-08-09,09:15,19:30
S100443,E1010,ST-01,2026-08-09,08:30,16:00
S100486,E1011,ST-01,2026-08-09,08:00,20:00
S100603,E1014,ST-03,2026-08-09,06:30,20:00
S100776,E1018,ST-01,2026-08-09,08:00,21:00
S100819,E1019,ST-05,2026-08-09,06:15,19:00
S100899,E1021,ST-06,2026-08-09,08:15,11:45
S100942,E1022,ST-06,2026-08-09,06:00,17:15
S101035,E1024,ST-01,2026-08-09,08:15,15:30
S101082,E1025,ST-02,2026-08-09,08:00,21:30
S101120,E1026,ST-05,2026-08-09,07:00,14:15
S101171,E1027,ST-06,2026-08-09,09:15,20:30
S101214,E1028,ST-01,2026-08-09,08:15,15:15
S101267,E1029,ST-04,2026-08-09,09:00,13:00
S101361,E1031,ST-05,2026-08-09,09:00,22:30
S101414,E1032,ST-01,2026-08-09,06:15,11:30
S101463,E1033,ST-01,2026-08-09,07:00,14:15
S101507,E1034,ST-02,2026-08-09,06:15,17:15
S101684,E1039,ST-04,2026-08-09,08:30,14:00
S101734,E1040,ST-03,2026-08-09,09:00,17:15
S101777,E1041,ST-03,2026-08-09,06:00,19:30
S101819,E1042,ST-03,2026-08-09,08:00,15:45
S101966,E1045,ST-05,2026-08-09,09:00,19:45
S102012,E1046,ST-03,2026-08-09,06:30,10:30
S102053,E1047,ST-06,2026-08-09,07:00,16:15
S102101,E1048,ST-01,2026-08-09,09:15,15:00
S102149,E1049,ST-01,2026-08-09,09:30,23:00
S102185,E1050,ST-01,2026-08-09,08:00,21:30
S102235,E1051,ST-06,2026-08-09,06:00,10:00
S102451,E1056,ST-03,2026-08-09,08:00,14:15
S102496,E1057,ST-01,2026-08-09,08:00,21:30
S102639,E1060,ST-02,2026-08-09,08:00,17:30
S102694,E1061,ST-01,2026-08-09,09:00,21:00
S102738,E1062,ST-05,2026-08-09,08:00,20:15
S102786,E1063,ST-05,2026-08-09,06:15,
S102829,E1064,ST-04,2026-08-09,08:30,22:00
S102867,E1065,ST-03,2026-08-09,20:00,03:00
S103005,E1068,ST-01,2026-08-09,08:00,21:30
S103082,E1070,ST-05,2026-08-09,19:00,03:30
S103131,E1071,ST-02,2026-08-09,09:00,15:00
S103171,E1072,ST-06,2026-08-09,08:00,
S103319,E1075,ST-06,2026-08-09,07:00,14:30
S103369,E1076,ST-03,2026-08-09,08:00,13:45
S103412,E1077,ST-04,2026-08-09,20:00,06:00
S103449,E1078,ST-03,2026-08-09,19:00,08:30
S103496,E1079,ST-05,2026-08-09,08:15,14:00
S103573,E1081,ST-04,2026-08-09,18:00,02:45
S103613,E1082,ST-04,2026-08-09,08:00,15:45
S103650,E1083,ST-05,2026-08-09,18:30,00:45
S103742,E1085,ST-04,2026-08-09,08:00,14:45
S103789,E1086,ST-03,2026-08-09,20:00,05:45
S103831,E1087,ST-02,2026-08-09,06:00,15:45
S103935,E1089,ST-02,2026-08-09,06:00,11:00
S104039,E1092,ST-04,2026-08-09,09:00,17:00
S104129,E1094,ST-04,2026-08-09,18:30,02:30
S104176,E1095,ST-03,2026-08-09,06:15,16:45
S104291,E1097,ST-02,2026-08-09,08:00,15:30
S104343,E1099,ST-02,2026-08-09,18:15,06:00
S104396,E1100,ST-06,2026-08-09,08:30,16:30
S104433,E1101,ST-06,2026-08-09,07:00,20:30
S104474,E1102,ST-04,2026-08-09,07:15,15:45
S104565,E1104,ST-02,2026-08-09,06:15,19:00
S104617,E1105,ST-04,2026-08-09,06:30,11:30
S104707,E1107,ST-04,2026-08-09,08:00,13:00
S104757,E1108,ST-06,2026-08-09,08:15,21:00
S104844,E1110,ST-06,2026-08-09,06:00,16:00
S104979,E1113,ST-02,2026-08-09,06:30,16:45
S105071,E1115,ST-06,2026-08-09,06:00,17:15
S105197,E1118,ST-03,2026-08-09,08:00,19:45
S105251,E1119,ST-02,2026-08-09,08:15,15:15
S105306,E1120,ST-01,2026-08-09,06:00,19:00
S105406,E1122,ST-03,2026-08-09,09:00,22:30
S105505,E1124,ST-04,2026-08-09,08:00,15:30
S105555,E1125,ST-05,2026-08-09,07:00,12:45
S105617,E1127,ST-04,2026-08-09,06:00,10:45
S105700,E1129,ST-04,2026-08-09,08:15,18:30
S105799,E1131,ST-01,2026-08-09,08:15,21:45
S105844,E1132,ST-02,2026-08-09,20:00,09:30
S105891,E1133,ST-01,2026-08-09,06:15,19:45
S106123,E1138,ST-01,2026-08-09,19:00,08:30
S106241,E1141,ST-01,2026-08-09,07:30,15:45
S106280,E1142,ST-03,2026-08-09,07:00,20:30
S106321,E1143,ST-02,2026-08-09,06:00,19:00
S106363,E1144,ST-06,2026-08-09,07:00,20:30
S106397,E1145,ST-03,2026-08-09,19:30,09:00
S106431,E1146,ST-04,2026-08-09,19:00,08:30
S106468,E1147,ST-01,2026-08-09,09:00,15:15
S106509,E1148,ST-01,2026-08-09,06:30,14:30
S106678,E1152,ST-06,2026-08-09,06:00,15:00
S106728,E1153,ST-02,2026-08-09,06:00,18:15
S106778,E1154,ST-04,2026-08-09,08:30,14:15
S106867,E1156,ST-04,2026-08-09,08:00,13:30
S106994,E1159,ST-06,2026-08-09,18:00,01:45
S107034,E1160,ST-01,2026-08-09,08:15,18:15
S107123,E1162,ST-03,2026-08-09,08:30,22:00
S107175,E1163,ST-01,2026-08-09,09:15,19:45
S107321,E1166,ST-06,2026-08-09,08:30,22:00
S107360,E1167,ST-02,2026-08-09,09:00,18:00
S107454,E1169,ST-05,2026-08-09,08:00,13:45
S107498,E1170,ST-05,2026-08-09,08:00,19:45
S107547,E1171,ST-02,2026-08-09,09:15,16:00
S107592,E1172,ST-04,2026-08-09,08:00,17:30
S107640,E1173,ST-05,2026-08-09,06:30,13:00
S107690,E1174,ST-01,2026-08-09,08:30,17:00
S107816,E1177,ST-02,2026-08-09,06:00,17:30
S107867,E1178,ST-03,2026-08-09,08:15,21:45
S108026,E1182,ST-05,2026-08-09,19:00,08:30
S108066,E1183,ST-06,2026-08-09,20:00,
S108197,E1186,ST-05,2026-08-09,08:00,21:30
S108248,E1187,ST-04,2026-08-09,08:30,18:30
S108289,E1188,ST-02,2026-08-09,08:30,14:00
S108338,E1189,ST-03,2026-08-09,09:00,17:45
S108379,E1190,ST-05,2026-08-09,09:15,19:00
S108431,E1191,ST-01,2026-08-09,07:00,12:45
S108468,E1192,ST-05,2026-08-09,06:00,19:30
S108530,E1194,ST-01,2026-08-09,08:30,17:15
S108579,E1195,ST-04,2026-08-09,06:00,12:00
S108616,E1196,ST-04,2026-08-09,19:15,
S108821,E1200,ST-04,2026-08-09,08:00,16:45
S108900,E1202,ST-06,2026-08-09,18:00,01:15
S108945,E1203,ST-03,2026-08-09,08:00,12:45
S109235,E1209,ST-05,2026-08-09,08:00,14:15
S109313,E1211,ST-01,2026-08-09,06:00,19:30
S109355,E1212,ST-06,2026-08-09,20:00,06:15
S109397,E1213,ST-03,2026-08-09,06:30,18:15
S100043,E1001,ST-01,2026-08-10,06:00,15:15
S100098,E1002,ST-02,2026-08-10,06:00,14:15
S100145,E1003,ST-03,2026-08-10,06:00,13:45
S100187,E1004,ST-03,2026-08-10,18:00,06:30
S100239,E1005,ST-05,2026-08-10,07:00,16:15
S100280,E1006,ST-04,2026-08-10,08:30,20:30
S100315,E1007,ST-06,2026-08-10,06:30,18:45
S100351,E1008,ST-03,2026-08-10,07:15,19:45
S100444,E1010,ST-01,2026-08-10,09:15,18:30
S100531,E1012,ST-04,2026-08-10,08:00,18:00
S100570,E1013,ST-04,2026-08-10,07:00,17:45
S100604,E1014,ST-03,2026-08-10,09:30,21:30
S100650,E1015,ST-05,2026-08-10,06:15,16:30
S100701,E1016,ST-04,2026-08-10,07:15,17:45
S100737,E1017,ST-05,2026-08-10,06:00,17:15
S100777,E1018,ST-01,2026-08-10,06:00,16:00
S100900,E1021,ST-04,2026-08-10,07:15,19:00
S100943,E1022,ST-06,2026-08-10,07:30,17:00
S100988,E1023,ST-01,2026-08-10,08:00,18:00
S101036,E1024,ST-01,2026-08-10,06:15,15:00
S101083,E1025,ST-02,2026-08-10,08:00,18:30
S101172,E1027,ST-06,2026-08-10,08:00,16:45
S101362,E1031,ST-05,2026-08-10,08:15,18:15
S101415,E1032,ST-01,2026-08-10,08:00,17:30
S101508,E1034,ST-02,2026-08-10,06:00,16:00
S101566,E1035,ST-01,2026-08-10,09:15,21:45
S101629,E1038,ST-06,2026-08-10,07:15,20:00
S101685,E1039,ST-04,2026-08-10,06:30,15:15
S101735,E1040,ST-03,2026-08-10,08:00,18:15
S101820,E1042,ST-03,2026-08-10,08:15,20:45
S101869,E1043,ST-03,2026-08-10,07:00,16:45
S101912,E1044,ST-02,2026-08-10,18:30,06:30
S101967,E1045,ST-05,2026-08-10,07:00,16:30
S102054,E1047,ST-06,2026-08-10,09:30,19:00
S102102,E1048,ST-01,2026-08-10,06:15,15:45
S102186,E1050,ST-01,2026-08-10,08:00,20:15
S102236,E1051,ST-06,2026-08-10,08:30,17:30
S102282,E1052,ST-01,2026-08-10,08:30,18:30
S102361,E1054,ST-03,2026-08-10,07:00,16:00
S102497,E1057,ST-01,2026-08-10,07:00,17:30
S102544,E1058,ST-04,2026-08-10,06:00,16:00
S102595,E1059,ST-05,2026-08-10,09:15,18:00
S102640,E1060,ST-02,2026-08-10,09:15,18:45
S102695,E1061,ST-01,2026-08-10,08:30,18:00
S102739,E1062,ST-05,2026-08-10,09:00,17:30
S102787,E1063,ST-05,2026-08-10,08:15,17:30
S102868,E1065,ST-03,2026-08-10,18:00,06:45
S102911,E1066,ST-05,2026-08-10,08:15,18:00
S102958,E1067,ST-06,2026-08-10,08:00,17:30
S103006,E1068,ST-01,2026-08-10,08:15,17:45
S103044,E1069,ST-05,2026-08-10,06:00,18:30
S103132,E1071,ST-02,2026-08-10,09:30,19:00
S103172,E1072,ST-06,2026-08-10,06:00,16:00
S103218,E1073,ST-01,2026-08-10,06:00,15:30
S103269,E1074,ST-05,2026-08-10,08:00,17:15
S103320,E1075,ST-06,2026-08-10,06:00,16:00
S103574,E1081,ST-04,2026-08-10,18:00,04:45
S103614,E1082,ST-04,2026-08-10,06:00,18:15
S103651,E1083,ST-05,2026-08-10,20:30,07:00
S103691,E1084,ST-03,2026-08-10,08:00,19:00
S103790,E1086,ST-03,2026-08-10,19:00,07:00
S103832,E1087,ST-02,2026-08-10,09:00,21:00
S103936,E1089,ST-02,2026-08-10,09:00,18:15
S104001,E1091,ST-06,2026-08-10,06:00,16:15
S104087,E1093,ST-02,2026-08-10,07:00,16:15
S104179,E1095,ST-03,2026-08-10,09:00,17:30
S104232,E1096,ST-02,2026-08-10,08:00,16:30
S104299,E1098,ST-03,2026-08-10,06:15,17:00
S104344,E1099,ST-02,2026-08-10,20:15,08:30
S104348,E1099,ST-06,2026-08-10,18:00,22:00
S104566,E1104,ST-02,2026-08-10,06:00,16:00
S104570,E1104,ST-06,2026-08-10,08:00,12:00
S104618,E1105,ST-04,2026-08-10,08:30,17:15
S104660,E1106,ST-03,2026-08-10,07:15,18:45
S104708,E1107,ST-04,2026-08-10,06:15,14:45
S104758,E1108,ST-06,2026-08-10,08:15,17:15
S104845,E1110,ST-06,2026-08-10,06:00,15:45
S104894,E1111,ST-05,2026-08-10,06:00,16:00
S104930,E1112,ST-05,2026-08-10,07:15,18:45
S104980,E1113,ST-02,2026-08-10,08:00,16:45
S105115,E1116,ST-02,2026-08-10,08:00,19:45
S105157,E1117,ST-03,2026-08-10,07:30,18:15
S105198,E1118,ST-03,2026-08-10,07:15,16:30
S105252,E1119,ST-02,2026-08-10,08:00,17:00
S105307,E1120,ST-01,2026-08-10,08:30,17:30
S105350,E1121,ST-03,2026-08-10,19:30,07:45
S105407,E1122,ST-03,2026-08-10,07:15,16:15
S105506,E1124,ST-04,2026-08-10,08:00,17:30
S105556,E1125,ST-05,2026-08-10,06:00,14:30
S105618,E1126,ST-06,2026-08-10,06:15,15:30
S105621,E1127,ST-04,2026-08-10,08:00,18:00
S105754,E1130,ST-02,2026-08-10,08:00,17:15
S105845,E1132,ST-02,2026-08-10,20:15,08:15
S105892,E1133,ST-01,2026-08-10,06:00,14:30
S105937,E1134,ST-04,2026-08-10,08:15,17:15
S105991,E1135,ST-05,2026-08-10,06:15,15:00
S106036,E1136,ST-03,2026-08-10,06:00,14:30
S106124,E1138,ST-01,2026-08-10,20:15,07:45
S106205,E1140,ST-04,2026-08-10,07:15,15:30
S106209,E1140,ST-01,2026-08-10,08:15,12:15
S106281,E1142,ST-03,2026-08-10,08:15,20:30
S106322,E1143,ST-02,2026-08-10,07:15,16:00
S106547,E1149,ST-05,2026-08-10,09:00,20:45
S106639,E1151,ST-04,2026-08-10,07:00,16:30
S106679,E1152,ST-06,2026-08-10,09:00,21:30
S106683,E1152,ST-01,2026-08-10,06:15,10:15
S106731,E1153,ST-02,2026-08-10,06:15,15:15
S106779,E1154,ST-04,2026-08-10,07:30,16:45
S106868,E1156,ST-04,2026-08-10,07:00,16:15
S106954,E1158,ST-04,2026-08-10,08:00,17:00
S106995,E1159,ST-06,2026-08-10,18:00,05:45
S107035,E1160,ST-01,2026-08-10,08:00,17:45
S107079,E1161,ST-05,2026-08-10,09:15,
S107124,E1162,ST-03,2026-08-10,06:15,16:00
S107176,E1163,ST-01,2026-08-10,07:00,15:45
S107226,E1164,ST-04,2026-08-10,09:30,19:15
S107276,E1165,ST-05,2026-08-10,08:00,17:15
S107322,E1166,ST-06,2026-08-10,08:00,19:30
S107405,E1168,ST-04,2026-08-10,08:00,17:45
S107455,E1169,ST-05,2026-08-10,08:15,17:00
S107548,E1171,ST-02,2026-08-10,06:00,17:30
S107593,E1172,ST-04,2026-08-10,06:30,16:15
S107641,E1173,ST-05,2026-08-10,08:30,18:00
S107733,E1175,ST-03,2026-08-10,09:00,22:00
S107817,E1177,ST-02,2026-08-10,07:00,16:15
S107868,E1178,ST-03,2026-08-10,06:00,15:00
S107989,E1181,ST-04,2026-08-10,18:00,05:15
S108069,E1183,ST-06,2026-08-10,19:00,08:00
S108117,E1184,ST-06,2026-08-10,20:00,06:45
S108165,E1185,ST-04,2026-08-10,07:00,16:45
S108198,E1186,ST-05,2026-08-10,07:00,19:45
S108290,E1188,ST-02,2026-08-10,06:00,17:30
S108469,E1192,ST-05,2026-08-10,09:00,20:30
S108534,E1194,ST-01,2026-08-10,08:30,18:15
S108580,E1195,ST-04,2026-08-10,06:15,16:30
S108666,E1197,ST-02,2026-08-10,06:00,15:45
S108723,E1198,ST-04,2026-08-10,08:00,17:30
S108776,E1199,ST-05,2026-08-10,09:00,18:45
S108901,E1202,ST-06,2026-08-10,20:00,08:45
S108946,E1203,ST-03,2026-08-10,07:30,16:15
S108996,E1204,ST-02,2026-08-10,08:00,17:15
S109048,E1205,ST-02,2026-08-10,09:00,18:00
S109095,E1206,ST-03,2026-08-10,06:00,15:30
S109138,E1207,ST-02,2026-08-10,08:30,18:30
S109236,E1209,ST-05,2026-08-10,09:15,19:15
S109280,E1210,ST-03,2026-08-10,08:00,17:30
S109314,E1211,ST-01,2026-08-10,08:00,20:15
S100044,E1001,ST-01,2026-08-11,06:00,14:30
S100099,E1002,ST-02,2026-08-11,06:00,15:30
S100146,E1003,ST-03,2026-08-11,06:30,15:15
S100188,E1004,ST-03,2026-08-11,18:30,06:30
S100240,E1005,ST-05,2026-08-11,08:00,16:45
S100281,E1006,ST-04,2026-08-11,06:00,17:30
S100445,E1010,ST-01,2026-08-11,08:00,17:00
S100487,E1011,ST-01,2026-08-11,06:00,14:45
S100571,E1013,ST-04,2026-08-11,07:15,19:45
S100651,E1015,ST-05,2026-08-11,08:15,18:30
S100702,E1016,ST-04,2026-08-11,08:00,18:00
S100738,E1017,ST-05,2026-08-11,08:00,20:30
S100822,E1019,ST-05,2026-08-11,07:00,16:30
S100863,E1020,ST-03,2026-08-11,09:00,17:00
S101121,E1026,ST-05,2026-08-11,08:00,19:45
S101173,E1027,ST-06,2026-08-11,06:15,16:00
S101268,E1029,ST-04,2026-08-11,06:00,15:45
S101316,E1030,ST-03,2026-08-11,08:00,17:00
S101363,E1031,ST-05,2026-08-11,06:00,16:00
S101416,E1032,ST-01,2026-08-11,07:15,16:45
S101569,E1036,ST-03,2026-08-11,06:00,19:00
S101599,E1037,ST-03,2026-08-11,20:00,08:15
S101630,E1038,ST-06,2026-08-11,09:30,21:30
S101686,E1039,ST-04,2026-08-11,09:00,17:00
S101778,E1041,ST-03,2026-08-11,09:15,19:30
S101821,E1042,ST-03,2026-08-11,09:00,20:45
S101870,E1043,ST-03,2026-08-11,09:00,17:45
S101913,E1044,ST-02,2026-08-11,18:30,07:30
S101968,E1045,ST-05,2026-08-11,09:00,18:30
S102013,E1046,ST-03,2026-08-11,07:00,15:45
S102055,E1047,ST-06,2026-08-11,06:00,16:15
S102103,E1048,ST-01,2026-08-11,08:30,17:00
S102150,E1049,ST-01,2026-08-11,07:00,16:30
S102187,E1050,ST-01,2026-08-11,06:00,18:00
S102237,E1051,ST-06,2026-08-11,08:00,16:30
S102283,E1052,ST-01,2026-08-11,06:15,16:30
S102317,E1053,ST-01,2026-08-11,19:00,07:30
S102362,E1054,ST-03,2026-08-11,07:00,14:45
S102400,E1055,ST-06,2026-08-11,18:00,05:30
S102452,E1056,ST-03,2026-08-11,08:00,18:15
S102545,E1058,ST-04,2026-08-11,07:15,16:45
S102596,E1059,ST-05,2026-08-11,07:15,16:00
S102641,E1060,ST-02,2026-08-11,08:00,17:30
S102696,E1061,ST-01,2026-08-11,06:00,14:45
S102788,E1063,ST-05,2026-08-11,06:00,15:00
S102869,E1065,ST-03,2026-08-11,18:00,06:15
S102912,E1066,ST-05,2026-08-11,08:30,16:45
S102959,E1067,ST-06,2026-08-11,08:30,17:00
S103007,E1068,ST-01,2026-08-11,06:15,15:00
S103045,E1069,ST-05,2026-08-11,06:00,18:00
S103173,E1072,ST-06,2026-08-11,08:00,17:45
S103270,E1074,ST-05,2026-08-11,07:00,16:30
S103321,E1075,ST-06,2026-08-11,07:00,14:30
S103370,E1076,ST-03,2026-08-11,07:00,16:30
S103413,E1077,ST-04,2026-08-11,18:15,06:30
S103450,E1078,ST-03,2026-08-11,19:00,08:00
S103497,E1079,ST-05,2026-08-11,07:00,17:30
S103542,E1080,ST-04,2026-08-11,08:15,17:45
S103577,E1081,ST-01,2026-08-11,19:00,23:00
S103615,E1082,ST-04,2026-08-11,06:00,18:00
S103692,E1084,ST-03,2026-08-11,08:00,19:45
S103743,E1085,ST-04,2026-08-11,09:15,18:15
S103833,E1087,ST-02,2026-08-11,07:30,19:00
S103887,E1088,ST-05,2026-08-11,08:30,17:00
S103937,E1089,ST-02,2026-08-11,07:00,17:00
S104043,E1092,ST-04,2026-08-11,06:15,16:45
S104180,E1095,ST-03,2026-08-11,06:00,14:30
S104233,E1096,ST-02,2026-08-11,09:00,18:30
S104295,E1097,ST-02,2026-08-11,09:00,18:15
S104345,E1099,ST-02,2026-08-11,20:00,08:45
S104397,E1100,ST-06,2026-08-11,08:00,17:45
S104401,E1100,ST-05,2026-08-11,08:00,12:00
S104567,E1104,ST-02,2026-08-11,09:00,18:45
S104619,E1105,ST-04,2026-08-11,08:30,18:15
S104661,E1106,ST-03,2026-08-11,08:00,19:45
S104709,E1107,ST-04,2026-08-11,07:00,15:15
S104759,E1108,ST-06,2026-08-11,06:15,16:15
S104804,E1109,ST-05,2026-08-11,07:00,17:00
S104846,E1110,ST-06,2026-08-11,06:30,14:45
S105072,E1115,ST-06,2026-08-11,08:00,17:30
S105199,E1118,ST-03,2026-08-11,08:30,18:30
S105308,E1120,ST-01,2026-08-11,06:00,15:45
S105351,E1121,ST-03,2026-08-11,19:00,05:45
S105408,E1122,ST-03,2026-08-11,06:15,15:45
S105459,E1123,ST-01,2026-08-11,08:00,18:15
S105507,E1124,ST-04,2026-08-11,08:00,17:30
S105557,E1125,ST-05,2026-08-11,09:00,17:00
S105701,E1129,ST-04,2026-08-11,09:30,17:30
S105755,E1130,ST-02,2026-08-11,06:00,15:45
S105800,E1131,ST-01,2026-08-11,06:00,17:30
S105893,E1133,ST-01,2026-08-11,08:00,16:45
S105992,E1135,ST-05,2026-08-11,06:00,15:45
S106037,E1136,ST-03,2026-08-11,09:00,18:30
S106125,E1138,ST-01,2026-08-11,18:15,06:30
S106206,E1140,ST-04,2026-08-11,06:00,15:15
S106242,E1141,ST-01,2026-08-11,07:00,19:00
S106282,E1142,ST-03,2026-08-11,06:15,18:30
S106323,E1143,ST-02,2026-08-11,09:00,18:15
S106325,E1143,ST-01,2026-08-11,09:00,13:00
S106364,E1144,ST-06,2026-08-11,09:00,17:45
S106432,E1146,ST-04,2026-08-11,20:00,09:00
S106469,E1147,ST-01,2026-08-11,08:30,20:30
S106510,E1148,ST-01,2026-08-11,08:00,16:15
S106588,E1150,ST-06,2026-08-11,18:00,05:30
S106640,E1151,ST-04,2026-08-11,07:15,16:00
S106732,E1153,ST-02,2026-08-11,08:00,17:15
S106869,E1156,ST-04,2026-08-11,08:00,15:45
S107125,E1162,ST-03,2026-08-11,07:00,16:45
S107177,E1163,ST-01,2026-08-11,06:00,14:45
S107227,E1164,ST-04,2026-08-11,09:30,18:15
S107323,E1166,ST-06,2026-08-11,08:30,19:00
S107361,E1167,ST-02,2026-08-11,08:00,19:15
S107406,E1168,ST-04,2026-08-11,07:15,16:15
S107594,E1172,ST-04,2026-08-11,08:00,18:00
S107642,E1173,ST-05,2026-08-11,06:00,14:45
S107691,E1174,ST-01,2026-08-11,06:00,14:45
S107774,E1176,ST-06,2026-08-11,18:00,05:30
S107818,E1177,ST-02,2026-08-11,09:00,18:30
S107869,E1178,ST-03,2026-08-11,08:15,17:15
S107907,E1179,ST-05,2026-08-11,08:00,20:15
S107955,E1180,ST-06,2026-08-11,09:30,17:45
S107990,E1181,ST-04,2026-08-11,20:15,09:15
S108027,E1182,ST-05,2026-08-11,19:00,
S108070,E1183,ST-06,2026-08-11,20:15,08:30
S108118,E1184,ST-06,2026-08-11,20:00,08:15
S108339,E1189,ST-03,2026-08-11,06:15,15:15
S108380,E1190,ST-05,2026-08-11,06:00,16:45
S108470,E1192,ST-05,2026-08-11,08:30,20:15
S108531,E1193,ST-03,2026-08-11,06:00,15:15
S108581,E1195,ST-04,2026-08-11,09:15,18:30
S108667,E1197,ST-02,2026-08-11,06:00,14:45
S108777,E1199,ST-05,2026-08-11,08:00,17:45
S108863,E1201,ST-06,2026-08-11,06:00,18:45
S109096,E1206,ST-03,2026-08-11,07:00,16:15
S109139,E1207,ST-02,2026-08-11,08:30,18:30
S109190,E1208,ST-01,2026-08-11,06:30,15:45
S109237,E1209,ST-05,2026-08-11,06:15,15:45
S109281,E1210,ST-03,2026-08-11,07:00,16:15
S109315,E1211,ST-01,2026-08-11,08:15,19:00
S109398,E1213,ST-03,2026-08-11,08:30,17:45
S109402,E1213,ST-04,2026-08-11,09:00,13:00
S100045,E1001,ST-01,2026-08-12,06:15,14:15
S100147,E1003,ST-03,2026-08-12,08:00,17:00
S100241,E1005,ST-05,2026-08-12,08:00,17:00
S100446,E1010,ST-01,2026-08-12,09:00,18:00
S100488,E1011,ST-01,2026-08-12,09:15,18:30
S100532,E1012,ST-04,2026-08-12,06:15,15:30
S100652,E1015,ST-05,2026-08-12,08:00,18:30
S100703,E1016,ST-04,2026-08-12,06:15,15:15
S100739,E1017,ST-05,2026-08-12,07:00,18:45
S100778,E1018,ST-01,2026-08-12,08:00,18:45
S100864,E1020,ST-03,2026-08-12,08:00,17:30
S100944,E1022,ST-06,2026-08-12,09:15,19:15
S101084,E1025,ST-02,2026-08-12,07:30,16:45
S101122,E1026,ST-05,2026-08-12,07:00,18:30
S101215,E1028,ST-01,2026-08-12,06:15,16:00
S101269,E1029,ST-04,2026-08-12,06:30,16:00
S101317,E1030,ST-03,2026-08-12,08:15,17:45
S101364,E1031,ST-05,2026-08-12,07:30,17:30
S101417,E1032,ST-01,2026-08-12,08:30,16:45
S101464,E1033,ST-01,2026-08-12,06:30,16:15
S101570,E1036,ST-03,2026-08-12,08:00,17:00
S101631,E1038,ST-06,2026-08-12,07:00,17:00
S101687,E1039,ST-04,2026-08-12,08:00,16:45
S101736,E1040,ST-03,2026-08-12,06:15,15:45
S101779,E1041,ST-03,2026-08-12,08:30,18:15
S101822,E1042,ST-03,2026-08-12,08:00,20:00
S101914,E1044,ST-02,2026-08-12,18:00,05:00
S101969,E1045,ST-05,2026-08-12,08:15,17:15
S102014,E1046,ST-03,2026-08-12,08:00,17:30
S102056,E1047,ST-06,2026-08-12,07:00,17:00
S102104,E1048,ST-01,2026-08-12,07:15,16:45
S102151,E1049,ST-01,2026-08-12,08:30,17:45
S102188,E1050,ST-01,2026-08-12,06:00,18:00
S102238,E1051,ST-06,2026-08-12,09:00,17:45
S102363,E1054,ST-03,2026-08-12,06:00,14:15
S102401,E1055,ST-06,2026-08-12,18:00,07:00
S102453,E1056,ST-03,2026-08-12,07:30,17:15
S102498,E1057,ST-01,2026-08-12,08:15,18:00
S102546,E1058,ST-04,2026-08-12,06:30,15:45
S102597,E1059,ST-05,2026-08-12,06:00,14:15
S102697,E1061,ST-01,2026-08-12,06:00,16:00
S102740,E1062,ST-05,2026-08-12,09:00,19:45
S102789,E1063,ST-05,2026-08-12,08:15,18:45
S102830,E1064,ST-04,2026-08-12,06:00,15:00
S102913,E1066,ST-05,2026-08-12,08:00,18:15
S102960,E1067,ST-06,2026-08-12,07:30,16:45
S103008,E1068,ST-01,2026-08-12,08:15,16:45
S103083,E1070,ST-05,2026-08-12,19:30,06:45
S103219,E1073,ST-01,2026-08-12,08:00,17:45
S103271,E1074,ST-05,2026-08-12,06:00,15:15
S103322,E1075,ST-06,2026-08-12,09:00,18:30
S103744,E1085,ST-04,2026-08-12,08:00,17:15
S103834,E1087,ST-02,2026-08-12,07:00,19:00
S103888,E1088,ST-05,2026-08-12,08:00,16:45
S103938,E1089,ST-02,2026-08-12,07:00,16:45
S103998,E1090,ST-05,2026-08-12,08:00,16:45
S104002,E1091,ST-06,2026-08-12,08:00,17:30
S104044,E1092,ST-04,2026-08-12,07:00,16:15
S104130,E1094,ST-04,2026-08-12,18:15,
S104181,E1095,ST-03,2026-08-12,08:00,16:30
S104300,E1098,ST-03,2026-08-12,07:30,17:00
S104346,E1099,ST-02,2026-08-12,18:30,05:30
S104475,E1102,ST-04,2026-08-12,08:30,16:30
S104520,E1103,ST-06,2026-08-12,07:00,16:45
S104568,E1104,ST-02,2026-08-12,08:00,19:00
S104620,E1105,ST-04,2026-08-12,09:30,19:00
S104662,E1106,ST-03,2026-08-12,08:15,20:15
S104760,E1108,ST-06,2026-08-12,06:00,14:30
S104895,E1111,ST-05,2026-08-12,07:00,16:45
S104898,E1111,ST-06,2026-08-12,06:00,10:00
S104931,E1112,ST-05,2026-08-12,09:30,21:00
S104981,E1113,ST-02,2026-08-12,06:30,15:45
S105026,E1114,ST-01,2026-08-12,09:00,18:00
S105073,E1115,ST-06,2026-08-12,08:00,17:15
S105116,E1116,ST-02,2026-08-12,09:15,21:30
S105158,E1117,ST-03,2026-08-12,09:30,20:15
S105200,E1118,ST-03,2026-08-12,06:00,16:30
S105253,E1119,ST-02,2026-08-12,06:00,15:00
S105309,E1120,ST-01,2026-08-12,08:15,18:00
S105352,E1121,ST-03,2026-08-12,18:30,06:15
S105409,E1122,ST-03,2026-08-12,06:00,15:15
S105460,E1123,ST-01,2026-08-12,08:00,18:45
S105508,E1124,ST-04,2026-08-12,08:15,19:00
S105558,E1125,ST-05,2026-08-12,06:15,15:30
S105619,E1126,ST-06,2026-08-12,06:00,16:15
S105622,E1127,ST-04,2026-08-12,08:00,17:15
S105661,E1128,ST-04,2026-08-12,06:00,18:30
S105756,E1130,ST-02,2026-08-12,06:00,16:00
S105846,E1132,ST-02,2026-08-12,18:30,07:30
S105938,E1134,ST-04,2026-08-12,08:00,18:00
S106038,E1136,ST-03,2026-08-12,06:00,15:00
S106082,E1137,ST-05,2026-08-12,08:15,17:00
S106160,E1139,ST-03,2026-08-12,20:15,07:30
S106210,E1140,ST-01,2026-08-12,09:15,13:15
S106243,E1141,ST-01,2026-08-12,08:00,19:45
S106283,E1142,ST-03,2026-08-12,07:15,19:45
S106326,E1143,ST-01,2026-08-12,08:00,12:00
S106433,E1146,ST-04,2026-08-12,20:00,08:15
S106511,E1148,ST-01,2026-08-12,07:00,16:15
S106641,E1151,ST-04,2026-08-12,06:30,14:45
S106680,E1152,ST-06,2026-08-12,07:00,19:15
S106733,E1153,ST-02,2026-08-12,08:00,18:00
S106820,E1155,ST-03,2026-08-12,07:30,19:30
S106870,E1156,ST-04,2026-08-12,06:00,15:45
S106955,E1158,ST-04,2026-08-12,08:00,17:45
S107036,E1160,ST-01,2026-08-12,06:00,15:30
S107080,E1161,ST-05,2026-08-12,09:00,21:30
S107126,E1162,ST-03,2026-08-12,06:00,15:45
S107178,E1163,ST-01,2026-08-12,06:00,15:15
S107228,E1164,ST-04,2026-08-12,09:00,17:45
S107277,E1165,ST-05,2026-08-12,06:30,15:15
S107362,E1167,ST-02,2026-08-12,06:15,18:45
S107407,E1168,ST-04,2026-08-12,07:30,18:15
S107456,E1169,ST-05,2026-08-12,06:00,14:45
S107549,E1171,ST-02,2026-08-12,09:00,19:45
S107595,E1172,ST-04,2026-08-12,06:00,15:30
S107870,E1178,ST-03,2026-08-12,06:15,15:30
S107956,E1180,ST-06,2026-08-12,07:00,15:30
S107991,E1181,ST-04,2026-08-12,19:30,07:15
S108071,E1183,ST-06,2026-08-12,18:00,05:15
S108166,E1185,ST-04,2026-08-12,07:15,16:45
S108199,E1186,ST-05,2026-08-12,08:30,21:15
S108249,E1187,ST-04,2026-08-12,08:00,17:15
S108291,E1188,ST-02,2026-08-12,06:00,18:30
S108340,E1189,ST-03,2026-08-12,06:00,14:45
S108432,E1191,ST-01,2026-08-12,06:30,15:45
S108535,E1194,ST-01,2026-08-12,06:30,15:45
S108668,E1197,ST-02,2026-08-12,06:15,15:15
S108724,E1198,ST-04,2026-08-12,09:30,19:00
S108825,E1200,ST-04,2026-08-12,08:00,18:15
S108864,E1201,ST-06,2026-08-12,08:30,20:00
S108902,E1202,ST-06,2026-08-12,19:30,08:15
S108904,E1202,ST-01,2026-08-12,18:00,22:00
S108947,E1203,ST-03,2026-08-12,06:00,15:00
S109049,E1205,ST-02,2026-08-12,06:30,15:30
S109191,E1208,ST-01,2026-08-12,06:30,14:30
S109238,E1209,ST-05,2026-08-12,09:00,17:45
S109282,E1210,ST-03,2026-08-12,07:00,16:15
S109316,E1211,ST-01,2026-08-12,07:00,20:00
S109356,E1212,ST-06,2026-08-12,18:30,07:30
S109399,E1213,ST-03,2026-08-12,06:00,15:30
S109403,E1213,ST-04,2026-08-12,07:00,11:00
